DateTime,BC_Inflow_cms,BC_Temp_C
07/01/2013 0:00,1.5,10.944
07/01/2013 1:00,1.5,10.748
07/01/2013 2:00,1.5,10.553
07/01/2013 3:00,1.5,10.357
07/01/2013 4:00,1.5,10.161
07/01/2013 5:00,1.5,9.965
07/01/2013 6:00,1.5,9.866
07/01/2013 7:00,1.5,9.965
07/01/2013 8:00,1.5,10.259
07/01/2013 9:00,1.5,10.748
07/01/2013 10:00,1.5,11.139
07/01/2013 11:00,1.5,11.625
07/01/2013 12:00,1.5,12.013
07/01/2013 13:00,1.5,12.594
07/01/2013 14:00,1.5,13.076
07/01/2013 15:00,1.5,13.461
07/01/2013 16:00,1.5,13.461
07/01/2013 17:00,1.5,13.558
07/01/2013 18:00,1.5,13.75
07/01/2013 19:00,1.5,13.558
07/01/2013 20:00,1.5,13.269
07/01/2013 21:00,1.5,12.787
07/01/2013 22:00,1.5,12.401
07/01/2013 23:00,1.5,12.013
07/02/2013 0:00,1.5,11.819
07/02/2013 1:00,1.5,11.528
07/02/2013 2:00,1.5,11.334
07/02/2013 3:00,1.5,11.139
07/02/2013 4:00,1.5,10.944
07/02/2013 5:00,1.5,10.846
07/02/2013 6:00,1.5,10.748
07/02/2013 7:00,1.5,10.748
07/02/2013 8:00,1.5,11.041
07/02/2013 9:00,1.5,11.431
07/02/2013 10:00,1.5,12.11
07/02/2013 11:00,1.5,12.98
07/02/2013 12:00,1.5,13.654
07/02/2013 13:00,1.5,14.325
07/02/2013 14:00,1.5,14.613
07/02/2013 15:00,1.5,14.517
07/02/2013 16:00,1.5,14.038
07/02/2013 17:00,1.5,13.846
07/02/2013 18:00,1.5,12.594
07/02/2013 19:00,1.5,12.594
07/02/2013 20:00,1.5,12.401
07/02/2013 21:00,1.5,12.304
07/02/2013 22:00,1.5,12.207
07/02/2013 23:00,1.5,12.013
07/03/2013 0:00,1.5,11.819
07/03/2013 1:00,1.5,11.625
07/03/2013 2:00,1.5,11.528
07/03/2013 3:00,1.5,11.334
07/03/2013 4:00,1.5,11.139
07/03/2013 5:00,1.5,11.041
07/03/2013 6:00,1.5,11.041
07/03/2013 7:00,1.5,11.041
07/03/2013 8:00,1.5,11.334
07/03/2013 9:00,1.5,11.625
07/03/2013 10:00,1.5,12.207
07/03/2013 11:00,1.5,12.883
07/03/2013 12:00,1.5,13.654
07/03/2013 13:00,1.5,14.23
07/03/2013 14:00,1.5,14.9
07/03/2013 15:00,1.5,15.187
07/03/2013 16:00,1.5,15.473
07/03/2013 17:00,1.5,15.378
07/03/2013 18:00,1.5,15.282
07/03/2013 19:00,1.5,14.9
07/03/2013 20:00,1.5,14.517
07/03/2013 21:00,1.5,13.942
07/03/2013 22:00,1.5,13.558
07/03/2013 23:00,1.5,13.269
07/04/2013 0:00,1.5,12.98
07/04/2013 1:00,1.5,12.69
07/04/2013 2:00,1.5,12.497
07/04/2013 3:00,1.5,12.207
07/04/2013 4:00,1.5,12.11
07/04/2013 5:00,1.5,12.013
07/04/2013 6:00,1.5,12.013
07/04/2013 7:00,1.5,12.013
07/04/2013 8:00,1.5,12.207
07/04/2013 9:00,1.5,12.594
07/04/2013 10:00,1.5,13.173
07/04/2013 11:00,1.5,13.942
07/04/2013 12:00,1.5,14.517
07/04/2013 13:00,1.5,14.996
07/04/2013 14:00,1.5,15.569
07/04/2013 15:00,1.5,15.282
07/04/2013 16:00,1.5,15.091
07/04/2013 17:00,1.5,14.709
07/04/2013 18:00,1.5,14.421
07/04/2013 19:00,1.5,14.23
07/04/2013 20:00,1.5,13.846
07/04/2013 21:00,1.5,13.558
07/04/2013 22:00,1.5,13.173
07/04/2013 23:00,1.5,12.883
07/05/2013 0:00,1.5,12.594
07/05/2013 1:00,1.5,12.401
07/05/2013 2:00,1.5,12.207
07/05/2013 3:00,1.5,12.013
07/05/2013 4:00,1.5,11.916
07/05/2013 5:00,1.5,11.819
07/05/2013 6:00,1.5,11.819
07/05/2013 7:00,1.5,11.916
07/05/2013 8:00,1.5,12.013
07/05/2013 9:00,1.5,12.497
07/05/2013 10:00,1.5,13.173
07/05/2013 11:00,1.5,14.038
07/05/2013 12:00,1.5,14.709
07/05/2013 13:00,1.5,14.804
07/05/2013 14:00,1.5,14.9
07/05/2013 15:00,1.5,15.378
07/05/2013 16:00,1.5,15.569
07/05/2013 17:00,1.5,15.664
07/05/2013 18:00,1.5,15.569
07/05/2013 19:00,1.5,15.378
07/05/2013 20:00,1.5,14.996
07/05/2013 21:00,1.5,14.613
07/05/2013 22:00,1.5,14.134
07/05/2013 23:00,1.5,13.942
07/06/2013 0:00,1.5,13.654
07/06/2013 1:00,1.5,13.461
07/06/2013 2:00,1.5,13.365
07/06/2013 3:00,1.5,13.269
07/06/2013 4:00,1.5,13.173
07/06/2013 5:00,1.5,13.173
07/06/2013 6:00,1.5,13.076
07/06/2013 7:00,1.5,13.076
07/06/2013 8:00,1.5,13.173
07/06/2013 9:00,1.5,13.269
07/06/2013 10:00,1.5,13.461
07/06/2013 11:00,1.5,13.75
07/06/2013 12:00,1.5,14.325
07/06/2013 13:00,1.5,14.804
07/06/2013 14:00,1.5,15.282
07/06/2013 15:00,1.5,15.76
07/06/2013 16:00,1.5,16.046
07/06/2013 17:00,1.5,16.141
07/06/2013 18:00,1.5,16.046
07/06/2013 19:00,1.5,15.76
07/06/2013 20:00,1.5,15.378
07/06/2013 21:00,1.5,14.9
07/06/2013 22:00,1.5,14.421
07/06/2013 23:00,1.5,14.038
07/07/2013 0:00,1.5,13.75
07/07/2013 1:00,1.5,13.461
07/07/2013 2:00,1.5,13.269
07/07/2013 3:00,1.5,13.076
07/07/2013 4:00,1.5,12.883
07/07/2013 5:00,1.5,12.69
07/07/2013 6:00,1.5,12.594
07/07/2013 7:00,1.5,12.69
07/07/2013 8:00,1.5,12.98
07/07/2013 9:00,1.5,13.365
07/07/2013 10:00,1.5,13.846
07/07/2013 11:00,1.5,14.325
07/07/2013 12:00,1.5,14.996
07/07/2013 13:00,1.5,15.282
07/07/2013 14:00,1.5,15.473
07/07/2013 15:00,1.5,15.378
07/07/2013 16:00,1.5,15.282
07/07/2013 17:00,1.5,15.187
07/07/2013 18:00,1.5,14.9
07/07/2013 19:00,1.5,14.709
07/07/2013 20:00,1.5,14.421
07/07/2013 21:00,1.5,14.23
07/07/2013 22:00,1.5,13.846
07/07/2013 23:00,1.5,13.654
07/08/2013 0:00,1.5,13.365
07/08/2013 1:00,1.5,13.173
07/08/2013 2:00,1.5,12.98
07/08/2013 3:00,1.5,12.787
07/08/2013 4:00,1.5,12.69
07/08/2013 5:00,1.5,12.497
07/08/2013 6:00,1.5,12.497
07/08/2013 7:00,1.5,12.497
07/08/2013 8:00,1.5,12.69
07/08/2013 9:00,1.5,13.173
07/08/2013 10:00,1.5,13.654
07/08/2013 11:00,1.5,14.23
07/08/2013 12:00,1.5,14.9
07/08/2013 13:00,1.5,15.378
07/08/2013 14:00,1.5,15.76
07/08/2013 15:00,1.5,15.951
07/08/2013 16:00,1.5,15.855
07/08/2013 17:00,1.5,15.664
07/08/2013 18:00,1.5,15.569
07/08/2013 19:00,1.5,15.473
07/08/2013 20:00,1.5,15.187
07/08/2013 21:00,1.5,14.613
07/08/2013 22:00,1.5,14.134
07/08/2013 23:00,1.5,13.75
07/09/2013 0:00,1.5,13.461
07/09/2013 1:00,1.5,13.173
07/09/2013 2:00,1.5,12.883
07/09/2013 3:00,1.5,12.594
07/09/2013 4:00,1.5,12.401
07/09/2013 5:00,1.5,12.207
07/09/2013 6:00,1.5,12.11
07/09/2013 7:00,1.5,12.11
07/09/2013 8:00,1.5,12.304
07/09/2013 9:00,1.5,12.69
07/09/2013 10:00,1.5,13.269
07/09/2013 11:00,1.5,14.038
07/09/2013 12:00,1.5,14.709
07/09/2013 13:00,1.5,15.187
07/09/2013 14:00,1.5,15.951
07/09/2013 15:00,1.5,16.237
07/09/2013 16:00,1.5,16.332
07/09/2013 17:00,1.5,16.427
07/09/2013 18:00,1.5,16.141
07/09/2013 19:00,1.5,15.855
07/09/2013 20:00,1.5,15.378
07/09/2013 21:00,1.5,14.996
07/09/2013 22:00,1.5,14.709
07/09/2013 23:00,1.5,14.325
07/10/2013 0:00,1.5,14.038
07/10/2013 1:00,1.5,13.75
07/10/2013 2:00,1.5,13.558
07/10/2013 3:00,1.5,13.269
07/10/2013 4:00,1.5,13.076
07/10/2013 5:00,1.5,12.883
07/10/2013 6:00,1.5,12.883
07/10/2013 7:00,1.5,12.883
07/10/2013 8:00,1.5,13.076
07/10/2013 9:00,1.5,13.461
07/10/2013 10:00,1.5,13.846
07/10/2013 11:00,1.5,14.325
07/10/2013 12:00,1.5,14.804
07/10/2013 13:00,1.5,15.473
07/10/2013 14:00,1.5,15.569
07/10/2013 15:00,1.5,15.855
07/10/2013 16:00,1.5,15.951
07/10/2013 17:00,1.5,15.855
07/10/2013 18:00,1.5,15.76
07/10/2013 19:00,1.5,15.378
07/10/2013 20:00,1.5,14.996
07/10/2013 21:00,1.5,14.709
07/10/2013 22:00,1.5,14.325
07/10/2013 23:00,1.5,14.038
07/11/2013 0:00,1.5,13.75
07/11/2013 1:00,1.5,13.461
07/11/2013 2:00,1.5,13.269
07/11/2013 3:00,1.5,12.98
07/11/2013 4:00,1.5,12.787
07/11/2013 5:00,1.5,12.594
07/11/2013 6:00,1.5,12.594
07/11/2013 7:00,1.5,12.594
07/11/2013 8:00,1.5,12.69
07/11/2013 9:00,1.5,12.883
07/11/2013 10:00,1.5,13.173
07/11/2013 11:00,1.5,13.846
07/11/2013 12:00,1.5,13.942
07/11/2013 13:00,1.5,14.134
07/11/2013 14:00,1.5,14.517
07/11/2013 15:00,1.5,14.804
07/11/2013 16:00,1.5,14.804
07/11/2013 17:00,1.5,14.804
07/11/2013 18:00,1.5,14.9
07/11/2013 19:00,1.5,14.804
07/11/2013 20:00,1.5,14.421
07/11/2013 21:00,1.5,13.942
07/11/2013 22:00,1.5,13.461
07/11/2013 23:00,1.5,13.076
07/12/2013 0:00,1.5,12.69
07/12/2013 1:00,1.5,12.401
07/12/2013 2:00,1.5,12.11
07/12/2013 3:00,1.5,11.819
07/12/2013 4:00,1.5,11.625
07/12/2013 5:00,1.5,11.334
07/12/2013 6:00,1.5,11.236
07/12/2013 7:00,1.5,11.236
07/12/2013 8:00,1.5,11.528
07/12/2013 9:00,1.5,11.916
07/12/2013 10:00,1.5,12.304
07/12/2013 11:00,1.5,12.594
07/12/2013 12:00,1.5,13.076
07/12/2013 13:00,1.5,13.654
07/12/2013 14:00,1.5,13.846
07/12/2013 15:00,1.5,14.134
07/12/2013 16:00,1.5,14.421
07/12/2013 17:00,1.5,14.517
07/12/2013 18:00,1.5,14.517
07/12/2013 19:00,1.5,14.23
07/12/2013 20:00,1.5,13.942
07/12/2013 21:00,1.5,13.558
07/12/2013 22:00,1.5,13.269
07/12/2013 23:00,1.5,13.076
07/13/2013 0:00,1.5,12.787
07/13/2013 1:00,1.5,12.594
07/13/2013 2:00,1.5,12.401
07/13/2013 3:00,1.5,12.11
07/13/2013 4:00,1.5,12.013
07/13/2013 5:00,1.5,11.819
07/13/2013 6:00,1.5,11.722
07/13/2013 7:00,1.5,11.625
07/13/2013 8:00,1.5,11.819
07/13/2013 9:00,1.5,12.207
07/13/2013 10:00,1.5,12.787
07/13/2013 11:00,1.5,13.269
07/13/2013 12:00,1.5,13.558
07/13/2013 13:00,1.5,14.038
07/13/2013 14:00,1.5,14.325
07/13/2013 15:00,1.5,14.804
07/13/2013 16:00,1.5,14.9
07/13/2013 17:00,1.5,14.804
07/13/2013 18:00,1.5,14.517
07/13/2013 19:00,1.5,14.23
07/13/2013 20:00,1.5,13.942
07/13/2013 21:00,1.5,13.654
07/13/2013 22:00,1.5,13.269
07/13/2013 23:00,1.5,12.883
07/14/2013 0:00,1.5,12.594
07/14/2013 1:00,1.5,12.401
07/14/2013 2:00,1.5,12.207
07/14/2013 3:00,1.5,12.013
07/14/2013 4:00,1.5,11.819
07/14/2013 5:00,1.5,11.625
07/14/2013 6:00,1.5,11.528
07/14/2013 7:00,1.5,11.528
07/14/2013 8:00,1.5,11.722
07/14/2013 9:00,1.5,12.013
07/14/2013 10:00,1.5,12.304
07/14/2013 11:00,1.5,12.883
07/14/2013 12:00,1.5,12.98
07/14/2013 13:00,1.5,13.269
07/14/2013 14:00,1.5,13.75
07/14/2013 15:00,1.5,14.038
07/14/2013 16:00,1.5,14.421
07/14/2013 17:00,1.5,14.613
07/14/2013 18:00,1.5,14.613
07/14/2013 19:00,1.5,14.517
07/14/2013 20:00,1.5,14.23
07/14/2013 21:00,1.5,13.846
07/14/2013 22:00,1.5,13.269
07/14/2013 23:00,1.5,12.883
07/15/2013 0:00,1.5,12.594
07/15/2013 1:00,1.5,12.304
07/15/2013 2:00,1.5,12.11
07/15/2013 3:00,1.5,11.916
07/15/2013 4:00,1.5,11.819
07/15/2013 5:00,1.5,11.722
07/15/2013 6:00,1.5,11.722
07/15/2013 7:00,1.5,11.722
07/15/2013 8:00,1.5,12.013
07/15/2013 9:00,1.5,12.304
07/15/2013 10:00,1.5,12.69
07/15/2013 11:00,1.5,13.076
07/15/2013 12:00,1.5,13.269
07/15/2013 13:00,1.5,13.365
07/15/2013 14:00,1.5,13.654
07/15/2013 15:00,1.5,13.75
07/15/2013 16:00,1.5,13.942
07/15/2013 17:00,1.5,14.134
07/15/2013 18:00,1.5,14.23
07/15/2013 19:00,1.5,14.134
07/15/2013 20:00,1.5,14.038
07/15/2013 21:00,1.5,13.75
07/15/2013 22:00,1.5,13.461
07/15/2013 23:00,1.5,13.076
07/16/2013 0:00,1.5,12.787
07/16/2013 1:00,1.5,12.594
07/16/2013 2:00,1.5,12.304
07/16/2013 3:00,1.5,12.013
07/16/2013 4:00,1.5,11.722
07/16/2013 5:00,1.5,11.528
07/16/2013 6:00,1.5,11.334
07/16/2013 7:00,1.5,11.431
07/16/2013 8:00,1.5,11.528
07/16/2013 9:00,1.5,11.916
07/16/2013 10:00,1.5,12.497
07/16/2013 11:00,1.5,13.269
07/16/2013 12:00,1.5,13.846
07/16/2013 13:00,1.5,14.325
07/16/2013 14:00,1.5,14.9
07/16/2013 15:00,1.5,15.282
07/16/2013 16:00,1.5,15.569
07/16/2013 17:00,1.5,15.569
07/16/2013 18:00,1.5,15.378
07/16/2013 19:00,1.5,14.996
07/16/2013 20:00,1.5,14.613
07/16/2013 21:00,1.5,14.134
07/16/2013 22:00,1.5,13.75
07/16/2013 23:00,1.5,13.269
07/17/2013 0:00,1.5,12.883
07/17/2013 1:00,1.5,12.594
07/17/2013 2:00,1.5,12.304
07/17/2013 3:00,1.5,12.013
07/17/2013 4:00,1.5,11.819
07/17/2013 5:00,1.5,11.528
07/17/2013 6:00,1.5,11.431
07/17/2013 7:00,1.5,11.528
07/17/2013 8:00,1.5,11.722
07/17/2013 9:00,1.5,12.11
07/17/2013 10:00,1.5,12.69
07/17/2013 11:00,1.5,13.461
07/17/2013 12:00,1.5,14.23
07/17/2013 13:00,1.5,14.9
07/17/2013 14:00,1.5,15.378
07/17/2013 15:00,1.5,15.76
07/17/2013 16:00,1.5,16.141
07/17/2013 17:00,1.5,16.141
07/17/2013 18:00,1.5,16.046
07/17/2013 19:00,1.5,15.76
07/17/2013 20:00,1.5,15.282
07/17/2013 21:00,1.5,14.9
07/17/2013 22:00,1.5,14.421
07/17/2013 23:00,1.5,13.942
07/18/2013 0:00,1.5,13.654
07/18/2013 1:00,1.5,13.269
07/18/2013 2:00,1.5,12.98
07/18/2013 3:00,1.5,12.69
07/18/2013 4:00,1.5,12.497
07/18/2013 5:00,1.5,12.304
07/18/2013 6:00,1.5,12.11
07/18/2013 7:00,1.5,12.207
07/18/2013 8:00,1.5,12.304
07/18/2013 9:00,1.5,12.787
07/18/2013 10:00,1.5,13.365
07/18/2013 11:00,1.5,14.134
07/18/2013 12:00,1.5,14.804
07/18/2013 13:00,1.5,15.091
07/18/2013 14:00,1.5,15.378
07/18/2013 15:00,1.5,15.855
07/18/2013 16:00,1.5,16.237
07/18/2013 17:00,1.5,16.141
07/18/2013 18:00,1.5,16.046
07/18/2013 19:00,1.5,15.76
07/18/2013 20:00,1.5,15.378
07/18/2013 21:00,1.5,14.996
07/18/2013 22:00,1.5,14.613
07/18/2013 23:00,1.5,14.134
07/19/2013 0:00,1.5,13.75
07/19/2013 1:00,1.5,13.461
07/19/2013 2:00,1.5,13.173
07/19/2013 3:00,1.5,12.883
07/19/2013 4:00,1.5,12.69
07/19/2013 5:00,1.5,12.497
07/19/2013 6:00,1.5,12.401
07/19/2013 7:00,1.5,12.401
07/19/2013 8:00,1.5,12.594
07/19/2013 9:00,1.5,12.98
07/19/2013 10:00,1.5,13.558
07/19/2013 11:00,1.5,14.134
07/19/2013 12:00,1.5,14.038
07/19/2013 13:00,1.5,14.517
07/19/2013 14:00,1.5,14.804
07/19/2013 15:00,1.5,15.091
07/19/2013 16:00,1.5,15.187
07/19/2013 17:00,1.5,15.187
07/19/2013 18:00,1.5,15.091
07/19/2013 19:00,1.5,15.091
07/19/2013 20:00,1.5,14.9
07/19/2013 21:00,1.5,14.613
07/19/2013 22:00,1.5,14.325
07/19/2013 23:00,1.5,14.038
07/20/2013 0:00,1.5,13.75
07/20/2013 1:00,1.5,13.461
07/20/2013 2:00,1.5,13.269
07/20/2013 3:00,1.5,13.076
07/20/2013 4:00,1.5,12.883
07/20/2013 5:00,1.5,12.69
07/20/2013 6:00,1.5,12.594
07/20/2013 7:00,1.5,12.594
07/20/2013 8:00,1.5,12.787
07/20/2013 9:00,1.5,13.269
07/20/2013 10:00,1.5,13.846
07/20/2013 11:00,1.5,14.23
07/20/2013 12:00,1.5,14.325
07/20/2013 13:00,1.5,14.613
07/20/2013 14:00,1.5,15.091
07/20/2013 15:00,1.5,15.473
07/20/2013 16:00,1.5,15.473
07/20/2013 17:00,1.5,15.378
07/20/2013 18:00,1.5,15.282
07/20/2013 19:00,1.5,15.091
07/20/2013 20:00,1.5,14.9
07/20/2013 21:00,1.5,14.613
07/20/2013 22:00,1.5,14.325
07/20/2013 23:00,1.5,14.038
07/21/2013 0:00,1.5,13.75
07/21/2013 1:00,1.5,13.558
07/21/2013 2:00,1.5,13.269
07/21/2013 3:00,1.5,13.076
07/21/2013 4:00,1.5,12.883
07/21/2013 5:00,1.5,12.787
07/21/2013 6:00,1.5,12.69
07/21/2013 7:00,1.5,12.69
07/21/2013 8:00,1.5,12.883
07/21/2013 9:00,1.5,13.269
07/21/2013 10:00,1.5,13.846
07/21/2013 11:00,1.5,14.517
07/21/2013 12:00,1.5,15.091
07/21/2013 13:00,1.5,15.76
07/21/2013 14:00,1.5,15.951
07/21/2013 15:00,1.5,16.046
07/21/2013 16:00,1.5,16.523
07/21/2013 17:00,1.5,16.618
07/21/2013 18:00,1.5,16.427
07/21/2013 19:00,1.5,16.141
07/21/2013 20:00,1.5,15.76
07/21/2013 21:00,1.5,15.187
07/21/2013 22:00,1.5,14.709
07/21/2013 23:00,1.5,14.23
07/22/2013 0:00,1.5,13.75
07/22/2013 1:00,1.5,13.365
07/22/2013 2:00,1.5,13.076
07/22/2013 3:00,1.5,12.787
07/22/2013 4:00,1.5,12.497
07/22/2013 5:00,1.5,12.304
07/22/2013 6:00,1.5,12.11
07/22/2013 7:00,1.5,12.013
07/22/2013 8:00,1.5,12.207
07/22/2013 9:00,1.5,12.69
07/22/2013 10:00,1.5,13.365
07/22/2013 11:00,1.5,14.038
07/22/2013 12:00,1.5,14.709
07/22/2013 13:00,1.5,15.282
07/22/2013 14:00,1.5,15.76
07/22/2013 15:00,1.5,16.237
07/22/2013 16:00,1.5,16.618
07/22/2013 17:00,1.5,16.713
07/22/2013 18:00,1.5,16.618
07/22/2013 19:00,1.5,16.427
07/22/2013 20:00,1.5,15.951
07/22/2013 21:00,1.5,15.473
07/22/2013 22:00,1.5,14.9
07/22/2013 23:00,1.5,14.421
07/23/2013 0:00,1.5,14.038
07/23/2013 1:00,1.5,13.654
07/23/2013 2:00,1.5,13.365
07/23/2013 3:00,1.5,13.076
07/23/2013 4:00,1.5,12.883
07/23/2013 5:00,1.5,12.594
07/23/2013 6:00,1.5,12.497
07/23/2013 7:00,1.5,12.497
07/23/2013 8:00,1.5,12.69
07/23/2013 9:00,1.5,13.173
07/23/2013 10:00,1.5,13.846
07/23/2013 11:00,1.5,14.613
07/23/2013 12:00,1.5,15.091
07/23/2013 13:00,1.5,15.664
07/23/2013 14:00,1.5,15.951
07/23/2013 15:00,1.5,16.332
07/23/2013 16:00,1.5,16.713
07/23/2013 17:00,1.5,16.713
07/23/2013 18:00,1.5,16.523
07/23/2013 19:00,1.5,16.332
07/23/2013 20:00,1.5,16.046
07/23/2013 21:00,1.5,15.569
07/23/2013 22:00,1.5,15.091
07/23/2013 23:00,1.5,14.613
07/24/2013 0:00,1.5,14.23
07/24/2013 1:00,1.5,13.942
07/24/2013 2:00,1.5,13.654
07/24/2013 3:00,1.5,13.461
07/24/2013 4:00,1.5,13.173
07/24/2013 5:00,1.5,12.98
07/24/2013 6:00,1.5,12.98
07/24/2013 7:00,1.5,12.98
07/24/2013 8:00,1.5,13.173
07/24/2013 9:00,1.5,13.558
07/24/2013 10:00,1.5,14.325
07/24/2013 11:00,1.5,14.709
07/24/2013 12:00,1.5,15.091
07/24/2013 13:00,1.5,15.664
07/24/2013 14:00,1.5,15.76
07/24/2013 15:00,1.5,15.76
07/24/2013 16:00,1.5,15.76
07/24/2013 17:00,1.5,15.76
07/24/2013 18:00,1.5,15.569
07/24/2013 19:00,1.5,15.569
07/24/2013 20:00,1.5,15.378
07/24/2013 21:00,1.5,15.091
07/24/2013 22:00,1.5,14.9
07/24/2013 23:00,1.5,14.613
07/25/2013 0:00,1.5,14.421
07/25/2013 1:00,1.5,14.134
07/25/2013 2:00,1.5,13.942
07/25/2013 3:00,1.5,13.75
07/25/2013 4:00,1.5,13.654
07/25/2013 5:00,1.5,13.558
07/25/2013 6:00,1.5,13.558
07/25/2013 7:00,1.5,13.558
07/25/2013 8:00,1.5,13.654
07/25/2013 9:00,1.5,13.75
07/25/2013 10:00,1.5,14.23
07/25/2013 11:00,1.5,14.996
07/25/2013 12:00,1.5,15.473
07/25/2013 13:00,1.5,15.76
07/25/2013 14:00,1.5,16.046
07/25/2013 15:00,1.5,16.523
07/25/2013 16:00,1.5,16.999
07/25/2013 17:00,1.5,16.999
07/25/2013 18:00,1.5,16.808
07/25/2013 19:00,1.5,16.713
07/25/2013 20:00,1.5,16.332
07/25/2013 21:00,1.5,15.951
07/25/2013 22:00,1.5,15.664
07/25/2013 23:00,1.5,15.282
07/26/2013 0:00,1.5,14.996
07/26/2013 1:00,1.5,14.709
07/26/2013 2:00,1.5,14.517
07/26/2013 3:00,1.5,14.325
07/26/2013 4:00,1.5,14.134
07/26/2013 5:00,1.5,14.038
07/26/2013 6:00,1.5,13.942
07/26/2013 7:00,1.5,13.846
07/26/2013 8:00,1.5,14.038
07/26/2013 9:00,1.5,14.421
07/26/2013 10:00,1.5,14.804
07/26/2013 11:00,1.5,15.569
07/26/2013 12:00,1.5,16.141
07/26/2013 13:00,1.5,16.332
07/26/2013 14:00,1.5,16.713
07/26/2013 15:00,1.5,16.808
07/26/2013 16:00,1.5,17.094
07/26/2013 17:00,1.5,16.999
07/26/2013 18:00,1.5,16.903
07/26/2013 19:00,1.5,16.903
07/26/2013 20:00,1.5,16.713
07/26/2013 21:00,1.5,16.427
07/26/2013 22:00,1.5,16.141
07/26/2013 23:00,1.5,15.76
07/27/2013 0:00,1.5,15.473
07/27/2013 1:00,1.5,15.187
07/27/2013 2:00,1.5,14.996
07/27/2013 3:00,1.5,14.709
07/27/2013 4:00,1.5,14.613
07/27/2013 5:00,1.5,14.421
07/27/2013 6:00,1.5,14.325
07/27/2013 7:00,1.5,14.325
07/27/2013 8:00,1.5,14.517
07/27/2013 9:00,1.5,14.9
07/27/2013 10:00,1.5,15.569
07/27/2013 11:00,1.5,16.332
07/27/2013 12:00,1.5,16.999
07/27/2013 13:00,1.5,17.665
07/27/2013 14:00,1.5,17.475
07/27/2013 15:00,1.5,17.57
07/27/2013 16:00,1.5,17.665
07/27/2013 17:00,1.5,17.665
07/27/2013 18:00,1.5,17.57
07/27/2013 19:00,1.5,17.379
07/27/2013 20:00,1.5,17.189
07/27/2013 21:00,1.5,16.903
07/27/2013 22:00,1.5,16.523
07/27/2013 23:00,1.5,16.141
07/28/2013 0:00,1.5,15.855
07/28/2013 1:00,1.5,15.569
07/28/2013 2:00,1.5,15.378
07/28/2013 3:00,1.5,15.091
07/28/2013 4:00,1.5,14.996
07/28/2013 5:00,1.5,14.804
07/28/2013 6:00,1.5,14.709
07/28/2013 7:00,1.5,14.709
07/28/2013 8:00,1.5,14.9
07/28/2013 9:00,1.5,15.282
07/28/2013 10:00,1.5,15.951
07/28/2013 11:00,1.5,16.713
07/28/2013 12:00,1.5,17.379
07/28/2013 13:00,1.5,18.14
07/28/2013 14:00,1.5,18.045
07/28/2013 15:00,1.5,18.045
07/28/2013 16:00,1.5,18.426
07/28/2013 17:00,1.5,18.426
07/28/2013 18:00,1.5,18.236
07/28/2013 19:00,1.5,17.855
07/28/2013 20:00,1.5,17.57
07/28/2013 21:00,1.5,17.379
07/28/2013 22:00,1.5,16.999
07/28/2013 23:00,1.5,16.618
07/29/2013 0:00,1.5,16.332
07/29/2013 1:00,1.5,16.141
07/29/2013 2:00,1.5,15.855
07/29/2013 3:00,1.5,15.664
07/29/2013 4:00,1.5,15.569
07/29/2013 5:00,1.5,15.378
07/29/2013 6:00,1.5,15.282
07/29/2013 7:00,1.5,15.282
07/29/2013 8:00,1.5,15.378
07/29/2013 9:00,1.5,15.855
07/29/2013 10:00,1.5,16.523
07/29/2013 11:00,1.5,17.284
07/29/2013 12:00,1.5,17.95
07/29/2013 13:00,1.5,18.426
07/29/2013 14:00,1.5,18.901
07/29/2013 15:00,1.5,19.282
07/29/2013 16:00,1.5,19.662
07/29/2013 17:00,1.5,19.758
07/29/2013 18:00,1.5,19.377
07/29/2013 19:00,1.5,18.901
07/29/2013 20:00,1.5,18.426
07/29/2013 21:00,1.5,17.855
07/29/2013 22:00,1.5,17.284
07/29/2013 23:00,1.5,16.808
07/30/2013 0:00,1.5,16.427
07/30/2013 1:00,1.5,16.046
07/30/2013 2:00,1.5,15.76
07/30/2013 3:00,1.5,15.473
07/30/2013 4:00,1.5,15.187
07/30/2013 5:00,1.5,14.996
07/30/2013 6:00,1.5,14.804
07/30/2013 7:00,1.5,14.804
07/30/2013 8:00,1.5,14.804
07/30/2013 9:00,1.5,14.804
07/30/2013 10:00,1.5,14.804
07/30/2013 11:00,1.5,15.091
07/30/2013 12:00,1.5,15.569
07/30/2013 13:00,1.5,16.046
07/30/2013 14:00,1.5,16.332
07/30/2013 15:00,1.5,16.713
07/30/2013 16:00,1.5,16.618
07/30/2013 17:00,1.5,16.427
07/30/2013 18:00,1.5,16.332
07/30/2013 19:00,1.5,16.237
07/30/2013 20:00,1.5,15.951
07/30/2013 21:00,1.5,15.664
07/30/2013 22:00,1.5,15.187
07/30/2013 23:00,1.5,14.804
07/31/2013 0:00,1.5,14.325
07/31/2013 1:00,1.5,14.038
07/31/2013 2:00,1.5,13.75
07/31/2013 3:00,1.5,13.461
07/31/2013 4:00,1.5,13.365
07/31/2013 5:00,1.5,13.269
07/31/2013 6:00,1.5,13.269
07/31/2013 7:00,1.5,13.365
07/31/2013 8:00,1.5,13.75
07/31/2013 9:00,1.5,14.23
07/31/2013 10:00,1.5,14.804
07/31/2013 11:00,1.5,15.187
07/31/2013 12:00,1.5,15.282
07/31/2013 13:00,1.5,15.473
07/31/2013 14:00,1.5,15.855
07/31/2013 15:00,1.5,16.046
07/31/2013 16:00,1.5,16.046
07/31/2013 17:00,1.5,16.141
07/31/2013 18:00,1.5,15.951
07/31/2013 19:00,1.5,15.855
07/31/2013 20:00,1.5,15.569
07/31/2013 21:00,1.5,15.282
07/31/2013 22:00,1.5,14.996
07/31/2013 23:00,1.5,14.613
08/01/2013 0:00,1.5,14.325
08/01/2013 1:00,1.5,14.038
08/01/2013 2:00,1.5,13.75
08/01/2013 3:00,1.5,13.558
08/01/2013 4:00,1.5,13.269
08/01/2013 5:00,1.5,13.076
08/01/2013 6:00,1.5,12.98
08/01/2013 7:00,1.5,12.98
08/01/2013 8:00,1.5,13.173
08/01/2013 9:00,1.5,13.654
08/01/2013 10:00,1.5,14.325
08/01/2013 11:00,1.5,14.996
08/01/2013 12:00,1.5,15.664
08/01/2013 13:00,1.5,16.237
08/01/2013 14:00,1.5,16.808
08/01/2013 15:00,1.5,17.284
08/01/2013 16:00,1.5,17.57
08/01/2013 17:00,1.5,17.475
08/01/2013 18:00,1.5,17.284
08/01/2013 19:00,1.5,17.094
08/01/2013 20:00,1.5,16.713
08/01/2013 21:00,1.5,16.427
08/01/2013 22:00,1.5,16.046
08/01/2013 23:00,1.5,15.569
08/02/2013 0:00,1.5,15.282
08/02/2013 1:00,1.5,14.9
08/02/2013 2:00,1.5,14.613
08/02/2013 3:00,1.5,14.325
08/02/2013 4:00,1.5,14.038
08/02/2013 5:00,1.5,13.846
08/02/2013 6:00,1.5,13.75
08/02/2013 7:00,1.5,13.75
08/02/2013 8:00,1.5,13.942
08/02/2013 9:00,1.5,14.325
08/02/2013 10:00,1.5,14.9
08/02/2013 11:00,1.5,15.664
08/02/2013 12:00,1.5,16.523
08/02/2013 13:00,1.5,16.999
08/02/2013 14:00,1.5,17.475
08/02/2013 15:00,1.5,18.045
08/02/2013 16:00,1.5,18.901
08/02/2013 17:00,1.5,18.711
08/02/2013 18:00,1.5,18.331
08/02/2013 19:00,1.5,18.045
08/02/2013 20:00,1.5,17.76
08/02/2013 21:00,1.5,17.284
08/02/2013 22:00,1.5,16.999
08/02/2013 23:00,1.5,16.427
08/03/2013 0:00,1.5,16.046
08/03/2013 1:00,1.5,15.76
08/03/2013 2:00,1.5,15.378
08/03/2013 3:00,1.5,15.282
08/03/2013 4:00,1.5,14.996
08/03/2013 5:00,1.5,14.804
08/03/2013 6:00,1.5,14.709
08/03/2013 7:00,1.5,14.709
08/03/2013 8:00,1.5,14.804
08/03/2013 9:00,1.5,15.76
08/03/2013 10:00,1.5,15.855
08/03/2013 11:00,1.5,16.618
08/03/2013 12:00,1.5,17.855
08/03/2013 13:00,1.5,18.331
08/03/2013 14:00,1.5,18.236
08/03/2013 15:00,1.5,18.711
08/03/2013 16:00,1.5,18.901
08/03/2013 17:00,1.5,19.187
08/03/2013 18:00,1.5,18.521
08/03/2013 19:00,1.5,18.331
08/03/2013 20:00,1.5,17.95
08/03/2013 21:00,1.5,17.475
08/03/2013 22:00,1.5,16.999
08/03/2013 23:00,1.5,16.523
08/04/2013 0:00,1.5,16.141
08/04/2013 1:00,1.5,15.76
08/04/2013 2:00,1.5,15.473
08/04/2013 3:00,1.5,15.187
08/04/2013 4:00,1.5,14.996
08/04/2013 5:00,1.5,14.804
08/04/2013 6:00,1.5,14.804
08/04/2013 7:00,1.5,14.996
08/04/2013 8:00,1.5,15.091
08/04/2013 9:00,1.5,15.664
08/04/2013 10:00,1.5,16.332
08/04/2013 11:00,1.5,17.094
08/04/2013 12:00,1.5,17.665
08/04/2013 13:00,1.5,18.426
08/04/2013 14:00,1.5,18.901
08/04/2013 15:00,1.5,19.187
08/04/2013 16:00,1.5,19.567
08/04/2013 17:00,1.5,19.472
08/04/2013 18:00,1.5,18.996
08/04/2013 19:00,1.5,18.901
08/04/2013 20:00,1.5,18.236
08/04/2013 21:00,1.5,16.618
08/04/2013 22:00,1.5,15.855
08/04/2013 23:00,1.5,15.951
08/05/2013 0:00,1.5,15.664
08/05/2013 1:00,1.5,15.569
08/05/2013 2:00,1.5,15.378
08/05/2013 3:00,1.5,15.091
08/05/2013 4:00,1.5,14.9
08/05/2013 5:00,1.5,14.709
08/05/2013 6:00,1.5,14.517
08/05/2013 7:00,1.5,14.517
08/05/2013 8:00,1.5,14.613
08/05/2013 9:00,1.5,14.804
08/05/2013 10:00,1.5,15.378
08/05/2013 11:00,1.5,15.951
08/05/2013 12:00,1.5,16.618
08/05/2013 13:00,1.5,17.094
08/05/2013 14:00,1.5,17.475
08/05/2013 15:00,1.5,17.855
08/05/2013 16:00,1.5,18.236
08/05/2013 17:00,1.5,18.331
08/05/2013 18:00,1.5,18.236
08/05/2013 19:00,1.5,18.045
08/05/2013 20:00,1.5,17.76
08/05/2013 21:00,1.5,17.475
08/05/2013 22:00,1.5,16.999
08/05/2013 23:00,1.5,16.713
08/06/2013 0:00,1.5,16.332
08/06/2013 1:00,1.5,16.046
08/06/2013 2:00,1.5,15.76
08/06/2013 3:00,1.5,15.569
08/06/2013 4:00,1.5,15.473
08/06/2013 5:00,1.5,15.282
08/06/2013 6:00,1.5,15.187
08/06/2013 7:00,1.5,15.187
08/06/2013 8:00,1.5,15.282
08/06/2013 9:00,1.5,15.569
08/06/2013 10:00,1.5,16.141
08/06/2013 11:00,1.5,16.808
08/06/2013 12:00,1.5,17.475
08/06/2013 13:00,1.5,18.045
08/06/2013 14:00,1.5,18.426
08/06/2013 15:00,1.5,18.806
08/06/2013 16:00,1.5,18.996
08/06/2013 17:00,1.5,19.092
08/06/2013 18:00,1.5,18.901
08/06/2013 19:00,1.5,18.711
08/06/2013 20:00,1.5,18.426
08/06/2013 21:00,1.5,17.95
08/06/2013 22:00,1.5,17.475
08/06/2013 23:00,1.5,17.094
08/07/2013 0:00,1.5,16.713
08/07/2013 1:00,1.5,16.427
08/07/2013 2:00,1.5,16.141
08/07/2013 3:00,1.5,15.951
08/07/2013 4:00,1.5,15.664
08/07/2013 5:00,1.5,15.473
08/07/2013 6:00,1.5,15.378
08/07/2013 7:00,1.5,15.282
08/07/2013 8:00,1.5,15.378
08/07/2013 9:00,1.5,15.76
08/07/2013 10:00,1.5,16.332
08/07/2013 11:00,1.5,16.808
08/07/2013 12:00,1.5,17.379
08/07/2013 13:00,1.5,17.855
08/07/2013 14:00,1.5,18.236
08/07/2013 15:00,1.5,18.616
08/07/2013 16:00,1.5,18.806
08/07/2013 17:00,1.5,18.901
08/07/2013 18:00,1.5,18.806
08/07/2013 19:00,1.5,18.616
08/07/2013 20:00,1.5,18.426
08/07/2013 21:00,1.5,18.045
08/07/2013 22:00,1.5,17.665
08/07/2013 23:00,1.5,17.284
08/08/2013 0:00,1.5,16.903
08/08/2013 1:00,1.5,16.523
08/08/2013 2:00,1.5,16.332
08/08/2013 3:00,1.5,16.046
08/08/2013 4:00,1.5,15.855
08/08/2013 5:00,1.5,15.569
08/08/2013 6:00,1.5,15.473
08/08/2013 7:00,1.5,15.473
08/08/2013 8:00,1.5,15.569
08/08/2013 9:00,1.5,15.76
08/08/2013 10:00,1.5,16.046
08/08/2013 11:00,1.5,16.523
08/08/2013 12:00,1.5,16.999
08/08/2013 13:00,1.5,17.57
08/08/2013 14:00,1.5,18.14
08/08/2013 15:00,1.5,18.521
08/08/2013 16:00,1.5,18.806
08/08/2013 17:00,1.5,18.806
08/08/2013 18:00,1.5,18.711
08/08/2013 19:00,1.5,18.521
08/08/2013 20:00,1.5,18.331
08/08/2013 21:00,1.5,17.855
08/08/2013 22:00,1.5,17.57
08/08/2013 23:00,1.5,17.094
08/09/2013 0:00,1.5,16.713
08/09/2013 1:00,1.5,16.427
08/09/2013 2:00,1.5,16.237
08/09/2013 3:00,1.5,15.951
08/09/2013 4:00,1.5,15.76
08/09/2013 5:00,1.5,15.664
08/09/2013 6:00,1.5,15.473
08/09/2013 7:00,1.5,15.473
08/09/2013 8:00,1.5,15.569
08/09/2013 9:00,1.5,15.855
08/09/2013 10:00,1.5,16.237
08/09/2013 11:00,1.5,16.808
08/09/2013 12:00,1.5,17.475
08/09/2013 13:00,1.5,17.855
08/09/2013 14:00,1.5,18.14
08/09/2013 15:00,1.5,18.521
08/09/2013 16:00,1.5,18.426
08/09/2013 17:00,1.5,18.14
08/09/2013 18:00,1.5,17.76
08/09/2013 19:00,1.5,13.942
08/09/2013 20:00,1.5,14.517
08/09/2013 21:00,1.5,15.091
08/09/2013 22:00,1.5,15.091
08/09/2013 23:00,1.5,14.996
08/10/2013 0:00,1.5,14.9
08/10/2013 1:00,1.5,14.804
08/10/2013 2:00,1.5,14.709
08/10/2013 3:00,1.5,14.804
08/10/2013 4:00,1.5,14.421
08/10/2013 5:00,1.5,14.23
08/10/2013 6:00,1.5,14.134
08/10/2013 7:00,1.5,14.134
08/10/2013 8:00,1.5,14.23
08/10/2013 9:00,1.5,14.421
08/10/2013 10:00,1.5,14.804
08/10/2013 11:00,1.5,15.091
08/10/2013 12:00,1.5,15.378
08/10/2013 13:00,1.5,15.664
08/10/2013 14:00,1.5,15.855
08/10/2013 15:00,1.5,16.046
08/10/2013 16:00,1.5,16.141
08/10/2013 17:00,1.5,16.046
08/10/2013 18:00,1.5,15.951
08/10/2013 19:00,1.5,15.664
08/10/2013 20:00,1.5,15.282
08/10/2013 21:00,1.5,14.804
08/10/2013 22:00,1.5,14.517
08/10/2013 23:00,1.5,14.134
08/11/2013 0:00,1.5,13.846
08/11/2013 1:00,1.5,13.558
08/11/2013 2:00,1.5,13.365
08/11/2013 3:00,1.5,13.173
08/11/2013 4:00,1.5,12.98
08/11/2013 5:00,1.5,12.787
08/11/2013 6:00,1.5,12.69
08/11/2013 7:00,1.5,12.69
08/11/2013 8:00,1.5,12.883
08/11/2013 9:00,1.5,13.365
08/11/2013 10:00,1.5,13.846
08/11/2013 11:00,1.5,14.421
08/11/2013 12:00,1.5,14.9
08/11/2013 13:00,1.5,15.187
08/11/2013 14:00,1.5,15.664
08/11/2013 15:00,1.5,15.855
08/11/2013 16:00,1.5,16.141
08/11/2013 17:00,1.5,16.141
08/11/2013 18:00,1.5,16.046
08/11/2013 19:00,1.5,15.76
08/11/2013 20:00,1.5,15.473
08/11/2013 21:00,1.5,15.282
08/11/2013 22:00,1.5,15.091
08/11/2013 23:00,1.5,14.9
08/12/2013 0:00,1.5,14.709
08/12/2013 1:00,1.5,14.613
08/12/2013 2:00,1.5,14.517
08/12/2013 3:00,1.5,14.421
08/12/2013 4:00,1.5,14.325
08/12/2013 5:00,1.5,14.23
08/12/2013 6:00,1.5,14.134
08/12/2013 7:00,1.5,14.134
08/12/2013 8:00,1.5,14.23
08/12/2013 9:00,1.5,14.421
08/12/2013 10:00,1.5,14.804
08/12/2013 11:00,1.5,15.378
08/12/2013 12:00,1.5,15.76
08/12/2013 13:00,1.5,16.332
08/12/2013 14:00,1.5,16.618
08/12/2013 15:00,1.5,17.094
08/12/2013 16:00,1.5,17.189
08/12/2013 17:00,1.5,16.999
08/12/2013 18:00,1.5,16.903
08/12/2013 19:00,1.5,16.713
08/12/2013 20:00,1.5,16.427
08/12/2013 21:00,1.5,15.951
08/12/2013 22:00,1.5,15.569
08/12/2013 23:00,1.5,15.187
08/13/2013 0:00,1.5,14.9
08/13/2013 1:00,1.5,14.709
08/13/2013 2:00,1.5,14.421
08/13/2013 3:00,1.5,14.23
08/13/2013 4:00,1.5,14.134
08/13/2013 5:00,1.5,14.038
08/13/2013 6:00,1.5,13.942
08/13/2013 7:00,1.5,13.942
08/13/2013 8:00,1.5,14.038
08/13/2013 9:00,1.5,14.134
08/13/2013 10:00,1.5,14.517
08/13/2013 11:00,1.5,14.709
08/13/2013 12:00,1.5,15.282
08/13/2013 13:00,1.5,15.378
08/13/2013 14:00,1.5,15.378
08/13/2013 15:00,1.5,15.378
08/13/2013 16:00,1.5,15.282
08/13/2013 17:00,1.5,15.187
08/13/2013 18:00,1.5,14.996
08/13/2013 19:00,1.5,14.804
08/13/2013 20:00,1.5,14.613
08/13/2013 21:00,1.5,14.421
08/13/2013 22:00,1.5,14.325
08/13/2013 23:00,1.5,14.134
08/14/2013 0:00,1.5,13.942
08/14/2013 1:00,1.5,13.846
08/14/2013 2:00,1.5,13.654
08/14/2013 3:00,1.5,13.558
08/14/2013 4:00,1.5,13.461
08/14/2013 5:00,1.5,13.365
08/14/2013 6:00,1.5,13.269
08/14/2013 7:00,1.5,13.269
08/14/2013 8:00,1.5,13.269
08/14/2013 9:00,1.5,13.461
08/14/2013 10:00,1.5,13.558
08/14/2013 11:00,1.5,13.75
08/14/2013 12:00,1.5,13.942
08/14/2013 13:00,1.5,14.134
08/14/2013 14:00,1.5,14.325
08/14/2013 15:00,1.5,14.421
08/14/2013 16:00,1.5,14.421
08/14/2013 17:00,1.5,14.325
08/14/2013 18:00,1.5,14.23
08/14/2013 19:00,1.5,14.134
08/14/2013 20:00,1.5,13.942
08/14/2013 21:00,1.5,13.75
08/14/2013 22:00,1.5,13.654
08/14/2013 23:00,1.5,13.461
08/15/2013 0:00,1.5,13.365
08/15/2013 1:00,1.5,13.173
08/15/2013 2:00,1.5,13.076
08/15/2013 3:00,1.5,12.883
08/15/2013 4:00,1.5,12.69
08/15/2013 5:00,1.5,12.594
08/15/2013 6:00,1.5,12.401
08/15/2013 7:00,1.5,12.304
08/15/2013 8:00,1.5,12.401
08/15/2013 9:00,1.5,12.69
08/15/2013 10:00,1.5,13.076
08/15/2013 11:00,1.5,13.461
08/15/2013 12:00,1.5,13.942
08/15/2013 13:00,1.5,14.134
08/15/2013 14:00,1.5,14.613
08/15/2013 15:00,1.5,14.804
08/15/2013 16:00,1.5,14.996
08/15/2013 17:00,1.5,14.9
08/15/2013 18:00,1.5,14.9
08/15/2013 19:00,1.5,14.804
08/15/2013 20:00,1.5,14.421
08/15/2013 21:00,1.5,14.134
08/15/2013 22:00,1.5,13.75
08/15/2013 23:00,1.5,13.461
08/16/2013 0:00,1.5,13.076
08/16/2013 1:00,1.5,12.787
08/16/2013 2:00,1.5,12.497
08/16/2013 3:00,1.5,12.11
08/16/2013 4:00,1.5,11.916
08/16/2013 5:00,1.5,11.625
08/16/2013 6:00,1.5,11.528
08/16/2013 7:00,1.5,11.528
08/16/2013 8:00,1.5,11.625
08/16/2013 9:00,1.5,12.013
08/16/2013 10:00,1.5,12.594
08/16/2013 11:00,1.5,13.173
08/16/2013 12:00,1.5,13.75
08/16/2013 13:00,1.5,14.134
08/16/2013 14:00,1.5,14.613
08/16/2013 15:00,1.5,14.996
08/16/2013 16:00,1.5,15.282
08/16/2013 17:00,1.5,15.282
08/16/2013 18:00,1.5,15.187
08/16/2013 19:00,1.5,15.091
08/16/2013 20:00,1.5,14.709
08/16/2013 21:00,1.5,14.325
08/16/2013 22:00,1.5,13.942
08/16/2013 23:00,1.5,13.461
08/17/2013 0:00,1.5,13.269
08/17/2013 1:00,1.5,12.883
08/17/2013 2:00,1.5,12.594
08/17/2013 3:00,1.5,12.401
08/17/2013 4:00,1.5,12.207
08/17/2013 5:00,1.5,12.013
08/17/2013 6:00,1.5,11.916
08/17/2013 7:00,1.5,11.916
08/17/2013 8:00,1.5,12.11
08/17/2013 9:00,1.5,12.401
08/17/2013 10:00,1.5,13.076
08/17/2013 11:00,1.5,13.654
08/17/2013 12:00,1.5,14.325
08/17/2013 13:00,1.5,14.804
08/17/2013 14:00,1.5,15.282
08/17/2013 15:00,1.5,15.76
08/17/2013 16:00,1.5,16.046
08/17/2013 17:00,1.5,16.046
08/17/2013 18:00,1.5,15.951
08/17/2013 19:00,1.5,15.76
08/17/2013 20:00,1.5,15.569
08/17/2013 21:00,1.5,15.187
08/17/2013 22:00,1.5,14.804
08/17/2013 23:00,1.5,14.517
08/18/2013 0:00,1.5,14.23
08/18/2013 1:00,1.5,13.942
08/18/2013 2:00,1.5,13.75
08/18/2013 3:00,1.5,13.558
08/18/2013 4:00,1.5,13.365
08/18/2013 5:00,1.5,13.173
08/18/2013 6:00,1.5,13.076
08/18/2013 7:00,1.5,13.076
08/18/2013 8:00,1.5,13.173
08/18/2013 9:00,1.5,13.558
08/18/2013 10:00,1.5,14.134
08/18/2013 11:00,1.5,14.709
08/18/2013 12:00,1.5,15.282
08/18/2013 13:00,1.5,15.76
08/18/2013 14:00,1.5,16.237
08/18/2013 15:00,1.5,16.618
08/18/2013 16:00,1.5,16.808
08/18/2013 17:00,1.5,16.903
08/18/2013 18:00,1.5,16.713
08/18/2013 19:00,1.5,16.523
08/18/2013 20:00,1.5,16.141
08/18/2013 21:00,1.5,15.76
08/18/2013 22:00,1.5,15.282
08/18/2013 23:00,1.5,14.9
08/19/2013 0:00,1.5,14.613
08/19/2013 1:00,1.5,14.325
08/19/2013 2:00,1.5,14.134
08/19/2013 3:00,1.5,13.942
08/19/2013 4:00,1.5,13.75
08/19/2013 5:00,1.5,13.558
08/19/2013 6:00,1.5,13.461
08/19/2013 7:00,1.5,13.558
08/19/2013 8:00,1.5,13.654
08/19/2013 9:00,1.5,14.038
08/19/2013 10:00,1.5,14.613
08/19/2013 11:00,1.5,15.091
08/19/2013 12:00,1.5,15.664
08/19/2013 13:00,1.5,16.141
08/19/2013 14:00,1.5,16.427
08/19/2013 15:00,1.5,16.903
08/19/2013 16:00,1.5,17.094
08/19/2013 17:00,1.5,17.284
08/19/2013 18:00,1.5,17.094
08/19/2013 19:00,1.5,16.808
08/19/2013 20:00,1.5,16.523
08/19/2013 21:00,1.5,16.237
08/19/2013 22:00,1.5,15.855
08/19/2013 23:00,1.5,15.569
08/20/2013 0:00,1.5,15.282
08/20/2013 1:00,1.5,14.9
08/20/2013 2:00,1.5,14.709
08/20/2013 3:00,1.5,14.517
08/20/2013 4:00,1.5,14.325
08/20/2013 5:00,1.5,14.134
08/20/2013 6:00,1.5,14.038
08/20/2013 7:00,1.5,14.038
08/20/2013 8:00,1.5,13.942
08/20/2013 9:00,1.5,13.846
08/20/2013 10:00,1.5,13.846
08/20/2013 11:00,1.5,13.942
08/20/2013 12:00,1.5,14.325
08/20/2013 13:00,1.5,14.325
08/20/2013 14:00,1.5,14.421
08/20/2013 15:00,1.5,14.421
08/20/2013 16:00,1.5,14.421
08/20/2013 17:00,1.5,14.325
08/20/2013 18:00,1.5,14.134
08/20/2013 19:00,1.5,14.038
08/20/2013 20:00,1.5,13.846
08/20/2013 21:00,1.5,13.654
08/20/2013 22:00,1.5,13.558
08/20/2013 23:00,1.5,13.365
08/21/2013 0:00,1.5,13.269
08/21/2013 1:00,1.5,13.076
08/21/2013 2:00,1.5,12.98
08/21/2013 3:00,1.5,12.883
08/21/2013 4:00,1.5,12.787
08/21/2013 5:00,1.5,12.69
08/21/2013 6:00,1.5,12.594
08/21/2013 7:00,1.5,12.594
08/21/2013 8:00,1.5,12.69
08/21/2013 9:00,1.5,12.98
08/21/2013 10:00,1.5,13.461
08/21/2013 11:00,1.5,13.846
08/21/2013 12:00,1.5,14.421
08/21/2013 13:00,1.5,14.709
08/21/2013 14:00,1.5,15.091
08/21/2013 15:00,1.5,15.378
08/21/2013 16:00,1.5,15.569
08/21/2013 17:00,1.5,15.569
08/21/2013 18:00,1.5,15.378
08/21/2013 19:00,1.5,15.187
08/21/2013 20:00,1.5,14.9
08/21/2013 21:00,1.5,14.517
08/21/2013 22:00,1.5,14.23
08/21/2013 23:00,1.5,13.846
08/22/2013 0:00,1.5,13.461
08/22/2013 1:00,1.5,13.173
08/22/2013 2:00,1.5,12.883
08/22/2013 3:00,1.5,12.594
08/22/2013 4:00,1.5,12.401
08/22/2013 5:00,1.5,12.11
08/22/2013 6:00,1.5,11.916
08/22/2013 7:00,1.5,11.916
08/22/2013 8:00,1.5,12.013
08/22/2013 9:00,1.5,12.304
08/22/2013 10:00,1.5,12.883
08/22/2013 11:00,1.5,13.461
08/22/2013 12:00,1.5,13.942
08/22/2013 13:00,1.5,14.325
08/22/2013 14:00,1.5,14.613
08/22/2013 15:00,1.5,14.9
08/22/2013 16:00,1.5,15.091
08/22/2013 17:00,1.5,15.091
08/22/2013 18:00,1.5,15.187
08/22/2013 19:00,1.5,14.9
08/22/2013 20:00,1.5,14.709
08/22/2013 21:00,1.5,14.325
08/22/2013 22:00,1.5,14.038
08/22/2013 23:00,1.5,13.654
08/23/2013 0:00,1.5,13.365
08/23/2013 1:00,1.5,12.98
08/23/2013 2:00,1.5,12.69
08/23/2013 3:00,1.5,12.497
08/23/2013 4:00,1.5,12.207
08/23/2013 5:00,1.5,12.013
08/23/2013 6:00,1.5,11.916
08/23/2013 7:00,1.5,11.916
08/23/2013 8:00,1.5,12.013
08/23/2013 9:00,1.5,12.401
08/23/2013 10:00,1.5,12.883
08/23/2013 11:00,1.5,13.461
08/23/2013 12:00,1.5,14.038
08/23/2013 13:00,1.5,14.421
08/23/2013 14:00,1.5,14.709
08/23/2013 15:00,1.5,14.996
08/23/2013 16:00,1.5,15.187
08/23/2013 17:00,1.5,15.282
08/23/2013 18:00,1.5,15.187
08/23/2013 19:00,1.5,15.091
08/23/2013 20:00,1.5,14.9
08/23/2013 21:00,1.5,14.709
08/23/2013 22:00,1.5,14.517
08/23/2013 23:00,1.5,14.325
08/24/2013 0:00,1.5,14.134
08/24/2013 1:00,1.5,14.038
08/24/2013 2:00,1.5,13.942
08/24/2013 3:00,1.5,13.846
08/24/2013 4:00,1.5,13.75
08/24/2013 5:00,1.5,13.654
08/24/2013 6:00,1.5,13.558
08/24/2013 7:00,1.5,13.558
08/24/2013 8:00,1.5,13.461
08/24/2013 9:00,1.5,13.558
08/24/2013 10:00,1.5,13.654
08/24/2013 11:00,1.5,13.846
08/24/2013 12:00,1.5,13.942
08/24/2013 13:00,1.5,14.038
08/24/2013 14:00,1.5,14.23
08/24/2013 15:00,1.5,14.134
08/24/2013 16:00,1.5,14.038
08/24/2013 17:00,1.5,14.038
08/24/2013 18:00,1.5,14.134
08/24/2013 19:00,1.5,14.038
08/24/2013 20:00,1.5,13.846
08/24/2013 21:00,1.5,13.75
08/24/2013 22:00,1.5,13.558
08/24/2013 23:00,1.5,13.365
08/25/2013 0:00,1.5,13.173
08/25/2013 1:00,1.5,12.98
08/25/2013 2:00,1.5,12.69
08/25/2013 3:00,1.5,12.594
08/25/2013 4:00,1.5,12.497
08/25/2013 5:00,1.5,12.497
08/25/2013 6:00,1.5,12.401
08/25/2013 7:00,1.5,12.497
08/25/2013 8:00,1.5,12.497
08/25/2013 9:00,1.5,12.594
08/25/2013 10:00,1.5,12.69
08/25/2013 11:00,1.5,12.787
08/25/2013 12:00,1.5,12.787
08/25/2013 13:00,1.5,12.883
08/25/2013 14:00,1.5,12.883
08/25/2013 15:00,1.5,12.98
08/25/2013 16:00,1.5,12.98
08/25/2013 17:00,1.5,12.98
08/25/2013 18:00,1.5,12.98
08/25/2013 19:00,1.5,12.883
08/25/2013 20:00,1.5,12.883
08/25/2013 21:00,1.5,12.883
08/25/2013 22:00,1.5,12.787
08/25/2013 23:00,1.5,12.787
08/26/2013 0:00,1.5,12.69
08/26/2013 1:00,1.5,12.69
08/26/2013 2:00,1.5,12.594
08/26/2013 3:00,1.5,12.594
08/26/2013 4:00,1.5,12.497
08/26/2013 5:00,1.5,12.401
08/26/2013 6:00,1.5,12.304
08/26/2013 7:00,1.5,12.207
08/26/2013 8:00,1.5,12.207
08/26/2013 9:00,1.5,12.304
08/26/2013 10:00,1.5,12.401
08/26/2013 11:00,1.5,12.594
08/26/2013 12:00,1.5,12.883
08/26/2013 13:00,1.5,13.269
08/26/2013 14:00,1.5,13.654
08/26/2013 15:00,1.5,13.846
08/26/2013 16:00,1.5,14.038
08/26/2013 17:00,1.5,14.134
08/26/2013 18:00,1.5,14.134
08/26/2013 19:00,1.5,14.134
08/26/2013 20:00,1.5,13.942
08/26/2013 21:00,1.5,13.75
08/26/2013 22:00,1.5,13.654
08/26/2013 23:00,1.5,13.461
08/27/2013 0:00,1.5,13.365
08/27/2013 1:00,1.5,13.269
08/27/2013 2:00,1.5,13.269
08/27/2013 3:00,1.5,13.173
08/27/2013 4:00,1.5,13.173
08/27/2013 5:00,1.5,13.076
08/27/2013 6:00,1.5,13.076
08/27/2013 7:00,1.5,12.98
08/27/2013 8:00,1.5,12.98
08/27/2013 9:00,1.5,13.076
08/27/2013 10:00,1.5,13.269
08/27/2013 11:00,1.5,13.461
08/27/2013 12:00,1.5,13.558
08/27/2013 13:00,1.5,13.75
08/27/2013 14:00,1.5,13.846
08/27/2013 15:00,1.5,13.846
08/27/2013 16:00,1.5,13.942
08/27/2013 17:00,1.5,13.942
08/27/2013 18:00,1.5,14.038
08/27/2013 19:00,1.5,14.038
08/27/2013 20:00,1.5,13.942
08/27/2013 21:00,1.5,13.942
08/27/2013 22:00,1.5,14.134
08/27/2013 23:00,1.5,13.942
08/28/2013 0:00,1.5,13.558
08/28/2013 1:00,1.5,13.654
08/28/2013 2:00,1.5,13.75
08/28/2013 3:00,1.5,13.558
08/28/2013 4:00,1.5,13.365
08/28/2013 5:00,1.5,13.173
08/28/2013 6:00,1.5,12.98
08/28/2013 7:00,1.5,12.98
08/28/2013 8:00,1.5,12.787
08/28/2013 9:00,1.5,12.883
08/28/2013 10:00,1.5,13.173
08/28/2013 11:00,1.5,13.269
08/28/2013 12:00,1.5,13.461
08/28/2013 13:00,1.5,13.461
08/28/2013 14:00,1.5,13.558
08/28/2013 15:00,1.5,13.558
08/28/2013 16:00,1.5,13.461
08/28/2013 17:00,1.5,13.558
08/28/2013 18:00,1.5,13.558
08/28/2013 19:00,1.5,13.461
08/28/2013 20:00,1.5,13.365
08/28/2013 21:00,1.5,13.269
08/28/2013 22:00,1.5,13.076
08/28/2013 23:00,1.5,12.98
08/29/2013 0:00,1.5,12.883
08/29/2013 1:00,1.5,12.787
08/29/2013 2:00,1.5,12.69
08/29/2013 3:00,1.5,12.594
08/29/2013 4:00,1.5,12.497
08/29/2013 5:00,1.5,12.497
08/29/2013 6:00,1.5,12.401
08/29/2013 7:00,1.5,12.401
08/29/2013 8:00,1.5,12.401
08/29/2013 9:00,1.5,12.497
08/29/2013 10:00,1.5,12.69
08/29/2013 11:00,1.5,13.076
08/29/2013 12:00,1.5,13.365
08/29/2013 13:00,1.5,13.558
08/29/2013 14:00,1.5,13.846
08/29/2013 15:00,1.5,14.134
08/29/2013 16:00,1.5,14.325
08/29/2013 17:00,1.5,14.325
08/29/2013 18:00,1.5,14.23
08/29/2013 19:00,1.5,13.942
08/29/2013 20:00,1.5,13.654
08/29/2013 21:00,1.5,13.461
08/29/2013 22:00,1.5,13.173
08/29/2013 23:00,1.5,12.883
