DateTime,GloRad (W/m2),Wind Speed (m/s),Relative Humidity (0 - 1),Air Temp (*C),LwRad (W/m2)
07/03/2013 0:00,-0.34932,0,0.999,12.38,384.5894454
07/03/2013 1:00,-0.26199,0.179499738,0.999,11.17,382.723294
07/03/2013 2:00,-0.17466,0.034475334,0.999,11.07,382.035632
07/03/2013 3:00,-0.34932,0,0.999,10.02,380.6172762
07/03/2013 4:00,1.30995,0.001869688,0.999,9.28,379.3442699
07/03/2013 5:00,71.95992,0,0.999,9.72,379.7649833
07/03/2013 6:00,244.17468,0,0.999,14.89,387.6692297
07/03/2013 7:00,481.88694,0.145835625,0.91,18.5,391.1656758
07/03/2013 8:00,552.10026,0.73960499,0.731,22.14,401.8610222
07/03/2013 9:00,537.9528,0.714230466,0.701,22.69,405.6210834
07/03/2013 10:00,679.4274,1.385901288,0.668,23.99,409.7786982
07/03/2013 11:00,680.3007,2.59877758,0.6034,25.61,415.5608
07/03/2013 12:00,1142.2764,1.82389525,0.5707,27,419.1225843
07/03/2013 13:00,1187.688,2.335244997,0.5221,27.72,420.2897572
07/03/2013 14:00,1020.0144,1.919845106,0.4981,28.24,422.3373476
07/03/2013 15:00,957.1368,1.893805306,0.4658,28.74,421.5883878
07/03/2013 16:00,738.8118,2.200462361,0.4478,28.4,419.3079195
07/03/2013 17:00,278.05872,1.742614862,0.4925,25.89,412.6481276
07/03/2013 18:00,146.80173,0.417677417,0.739,22.74,406.7969763
07/03/2013 19:00,66.80745,0.35711025,0.803,20.76,401.3842129
07/03/2013 20:00,2.27058,0.0467422,0.951,17.98,394.8974267
07/03/2013 21:00,-0.26199,0,0.999,16.35,389.9892095
07/03/2013 22:00,-0.26199,0,0.999,15.13,386.0413745
07/03/2013 23:00,-0.26199,0.185099075,0.999,14.4,387.0714641
07/04/2013 0:00,-0.26199,0,0.959,15.69,389.5240375
07/04/2013 1:00,-0.26199,0.59082125,0.951,15.19,388.2399258
07/04/2013 2:00,-0.17466,0.58708175,0.959,15.25,390.5217057
07/04/2013 3:00,-0.26199,0.001869688,0.927,15.67,391.1637821
07/04/2013 4:00,1.7466,0,0.905,16.29,390.7972612
07/04/2013 5:00,63.31425,0,0.999,14.41,384.4775624
07/04/2013 6:00,235.791,0.170141575,0.823,18.56,389.423885
07/04/2013 7:00,453.76668,1.149299747,0.747,21.31,398.1238083
07/04/2013 8:00,677.6808,1.669735682,0.6275,23.89,407.3266703
07/04/2013 9:00,893.3859,1.57160771,0.5366,25.12,412.8161619
07/04/2013 10:00,800.8161,0.495308415,0.555,24.87,414.7979196
07/04/2013 11:00,541.27134,0.155858386,0.5772,24.98,414.0260538
07/04/2013 12:00,213.25986,0.4874008,0.5617,26.16,417.9535023
07/04/2013 13:00,1181.5749,1.315304853,0.4911,28.14,425.2894024
07/04/2013 14:00,1150.1361,1.103274187,0.558,26.91,422.5591955
07/04/2013 15:00,256.13889,1.288517221,0.5609,25.92,419.6145423
07/04/2013 16:00,150.55692,1.022575503,0.5707,25.86,419.4408711
07/04/2013 17:00,134.40087,1.962535188,0.6249,24.21,409.9099695
07/04/2013 18:00,350.45529,1.931578253,0.6045,25.92,410.6139926
07/04/2013 19:00,46.80888,0.198583338,0.6037,23.13,402.3708218
07/04/2013 20:00,3.84252,1.06011275,0.823,18.95,394.7880818
07/04/2013 21:00,-0.26199,0.108441875,0.994,15.37,387.2080266
07/04/2013 22:00,-0.08733,0.27110475,0.999,14.42,384.819092
07/04/2013 23:00,-0.26199,0,0.983,14.48,384.0539286
07/05/2013 0:00,-0.26199,0.005609063,0.999,13.14,382.3763116
07/05/2013 1:00,-0.34932,0.7273085,0.999,11.94,382.3634777
07/05/2013 2:00,-0.26199,0.75909325,0.999,11.5,382.2336962
07/05/2013 3:00,-0.17466,0.170141575,0.999,11.09,382.188167
07/05/2013 4:00,1.13529,0.248668425,0.999,10.83,382.2153603
07/05/2013 5:00,58.68576,0,0.999,11.15,382.5036826
07/05/2013 6:00,250.11312,0.335675362,0.999,16.13,390.7939602
07/05/2013 7:00,242.25342,1.284805825,0.724,21.9,397.9614203
07/05/2013 8:00,668.9478,2.473195156,0.6062,23.76,406.076954
07/05/2013 9:00,889.8927,2.700380665,0.5698,24.55,409.136269
07/05/2013 10:00,1047.96,2.64326812,0.5437,25.71,412.9833419
07/05/2013 11:00,1185.0681,2.153576441,0.5055,25.95,414.575436
07/05/2013 12:00,979.8426,3.127309261,0.46,27.03,421.0719006
07/05/2013 13:00,1198.1676,4.054692345,0.4775,27.38,418.0004244
07/05/2013 14:00,1133.5434,2.875766894,0.4594,27.44,417.2737107
07/05/2013 15:00,910.8519,2.609754302,0.4461,28.07,420.8878707
07/05/2013 16:00,792.9564,2.752592078,0.4845,27.34,418.2504048
07/05/2013 17:00,346.87476,1.840514475,0.5121,25.39,409.3300879
07/05/2013 18:00,95.10237,3.078759709,0.553,23.86,404.4484831
07/05/2013 19:00,52.04868,1.520396236,0.5601,23.2,402.6315921
07/05/2013 20:00,2.70723,1.071396254,0.6876,20.39,397.7744824
07/05/2013 21:00,-0.34932,1.589504828,0.6694,21.03,400.9906561
07/05/2013 22:00,-0.26199,2.729773401,0.6677,21.13,401.8611633
07/05/2013 23:00,-0.26199,1.251569744,0.704,20.76,401.3762317
07/06/2013 0:00,-0.26199,0.865534061,0.708,20.48,400.5006345
07/06/2013 1:00,-0.34932,1.47103049,0.717,20.34,397.9343748
07/06/2013 2:00,-0.26199,0.3514465,0.707,20.52,400.7633942
07/06/2013 3:00,-0.26199,0.587129562,0.716,20.19,395.0648456
07/06/2013 4:00,0.43665,1.5803018,0.754,19.52,395.1204808
07/06/2013 5:00,17.37867,0.848222247,0.762,19.64,399.5731026
07/06/2013 6:00,73.09521,2.48319077,0.755,19.83,399.9647452
07/06/2013 7:00,53.00931,1.423573833,0.822,19,399.5074144
07/06/2013 8:00,148.89765,0.998017409,0.858,18.84,399.5041373
07/06/2013 9:00,395.16825,1.047634259,0.802,20,400.3144989
07/06/2013 10:00,653.2284,2.753059767,0.706,22.06,406.3215463
07/06/2013 11:00,1184.1948,2.513870549,0.6092,24.79,412.8464016
07/06/2013 12:00,965.8698,1.737938562,0.6124,24.66,413.4216829
07/06/2013 13:00,1159.7424,1.856412393,0.6055,25.37,413.8345154
07/06/2013 14:00,1049.7066,2.538502091,0.5774,25.77,414.4848873
07/06/2013 15:00,912.5985,3.24198066,0.5637,26.43,414.7844898
07/06/2013 16:00,729.2055,3.444758168,0.5639,26.25,413.5104285
07/06/2013 17:00,515.07234,2.549980213,0.5462,25.47,409.7326629
07/06/2013 18:00,289.0623,2.393998156,0.5755,24.88,407.6697565
07/06/2013 19:00,102.35076,1.107789449,0.6491,23.49,403.4884153
07/06/2013 20:00,3.58053,0.384996714,0.6854,21.87,400.8051576
07/06/2013 21:00,-0.08733,0.931421507,0.739,20.75,396.9222711
07/06/2013 22:00,-0.26199,0.604866185,0.747,20.43,395.8692839
07/06/2013 23:00,-0.17466,1.130664897,0.757,20.26,399.2641458
07/07/2013 0:00,-0.34932,0.738242444,0.761,20.19,396.2306683
07/07/2013 1:00,-0.17466,1.706124616,0.753,20.14,395.9065184
07/07/2013 2:00,-0.26199,1.961158703,0.766,20.02,400.7234137
07/07/2013 3:00,-0.26199,1.351482758,0.782,19.67,399.5453634
07/07/2013 4:00,1.04796,0.474152895,0.823,18.64,392.6567032
07/07/2013 5:00,38.16321,0.169966832,0.983,15.67,387.9243277
07/07/2013 6:00,246.18327,0.254421821,0.849,19.28,392.121593
07/07/2013 7:00,467.47749,1.012806336,0.662,23.21,402.4712857
07/07/2013 8:00,661.0881,2.096793534,0.6478,23.33,406.8930575
07/07/2013 9:00,846.2277,2.519030411,0.6486,24.28,409.8496441
07/07/2013 10:00,1051.4532,2.431741773,0.6031,25.75,416.6100394
07/07/2013 11:00,744.9249,2.453725334,0.6167,24.99,413.6805337
07/07/2013 12:00,1234.8462,2.512262567,0.6016,26.15,418.1615467
07/07/2013 13:00,1189.4346,2.712623099,0.5656,26.63,419.1953314
07/07/2013 14:00,1072.4124,3.76995784,0.5499,27.12,419.1273341
07/07/2013 15:00,748.4181,3.161097838,0.534,27.35,419.5853456
07/07/2013 16:00,598.82181,2.485041915,0.5293,26.76,415.9042622
07/07/2013 17:00,209.06802,1.56253655,0.6019,24.98,408.7493675
07/07/2013 18:00,339.7137,2.751447675,0.5771,25.69,410.6064493
07/07/2013 19:00,87.59199,2.554780343,0.6218,23.87,405.1419644
07/07/2013 20:00,3.66786,0.694721695,0.6986,21.69,399.7063058
07/07/2013 21:00,-0.34932,0.114708033,0.958,17.08,390.7345806
07/07/2013 22:00,-0.26199,0.187761696,0.955,16.71,388.7179953
07/07/2013 23:00,-0.26199,0.108908282,0.998,15.57,387.2867275
07/08/2013 0:00,-0.26199,0.080396575,0.805,18.47,390.461399
07/08/2013 1:00,-0.26199,0.452920067,0.751,18.57,391.4822032
07/08/2013 2:00,-0.26199,0.460493891,0.706,18.84,391.6372857
07/08/2013 3:00,-0.43665,0.428611303,0.706,18.32,390.771
07/08/2013 4:00,2.27058,0.37956492,0.713,17.89,389.5534774
07/08/2013 5:00,63.22692,0.701362249,0.906,15.11,386.0733552
07/08/2013 6:00,222.25485,0.721227017,0.6858,19.78,392.6000604
07/08/2013 7:00,429.13962,1.311134828,0.5932,21.52,398.847987
07/08/2013 8:00,678.5541,1.423952146,0.5356,22.72,403.3186334
07/08/2013 9:00,856.7073,2.348339409,0.5194,23.83,407.6050386
07/08/2013 10:00,1016.5212,3.04084624,0.5079,24.5,410.3179933
07/08/2013 11:00,1114.3308,2.891486661,0.5007,25.68,414.281516
07/08/2013 12:00,1167.6021,2.608251582,0.4691,26.18,417.3417125
07/08/2013 13:00,1144.8963,2.859411186,0.4665,26.66,418.2405734
07/08/2013 14:00,1055.8197,2.722429363,0.4504,26.99,418.9599928
07/08/2013 15:00,914.3451,2.460398053,0.4584,27.18,418.25064
07/08/2013 16:00,725.7123,2.355758765,0.4654,26.83,416.2098669
07/08/2013 17:00,505.6407,2.565442923,0.4759,26.17,412.9496418
07/08/2013 18:00,240.33216,2.608703486,0.501,24.6,407.5534731
07/08/2013 19:00,85.75806,1.500758346,0.5393,23.21,402.8525016
07/08/2013 20:00,3.23121,0.158923425,0.6058,21.07,396.7361315
07/08/2013 21:00,-0.26199,0,0.905,15.83,388.6013817
07/08/2013 22:00,-0.26199,0,0.989,14.17,383.6415608
07/08/2013 23:00,-0.26199,0,0.999,12.63,381.4758637
07/09/2013 0:00,-0.26199,0.6319545,0.999,12.53,383.6865328
07/09/2013 1:00,0,1.065722,0.999,12.39,383.6297745
07/09/2013 2:00,-0.26199,0.58147275,0.999,11.4,382.7622035
07/09/2013 3:00,-0.26199,0.2112747,0.999,10.9,382.0387065
07/09/2013 4:00,1.04796,0.733384773,0.999,10.45,381.5395978
07/09/2013 5:00,43.14102,1.03393725,0.999,10.62,382.0453796
07/09/2013 6:00,217.53903,0,0.999,15.73,389.4293004
07/09/2013 7:00,427.39302,0.25240775,0.727,20.79,391.042782
07/09/2013 8:00,659.3415,0.360389293,0.5831,24.69,406.8666444
07/09/2013 9:00,868.0602,0.427946167,0.5331,24.66,411.572266
07/09/2013 10:00,1043.5935,0.761706529,0.5011,26.09,416.7194185
07/09/2013 11:00,947.5305,0.858103054,0.5677,24.97,414.4710177
07/09/2013 12:00,387.13389,1.302344351,0.5159,26.9,420.2365356
07/09/2013 13:00,333.25128,0.773085887,0.5876,25.29,414.9275795
07/09/2013 14:00,1179.8283,1.023539114,0.4579,28.45,425.9828836
07/09/2013 15:00,991.1955,0.4038914,0.434,29.37,428.9279164
07/09/2013 16:00,751.038,0.843483876,0.4261,28.91,423.3917276
07/09/2013 17:00,534.4596,0.841668917,0.4288,28.34,420.4400792
07/09/2013 18:00,262.51398,1.057555871,0.4736,27.75,416.5830607
07/09/2013 19:00,25.67502,0.550145697,0.6694,22.98,408.0606583
07/09/2013 20:00,2.35791,0.132747825,0.933,17.75,393.5018666
07/09/2013 21:00,-0.26199,0.06917845,0.998,15.92,388.4499069
07/09/2013 22:00,0.26199,0.170141575,0.999,15.67,393.5989066
07/09/2013 23:00,-0.26199,0,0.999,15.19,388.2896408
07/10/2013 0:00,-0.26199,0.071048125,0.999,14.47,388.4015612
07/10/2013 1:00,-0.17466,0,0.999,13.72,386.5450944
07/10/2013 2:00,-0.26199,0.65626025,0.999,12.9,385.3750012
07/10/2013 3:00,-0.17466,0.413201,0.999,12.62,385.0019542
07/10/2013 4:00,0.8733,1.1966,0.999,11.39,383.8921777
07/10/2013 5:00,46.19757,0.6973935,0.999,11.98,384.766354
07/10/2013 6:00,228.01863,0.91053775,0.999,15.98,391.1178731
07/10/2013 7:00,414.8175,0.6076485,0.791,20.46,395.3667811
07/10/2013 8:00,658.4682,0.782097295,0.6564,24.25,408.3063187
07/10/2013 9:00,352.20189,0.6378266,0.4965,26,415.1561546
07/10/2013 10:00,639.2556,1.007594984,0.4839,26.96,420.3585879
07/10/2013 11:00,692.5269,0.729398619,0.4921,26.94,421.0681118
07/10/2013 12:00,682.0473,0.751049012,0.4435,27.9,426.4009466
07/10/2013 13:00,925.698,1.829792767,0.429,27.99,423.9063062
07/10/2013 14:00,584.93634,1.395404479,0.4215,28.76,428.5338865
07/10/2013 15:00,932.6844,0.467287238,0.4099,29.33,425.6155562
07/10/2013 16:00,745.7982,0.433803764,0.4219,28.66,419.7782366
07/10/2013 17:00,545.72517,1.345007147,0.4106,28.93,422.899952
07/10/2013 18:00,258.93345,0.311065658,0.5286,27.62,418.7230746
07/10/2013 19:00,36.6786,0.133797018,0.762,23.09,409.867369
07/10/2013 20:00,1.13529,0,0.909,20.03,404.3820949
07/10/2013 21:00,-0.26199,1.238983722,0.979,14.71,392.1545338
07/10/2013 22:00,-0.17466,0.57400618,0.999,14.73,388.7403867
07/10/2013 23:00,-0.26199,0.50107625,0.999,14.39,388.1392818
07/11/2013 0:00,-0.08733,0,0.999,13.66,386.9821124
07/11/2013 1:00,-0.26199,0.7516145,0.999,13.19,386.4553685
07/11/2013 2:00,-0.26199,0.628217782,0.999,13.31,387.3749394
07/11/2013 3:00,-0.26199,0.0747875,0.999,14.04,387.5648473
07/11/2013 4:00,0.34932,0.4281585,0.999,13.34,386.241791
07/11/2013 5:00,25.93701,0.18066445,0.999,12.73,384.466155
07/11/2013 6:00,13.44882,0.297515339,0.999,14.31,391.2555962
07/11/2013 7:00,102.26343,0.468978477,0.999,14.93,391.2693584
07/11/2013 8:00,212.03724,0.258990527,0.999,16.56,393.682857
07/11/2013 9:00,329.2341,0.199671771,0.999,17.16,393.7666236
07/11/2013 10:00,132.65427,0.386120966,0.947,18.37,396.3482768
07/11/2013 11:00,1171.0953,0.001869688,0.824,21.73,401.1614118
07/11/2013 12:00,240.68148,1.336336106,0.776,21.61,409.7657435
07/11/2013 13:00,592.79604,1.267256566,0.729,21.43,406.5428265
07/11/2013 14:00,1085.5119,0.617461459,0.999,17.33,394.3525603
07/11/2013 15:00,313.86402,1.858623733,0.82,20.57,401.8367463
07/11/2013 16:00,562.92918,1.619776503,0.6641,22.61,402.1398542
07/11/2013 17:00,510.8805,2.271216957,0.726,22.6,400.1494857
07/11/2013 18:00,128.46243,2.529712689,0.6286,20.25,401.3058864
07/11/2013 19:00,19.56192,1.776931046,0.6,18.81,398.248192
07/11/2013 20:00,2.70723,0.024305938,0.6452,17.08,390.4140657
07/11/2013 21:00,-0.26199,0,0.977,13.55,383.1441695
07/11/2013 22:00,-0.26199,0,0.999,12.19,378.0810111
07/11/2013 23:00,-0.34932,0.138356875,0.999,10.32,375.9787645
07/12/2013 0:00,-0.17466,0.92362575,0.999,9.97,377.6342307
07/12/2013 1:00,-0.26199,0.36271925,0.999,9.23,377.3005402
07/12/2013 2:00,-0.26199,0.722244216,0.999,8.72,377.0526365
07/12/2013 3:00,-0.26199,0.841361327,0.999,7.89,376.0132181
07/12/2013 4:00,0.52398,0.34215275,0.999,7.66,375.9755197
07/12/2013 5:00,42.00573,0,0.999,7.62,375.7992358
07/12/2013 6:00,219.72228,0.39637375,0.999,11.31,381.7562757
07/12/2013 7:00,414.46818,0.12713875,0.903,15.69,384.6648706
07/12/2013 8:00,701.2599,0.170674932,0.6507,20.04,391.978763
07/12/2013 9:00,889.0194,0.115027584,0.5721,21.92,400.5968426
07/12/2013 10:00,730.9521,0.864687643,0.513,21.68,403.9173716
07/12/2013 11:00,481.88694,1.016807506,0.4896,22.53,408.0346481
07/12/2013 12:00,904.7388,0.243325306,0.4772,23.48,410.8634248
07/12/2013 13:00,986.829,0.312774797,0.4347,24.41,411.9497432
07/12/2013 14:00,1123.0638,1.284469807,0.4506,24.91,412.7768169
07/12/2013 15:00,778.9836,1.739389423,0.4297,24.53,411.0693744
07/12/2013 16:00,481.10097,0.207947594,0.4358,24.03,409.412629
07/12/2013 17:00,526.07592,1.056757184,0.427,25.65,407.866023
07/12/2013 18:00,126.6285,0.778466179,0.533,22.11,401.9455405
07/12/2013 19:00,80.95491,0.886232,0.691,20.22,394.7589237
07/12/2013 20:00,2.6199,0,0.981,14.47,384.3460494
07/12/2013 21:00,-0.26199,0,0.999,12.94,380.7935795
07/12/2013 22:00,-0.17466,0.09535405,0.999,12.36,380.7120791
07/12/2013 23:00,-0.26199,0.143965925,0.999,11.82,382.918547
07/13/2013 0:00,-0.26199,0,0.999,11.31,382.5986851
07/13/2013 1:00,-0.26199,0,0.999,10.61,381.3385518
07/13/2013 2:00,0.08733,0.001869688,0.999,10.48,382.0370424
07/13/2013 3:00,-0.26199,0.47677025,0.999,10.24,381.1478134
07/13/2013 4:00,0.43665,0.7441355,0.999,9.88,381.2464528
07/13/2013 5:00,37.72656,0.64691175,0.999,10.39,381.6685853
07/13/2013 6:00,161.29851,0.4879885,0.999,12.41,387.1127086
07/13/2013 7:00,260.15607,0.9067985,0.996,14.86,389.0240256
07/13/2013 8:00,547.03512,0.063569375,0.698,20.03,397.0374279
07/13/2013 9:00,531.40305,0.7592406,0.6557,21.65,401.3831886
07/13/2013 10:00,630.5226,1.1060983,0.6126,22.77,407.1145198
07/13/2013 11:00,1240.9593,1.231817569,0.5609,24.71,415.4657575
07/13/2013 12:00,1010.4081,1.258338441,0.5156,25.84,419.5505384
07/13/2013 13:00,558.12603,0.977687465,0.5684,22.85,410.0164418
07/13/2013 14:00,1079.3988,1.366219691,0.5485,24.11,407.1283894
07/13/2013 15:00,355.69509,0.776931126,0.5216,24.17,415.0134336
07/13/2013 16:00,605.63355,0.914307837,0.4767,25.86,414.3232456
07/13/2013 17:00,523.80534,0.449196072,0.4879,25.61,410.1049197
07/13/2013 18:00,291.85686,1.496713691,0.4631,25.02,409.1623227
07/13/2013 19:00,75.62778,0.033654375,0.6176,21.64,400.1101834
07/13/2013 20:00,2.70723,0.734689715,0.925,16.33,390.9537207
07/13/2013 21:00,-0.26199,0,0.988,14.69,387.4200153
07/13/2013 22:00,-0.26199,0.454334,0.984,13.49,381.1957046
07/13/2013 23:00,-0.26199,0.459943,0.999,11.84,378.7985943
07/14/2013 0:00,-0.08733,0.23184125,0.999,11.85,383.5745803
07/14/2013 1:00,0.08733,0,0.999,12.79,387.3874839
07/14/2013 2:00,-0.34932,0.29541075,0.999,12.73,384.3222966
07/14/2013 3:00,-0.26199,0.49546725,0.999,11.37,381.1865964
07/14/2013 4:00,0.34932,0.7385265,0.999,10.48,380.3629786
07/14/2013 5:00,40.43379,0.5590365,0.999,9.84,379.5890326
07/14/2013 6:00,215.61777,0.63008475,0.997,14.33,384.7393027
07/14/2013 7:00,439.18257,0.7871385,0.777,18.2,387.8140981
07/14/2013 8:00,663.708,1.867796353,0.5833,22.91,401.1005327
07/14/2013 9:00,884.6529,1.402949793,0.4894,23.93,407.8956514
07/14/2013 10:00,1178.0817,1.491443519,0.4708,24.5,416.1610055
07/14/2013 11:00,483.8082,1.412257735,0.5245,23.48,412.5264818
07/14/2013 12:00,1171.9686,0.172021411,0.4698,25.3,419.7067155
07/14/2013 13:00,840.9879,0.209079213,0.4503,26.2,417.9890549
07/14/2013 14:00,1137.0366,0.707130087,0.4096,26.58,422.2189884
07/14/2013 15:00,935.3043,0.426899105,0.4184,27.45,421.4061402
07/14/2013 16:00,657.5949,0.799939935,0.4009,27.07,418.7064955
07/14/2013 17:00,585.54765,0.390805004,0.3828,27.67,419.8698035
07/14/2013 18:00,162.87045,0.835013858,0.6206,24.82,407.8602635
07/14/2013 19:00,88.2033,0.25614725,0.785,20.95,397.7414975
07/14/2013 20:00,2.00859,0,0.972,15.94,388.2323736
07/14/2013 21:00,-0.52398,0.018696875,0.999,13.75,382.6205839
07/14/2013 22:00,-0.26199,0.8170535,0.999,12.49,381.8690127
07/14/2013 23:00,-0.17466,0.041133125,0.999,11.85,382.3326287
07/15/2013 0:00,-0.26199,0.08226625,0.999,10.89,381.4384954
07/15/2013 1:00,-0.08733,0.37206775,0.999,10.76,382.2584161
07/15/2013 2:00,-0.26199,0.51603375,0.999,10.8,382.7590496
07/15/2013 3:00,0.17466,0,0.999,11.28,384.4580249
07/15/2013 4:00,0.08733,0,0.999,12.02,385.7645873
07/15/2013 5:00,36.50394,0.003739375,0.999,12.38,386.3328484
07/15/2013 6:00,75.80244,0.26175625,0.999,13.65,389.2908364
07/15/2013 7:00,256.57554,0.5291215,0.999,15.23,391.8529465
07/15/2013 8:00,218.49966,0.652553022,0.804,19.64,399.7128948
07/15/2013 9:00,322.2477,0.434978632,0.6621,22.17,407.7253214
07/15/2013 10:00,790.3365,1.434459815,0.6012,23.87,410.8459743
07/15/2013 11:00,740.5584,0.842086219,0.5691,24.63,415.1979424
07/15/2013 12:00,1014.7746,0.638864312,0.5005,25.89,420.1198474
07/15/2013 13:00,322.68435,0.23221038,0.5406,25.43,420.8861336
07/15/2013 14:00,910.8519,1.349603468,0.5564,25.81,415.6221966
07/15/2013 15:00,145.22979,0.504417295,0.701,23.78,413.2328816
07/15/2013 16:00,541.53333,1.11529012,0.5288,23.99,408.915803
07/15/2013 17:00,548.08308,1.528478316,0.5662,23.17,406.603348
07/15/2013 18:00,204.87618,1.604236408,0.5901,22.21,400.7039496
07/15/2013 19:00,106.80459,1.280769978,0.592,20.96,399.465026
07/15/2013 20:00,2.53257,0.766291332,0.6618,18.76,391.2176947
07/15/2013 21:00,-0.26199,0.702375571,0.86,16.35,393.8827636
07/15/2013 22:00,-0.08733,2.402967506,0.5938,18.58,395.2892398
07/15/2013 23:00,-0.26199,2.620548594,0.6664,17.05,386.4025955
07/16/2013 0:00,-0.26199,2.593637617,0.736,15.27,382.9512219
07/16/2013 1:00,-0.34932,1.837000897,0.6814,16.16,383.7266146
07/16/2013 2:00,-0.52398,0.563765691,0.709,15.08,382.0721033
07/16/2013 3:00,-0.52398,0.078526875,0.709,15.01,381.3150783
07/16/2013 4:00,0.26199,0.188838425,0.994,9.96,375.0508865
07/16/2013 5:00,28.73157,0.437686669,0.827,12.76,377.1623803
07/16/2013 6:00,228.97926,0.063953154,0.723,15.53,381.4116935
07/16/2013 7:00,451.4961,0.879939713,0.6355,18.36,388.5595601
07/16/2013 8:00,668.9478,1.112223648,0.5652,20.23,395.5264507
07/16/2013 9:00,877.6665,1.712716352,0.5134,21.46,399.2803605
07/16/2013 10:00,513.41307,1.545869851,0.5692,20.94,399.9919321
07/16/2013 11:00,1175.4618,1.160485723,0.4755,23.56,407.4795627
07/16/2013 12:00,1226.9865,1.304334432,0.4468,24.35,412.228614
07/16/2013 13:00,1219.1268,1.31110034,0.4691,25.28,414.9732219
07/16/2013 14:00,1210.3938,1.290060051,0.4182,26.4,418.6074039
07/16/2013 15:00,557.95137,0.619907917,0.5306,24.03,410.466988
07/16/2013 16:00,659.3415,1.497568273,0.4642,25.39,412.6371649
07/16/2013 17:00,538.65144,1.286726724,0.4836,26.72,412.7421083
07/16/2013 18:00,277.44741,0.899599577,0.4584,25.15,407.5939133
07/16/2013 19:00,92.74446,0.28045325,0.6338,22.47,401.814899
07/16/2013 20:00,2.27058,0,0.932,15.56,388.3715182
07/16/2013 21:00,-0.26199,0.185099075,0.999,13.14,381.3546969
07/16/2013 22:00,-0.26199,0,0.999,11.87,379.3284678
07/16/2013 23:00,-0.26199,0.79648675,0.999,10.94,380.1279201
07/17/2013 0:00,-0.26199,0.050481575,0.999,10.51,380.3105244
07/17/2013 1:00,-0.26199,0.484249,0.999,9.93,379.7939929
07/17/2013 2:00,-0.26199,0.71609025,0.999,9.3,379.0862949
07/17/2013 3:00,-0.26199,0.6730875,0.999,8.43,377.9180667
07/17/2013 4:00,0.17466,0.6188665,0.999,8.43,377.6782465
07/17/2013 5:00,31.35147,0.87501375,0.999,8.17,377.5822485
07/17/2013 6:00,210.90195,0.9423225,0.999,13.41,384.1046166
07/17/2013 7:00,421.01793,0.228101875,0.831,17.87,391.3945528
07/17/2013 8:00,649.7352,0.166402175,0.562,23.42,399.6941686
07/17/2013 9:00,862.8204,1.610625894,0.5244,25.76,412.4669113
07/17/2013 10:00,1024.3809,1.537078725,0.4742,26.68,416.2902434
07/17/2013 11:00,1125.6837,1.428995358,0.464,26.51,418.5584283
07/17/2013 12:00,1175.4618,1.255589363,0.4482,27.3,421.0755943
07/17/2013 13:00,1159.7424,0.144740852,0.4213,27.88,422.4700358
07/17/2013 14:00,1061.0595,1.697121089,0.3987,29.05,425.5611763
07/17/2013 15:00,920.4582,1.126489434,0.3914,28.58,423.1950889
07/17/2013 16:00,733.572,0.583654046,0.3984,28.99,422.8414277
07/17/2013 17:00,509.48322,0.475003667,0.4315,28.15,418.9947017
07/17/2013 18:00,280.24197,1.316112532,0.5018,27.7,415.5428387
07/17/2013 19:00,87.15534,0.35150125,0.6122,24.54,408.841584
07/17/2013 20:00,1.92126,0,0.92,17.31,393.8373625
07/17/2013 21:00,-0.26199,0.32719525,0.999,14.76,385.9363302
07/17/2013 22:00,-0.26199,0,0.999,13.25,382.6667634
07/17/2013 23:00,-0.26199,0.60016975,0.999,12.76,383.4859582
07/18/2013 0:00,-0.26199,0.688045,0.999,11.98,383.1699601
07/18/2013 1:00,-0.08733,0.73104775,0.999,11.25,382.3946407
07/18/2013 2:00,-0.26199,0.69552375,0.999,10.5,381.4129247
07/18/2013 3:00,-0.26199,0,0.999,9.92,380.5889663
07/18/2013 4:00,0.08733,0.58521225,0.999,9.5,380.0044513
07/18/2013 5:00,30.30351,0.72917825,0.999,9.34,379.9054009
07/18/2013 6:00,214.74447,0.58521225,0.999,14.35,386.9016468
07/18/2013 7:00,434.72874,0,0.854,19.3,394.561726
07/18/2013 8:00,622.6629,0.4823795,0.6333,23.84,403.0235249
07/18/2013 9:00,857.5806,0.507412719,0.5262,26.95,416.2789009
07/18/2013 10:00,915.2184,0.26668455,0.4258,28.07,422.5224263
07/18/2013 11:00,1173.7152,1.341217819,0.4207,28.77,427.17233
07/18/2013 12:00,1219.1268,1.191238994,0.3977,28.81,428.5162659
07/18/2013 13:00,1216.5069,0.662727045,0.3925,29.22,428.6242692
07/18/2013 14:00,1117.824,0.540135799,0.3775,30.01,428.2649356
07/18/2013 15:00,431.67219,1.297999462,0.4019,29.46,426.764444
07/18/2013 16:00,172.65141,0.958943745,0.5208,27.96,421.5883786
07/18/2013 17:00,237.18828,0.415432526,0.5321,27.12,417.6796569
07/18/2013 18:00,273.69222,1.051264885,0.5006,28.53,417.7570601
07/18/2013 19:00,83.92413,0.568388075,0.6431,25.88,411.6168722
07/18/2013 20:00,1.30995,0,0.967,17.48,393.6390436
07/18/2013 21:00,-0.26199,0,0.999,15.15,386.6174657
07/18/2013 22:00,-0.43665,0.8525775,0.999,14.07,384.9994386
07/18/2013 23:00,-0.26199,0.6375635,0.999,13.18,385.1975712
07/19/2013 0:00,-0.17466,0.37580725,0.999,12.74,384.7523731
07/19/2013 1:00,-0.26199,0.448725,0.999,11.8,383.766748
07/19/2013 2:00,-0.26199,0.60016975,0.999,11.27,383.0784133
07/19/2013 3:00,-0.26199,0.7142205,0.999,10.88,382.552969
07/19/2013 4:00,0.17466,0,0.999,10.29,381.7975728
07/19/2013 5:00,37.37724,0.57960325,0.999,10.65,382.2687882
07/19/2013 6:00,86.54403,0.5478185,0.999,14.67,388.2871194
07/19/2013 7:00,327.05085,0.30101975,0.999,16.95,394.1776605
07/19/2013 8:00,641.0022,0.77031125,0.709,22.08,398.7580735
07/19/2013 9:00,840.1146,0.226239926,0.479,27.95,418.3857536
07/19/2013 10:00,1009.5348,0.758339873,0.4471,28.72,425.9211862
07/19/2013 11:00,1129.1769,1.077112081,0.4882,29.42,430.2603537
07/19/2013 12:00,1188.5613,0.578298908,0.4292,29.93,432.371423
07/19/2013 13:00,1182.4482,1.136956088,0.4383,30.92,434.9534724
07/19/2013 14:00,707.373,0.772624585,0.5036,28.36,426.6654882
07/19/2013 15:00,286.70439,0.500189399,0.5017,27,424.5188454
07/19/2013 16:00,851.4675,0.075716573,0.4251,29.76,425.4238929
07/19/2013 17:00,518.7402,0.995111204,0.4882,29.6,424.4037013
07/19/2013 18:00,133.78956,0.536759834,0.6205,28.01,419.0199372
07/19/2013 19:00,51.43737,0.6786965,0.742,22.26,404.6443413
07/19/2013 20:00,1.22262,0,0.932,19.45,398.4900303
07/19/2013 21:00,-0.26199,0.28606225,0.997,16.93,391.1694533
07/19/2013 22:00,-0.08733,0.5833425,0.999,15.82,391.0816564
07/19/2013 23:00,-0.26199,0.77965975,0.999,15.2,387.6087104
07/20/2013 0:00,-0.26199,0.568385,0.999,13.68,385.5655903
07/20/2013 1:00,-0.26199,0.65065125,0.999,13.29,385.8492806
07/20/2013 2:00,-0.26199,0.878753,0.999,13.31,386.1628971
07/20/2013 3:00,-0.26199,0.34589225,0.999,12.24,384.7706274
07/20/2013 4:00,-0.08733,0.121529675,0.999,11.68,383.9442021
07/20/2013 5:00,26.54832,0.802096,0.999,11.58,383.7645772
07/20/2013 6:00,193.08663,0.52725175,0.999,15.23,389.7696013
07/20/2013 7:00,414.8175,0.679296405,0.786,21.57,394.4776746
07/20/2013 8:00,685.5405,1.51077343,0.5853,24.81,408.8898319
07/20/2013 9:00,824.3952,2.41875574,0.5388,26.08,414.6835377
07/20/2013 10:00,1001.6751,1.750101344,0.5105,27.32,420.5417847
07/20/2013 11:00,799.9428,0.955598803,0.4832,27.31,424.1388075
07/20/2013 12:00,556.11744,1.571028216,0.4874,28.43,427.9155527
07/20/2013 13:00,1104.7245,2.090671821,0.5314,27.79,423.2969314
07/20/2013 14:00,731.8254,2.446535273,0.5206,27.17,421.1117718
07/20/2013 15:00,765.0108,2.215961294,0.5074,26.75,419.0142434
07/20/2013 16:00,436.12602,1.674723398,0.47,27.45,422.4453573
07/20/2013 17:00,242.16609,1.668315566,0.5009,25.93,416.2127636
07/20/2013 18:00,153.26415,1.91435009,0.4889,25.67,411.882099
07/20/2013 19:00,42.09306,1.471473708,0.5401,23.82,406.0509989
07/20/2013 20:00,1.48461,1.0675915,0.6768,20.74,397.918867
07/20/2013 21:00,-0.26199,0.846970564,0.956,15.84,390.5309098
07/20/2013 22:00,-0.26199,0,0.989,15.68,391.4801564
07/20/2013 23:00,-0.26199,0,0.998,15.79,391.9603778
07/21/2013 0:00,-0.26199,0.2243625,0.991,15.93,390.2591876
07/21/2013 1:00,-0.26199,0.0149575,0.999,14.29,387.2252735
07/21/2013 2:00,-0.26199,0.013087813,0.999,13.26,383.5826005
07/21/2013 3:00,-0.26199,1.451050966,0.999,12.13,381.7506892
07/21/2013 4:00,0.17466,0,0.999,12.06,385.1665412
07/21/2013 5:00,31.26414,0,0.999,13.1,387.7824179
07/21/2013 6:00,259.71942,0,0.823,18.18,390.4540082
07/21/2013 7:00,428.26632,0.645811394,0.6517,21.56,396.6751521
07/21/2013 8:00,648.8619,2.063867276,0.5686,22.73,403.0373945
07/21/2013 9:00,850.5942,1.166628129,0.5082,24.44,409.4348085
07/21/2013 10:00,1043.5935,1.616188849,0.5089,24.79,411.7925746
07/21/2013 11:00,1135.29,1.415275589,0.4575,25.17,412.2306096
07/21/2013 12:00,1176.3351,1.027916749,0.4293,25.63,414.3420298
07/21/2013 13:00,1158.8691,1.697680368,0.4107,26.58,416.3865475
07/21/2013 14:00,1071.5391,2.886703354,0.378,26.97,416.7842627
07/21/2013 15:00,936.1776,2.833032218,0.3595,27.13,416.5030672
07/21/2013 16:00,735.3186,2.312706764,0.381,27.18,415.4380182
07/21/2013 17:00,519.17685,2.576168808,0.389,26.79,413.0469825
07/21/2013 18:00,286.26774,2.425619682,0.4003,26.33,410.0724765
07/21/2013 19:00,87.85398,1.467923809,0.4292,24.55,404.2895993
07/21/2013 20:00,1.22262,0,0.6422,18.9,394.1719244
07/21/2013 21:00,-0.43665,0.001869688,0.924,14.06,383.8431103
07/21/2013 22:00,-0.26199,0.340473185,0.99,12.33,379.5823677
07/21/2013 23:00,-0.26199,0.209405,0.999,11.17,377.8889979
07/22/2013 0:00,-0.26199,0.087875325,0.999,10.66,378.9178557
07/22/2013 1:00,-0.26199,0,0.999,9.86,378.8728044
07/22/2013 2:00,-0.26199,0.29915,0.999,9.44,378.6474252
07/22/2013 3:00,-0.17466,0.121529675,0.999,8.82,377.7766309
07/22/2013 4:00,-0.08733,0.274844,0.999,8.35,377.5112741
07/22/2013 5:00,23.05512,0.2898015,0.999,8.17,377.1084769
07/22/2013 6:00,225.48606,0.97410725,0.999,13.08,383.8799287
07/22/2013 7:00,437.5233,0.7273085,0.726,18.39,385.9579692
07/22/2013 8:00,669.8211,0.390889849,0.5582,23.86,402.1281899
07/22/2013 9:00,873.3,0.984750528,0.5037,25.73,412.2570236
07/22/2013 10:00,1038.3537,0.683408628,0.4535,26.61,417.3620708
07/22/2013 11:00,1147.5162,0.675267868,0.4179,27.51,420.8996801
07/22/2013 12:00,1191.1812,0.634135657,0.3554,28.15,424.4865957
07/22/2013 13:00,1171.0953,0.479417064,0.3788,29.29,427.6994256
07/22/2013 14:00,1069.7925,0.591655006,0.3619,29.91,427.8264024
07/22/2013 15:00,925.698,0.168084796,0.347,30.04,428.0465336
07/22/2013 16:00,729.2055,0.24378459,0.3897,30.95,427.5008296
07/22/2013 17:00,510.53118,0.63234423,0.3886,30.22,424.3761369
07/22/2013 18:00,282.9492,0.766900015,0.4193,29.56,420.9880535
07/22/2013 19:00,87.50466,0,0.6246,24.99,411.6241186
07/22/2013 20:00,1.13529,0,0.93,16.78,392.0984844
07/22/2013 21:00,-0.26199,0.226239926,0.98,14.4,385.1590114
07/22/2013 22:00,-0.26199,0.001869688,0.999,13.42,382.5123814
07/22/2013 23:00,-0.26199,0.0467422,0.999,12.73,382.5581984
07/23/2013 0:00,-0.08733,1.0021525,0.999,11.89,382.2994658
07/23/2013 1:00,-0.17466,0.4580735,0.999,11.06,382.0113865
07/23/2013 2:00,-0.26199,0.001869688,0.999,10.41,381.0801303
07/23/2013 3:00,-0.26199,0.1047025,0.999,10.08,380.5723228
07/23/2013 4:00,-0.17466,0.21501405,0.999,9.54,379.9640874
07/23/2013 5:00,23.40444,0.149575,0.999,9.49,379.7005287
07/23/2013 6:00,193.78527,0.89745,0.999,14.57,385.9559094
07/23/2013 7:00,416.30211,0.529124803,0.803,20.56,395.9478565
07/23/2013 8:00,657.5949,0.574042719,0.6209,25.14,403.8507799
07/23/2013 9:00,857.5806,1.268108495,0.4399,28.56,419.8931244
07/23/2013 10:00,1011.2814,1.185436408,0.3745,29.82,427.1885582
07/23/2013 11:00,1123.0638,0.39943544,0.3722,30.17,428.425452
07/23/2013 12:00,1200.7875,0.670052861,0.3532,30.93,433.4810559
07/23/2013 13:00,1171.0953,0.790302927,0.3568,32.6,439.9295423
07/23/2013 14:00,1125.6837,0.309013471,0.3899,31.96,438.6904374
07/23/2013 15:00,451.05945,0.256719747,0.3585,31.68,435.0085161
07/23/2013 16:00,627.0294,0.619160224,0.349,31.32,431.9185809
07/23/2013 17:00,387.04656,1.16317109,0.5404,28.79,424.7246141
07/23/2013 18:00,174.83466,0.842457494,0.6479,28.76,421.1027345
07/23/2013 19:00,55.54188,0.134318525,0.759,23.89,413.8051723
07/23/2013 20:00,0.26199,0,0.897,19.55,402.0880765
07/23/2013 21:00,-0.26199,0.2262322,0.892,18.5,396.1382426
07/23/2013 22:00,-0.08733,0.0448725,0.978,16.42,390.9372899
07/23/2013 23:00,-0.26199,0.3496315,0.969,15.88,388.7223652
07/24/2013 0:00,-0.26199,0.80957475,0.999,14.77,386.463761
07/24/2013 1:00,-0.26199,0,0.999,13.53,384.1123433
07/24/2013 2:00,-0.26199,0.7329175,0.999,13.08,383.324994
07/24/2013 3:00,0,0,0.999,12.5,383.2241642
07/24/2013 4:00,0.17466,0.25053825,0.999,11.97,384.3444474
07/24/2013 5:00,41.21976,0.280459482,0.999,12.92,385.7379997
07/24/2013 6:00,195.53187,0.891841,0.927,17.81,390.5116354
07/24/2013 7:00,383.29137,0.516751319,0.706,22.12,398.4317389
07/24/2013 8:00,613.0566,0.530530211,0.5323,25.06,410.2567416
07/24/2013 9:00,838.368,0.535073789,0.4916,26.53,417.6932548
07/24/2013 10:00,729.2055,0.014602726,0.4909,28.01,423.7004897
07/24/2013 11:00,1203.4074,1.476467391,0.4578,30.8,434.4442922
07/24/2013 12:00,496.64571,1.567685864,0.4566,29.3,431.1652291
07/24/2013 13:00,1176.3351,0.989834944,0.4192,31.99,437.1124327
07/24/2013 14:00,700.3866,1.337799032,0.3838,31.19,435.3811318
07/24/2013 15:00,998.1819,0.554175476,0.4101,32.36,439.4808223
07/24/2013 16:00,391.15107,0.203521291,0.5017,27.66,421.687707
07/24/2013 17:00,146.36508,0.74556459,0.6724,26.64,419.8995666
07/24/2013 18:00,99.5562,0.09722375,0.856,23.82,412.5581308
07/24/2013 19:00,11.44023,0.013087813,0.845,22.77,407.817258
07/24/2013 20:00,0.43665,0.039263425,0.947,19.46,400.4271806
07/24/2013 21:00,-0.26199,0.001869688,0.96,18.68,397.9766011
07/24/2013 22:00,-0.26199,0,0.989,17.85,395.341612
07/24/2013 23:00,-0.26199,0.001869688,0.999,17.38,393.2274198
07/25/2013 0:00,0,0.28606225,0.999,16.83,395.2733609
07/25/2013 1:00,-0.26199,0.981586,0.999,16.85,391.7457026
07/25/2013 2:00,-0.26199,0.087875325,0.999,15.3,388.3422203
07/25/2013 3:00,-0.26199,0,0.999,14.59,388.0994243
07/25/2013 4:00,0.17466,0.078526875,0.999,14.56,389.9332873
07/25/2013 5:00,7.59771,0.66934825,0.999,15.23,392.7537382
07/25/2013 6:00,36.6786,0,0.999,16.27,395.1810937
07/25/2013 7:00,62.96493,0,0.999,17.77,397.3374663
07/25/2013 8:00,63.22692,0.121529675,0.999,18.25,398.3043058
07/25/2013 9:00,268.62708,0.459943,0.834,21.56,404.3041384
07/25/2013 10:00,588.69153,0.1047025,0.6786,24.65,412.2574194
07/25/2013 11:00,1144.023,0.598311685,0.6338,26.56,419.8556702
07/25/2013 12:00,1110.8376,0.722360105,0.5593,27.77,424.1052575
07/25/2013 13:00,1333.5291,0.622212664,0.4528,31.04,439.9824334
07/25/2013 14:00,950.1504,0.973116278,0.4626,30.81,436.7154955
07/25/2013 15:00,207.49608,1.021234665,0.659,27.22,427.1943017
07/25/2013 16:00,385.1253,1.605548958,0.4648,30.03,429.2234815
07/25/2013 17:00,472.01865,1.116009385,0.511,29.39,423.2095581
07/25/2013 18:00,63.05226,0.8712745,0.5795,26.93,417.6240958
07/25/2013 19:00,36.24195,0.38141625,0.846,22.64,406.6620753
07/25/2013 20:00,0.61131,0.72917825,0.987,19.12,397.36699
07/25/2013 21:00,0.26199,0.77965975,0.999,17.87,395.9796147
07/25/2013 22:00,-0.26199,0.46181275,0.999,17.05,394.0323716
07/25/2013 23:00,-0.17466,0,0.999,16.51,391.754547
07/26/2013 0:00,0.08733,0,0.999,16.15,392.1784757
07/26/2013 1:00,-0.26199,0.473031,0.999,15.42,391.3369964
07/26/2013 2:00,-0.26199,0.55155775,0.999,14.36,389.7468778
07/26/2013 3:00,-0.26199,0.364589,0.999,14.29,389.2465185
07/26/2013 4:00,-0.17466,0.74600525,0.999,13.94,388.8323455
07/26/2013 5:00,30.82749,0.80583525,0.999,13.89,389.2923587
07/26/2013 6:00,140.6013,0.94045275,0.999,17.38,394.6416037
07/26/2013 7:00,360.06159,0.5983,0.839,22.68,400.909377
07/26/2013 8:00,610.4367,0.55155775,0.6652,26.63,413.7323425
07/26/2013 9:00,799.0695,0.609621476,0.5341,29.9,427.9171193
07/26/2013 10:00,964.1232,1.148085564,0.4616,31.14,436.1508502
07/26/2013 11:00,896.8791,0.365168622,0.4674,31.14,440.7517859
07/26/2013 12:00,741.4317,0.579452379,0.5266,28.88,429.6139414
07/26/2013 13:00,1103.8512,0.234837513,0.4427,31.78,438.5641651
07/26/2013 14:00,772.8705,0.650675427,0.4935,32.02,437.9552224
07/26/2013 15:00,119.20545,1.35828655,0.5067,28.89,431.8805696
07/26/2013 16:00,674.1876,0.914619204,0.4746,30.74,428.0540599
07/26/2013 17:00,442.41378,1.134887973,0.4496,32.02,432.6140789
07/26/2013 18:00,146.36508,0.6843055,0.5159,29.11,427.3870893
07/26/2013 19:00,31.70079,0,0.796,24.59,416.8016701
07/26/2013 20:00,0,0,0.93,21.25,404.1487737
07/26/2013 21:00,-0.26199,0,0.989,19.84,399.8647006
07/26/2013 22:00,-0.26199,0,0.999,19.22,397.4721814
07/26/2013 23:00,-0.26199,0.47490075,0.999,18.37,395.2529417
07/27/2013 0:00,-0.26199,0,0.999,17.26,393.2540581
07/27/2013 1:00,-0.26199,0,0.999,16.84,393.1465347
07/27/2013 2:00,-0.26199,0.003739375,0.999,16.67,394.3298003
07/27/2013 3:00,-0.26199,0.0280453,0.999,16.43,393.7640743
07/27/2013 4:00,-0.08733,0,0.999,15.69,392.6407589
07/27/2013 5:00,21.57051,0.06917845,0.999,15.49,391.7954303
07/27/2013 6:00,157.63065,0.76096275,0.999,18.47,395.6277848
07/27/2013 7:00,383.46603,0.155184075,0.765,24.92,402.7310017
07/27/2013 8:00,593.844,0.45059475,0.6245,28.02,418.8638157
07/27/2013 9:00,787.7166,1.20506122,0.5954,30.19,430.0478826
07/27/2013 10:00,948.4038,1.173015412,0.5577,31.8,437.4594116
07/27/2013 11:00,1052.3265,0.958188789,0.5596,31.63,438.8107148
07/27/2013 12:00,1095.1182,1.324880438,0.5273,33.16,443.6983176
07/27/2013 13:00,1102.9779,0.817652144,0.4509,34.25,448.3820117
07/27/2013 14:00,1133.5434,1.400400793,0.4106,35.15,452.470985
07/27/2013 15:00,228.62994,0.889053695,0.4842,32.61,446.3045767
07/27/2013 16:00,353.94849,0.283804778,0.6132,31.91,436.7065987
07/27/2013 17:00,145.14246,0.45277729,0.824,26.9,422.6072593
07/27/2013 18:00,258.84612,0.171380101,0.5782,33.28,432.9251298
07/27/2013 19:00,59.82105,0.50107625,0.804,26.69,421.1626991
07/27/2013 20:00,0.17466,0,0.994,22.16,407.1666894
07/27/2013 21:00,-0.26199,0,0.999,20.08,400.0213617
07/27/2013 22:00,-0.26199,0.992804,0.999,19.43,397.481091
07/27/2013 23:00,-0.26199,0.48050975,0.999,18.79,396.5272252
07/28/2013 0:00,-0.08733,0.50481575,0.999,18.15,395.1643556
07/28/2013 1:00,-0.08733,0,0.999,17.47,394.2237354
07/28/2013 2:00,0,0.003739375,0.999,17.06,394.2112162
07/28/2013 3:00,-0.26199,0.168271875,0.999,16.57,393.8199175
07/28/2013 4:00,-0.26199,0.031784675,0.999,16.1,392.9465158
07/28/2013 5:00,19.99857,0,0.999,15.43,392.0130824
07/28/2013 6:00,166.53831,0.46742175,0.999,18.49,397.158741
07/28/2013 7:00,381.10812,0,0.788,24.24,401.6804712
07/28/2013 8:00,593.75667,0.4488262,0.67,27.7,416.8766436
07/28/2013 9:00,792.0831,0.828279941,0.6205,29.46,427.3381499
07/28/2013 10:00,958.0101,1.013532784,0.5806,31.16,434.521215
07/28/2013 11:00,1053.1998,0.837757705,0.5577,32.3,439.9482185
07/28/2013 12:00,1105.5978,1.557270174,0.5176,33.81,444.2883777
07/28/2013 13:00,1102.9779,1.310576233,0.4563,34.88,448.7528838
07/28/2013 14:00,685.5405,0.672360131,0.4597,34.33,447.8833153
07/28/2013 15:00,393.68364,0.74600525,0.6084,32.29,440.4423754
07/28/2013 16:00,609.21408,0.827443979,0.5532,33.66,442.2271919
07/28/2013 17:00,454.9893,0.351998156,0.4706,35.04,443.710943
07/28/2013 18:00,227.9313,0.603709203,0.5191,33.09,437.0902184
07/28/2013 19:00,17.55333,0.051066787,0.752,27.62,425.1349036
07/28/2013 20:00,0.43665,0.60951825,0.841,24.8,412.708462
07/28/2013 21:00,0.08733,0.024305938,0.757,25.68,410.7312699
07/28/2013 22:00,-0.52398,0,0.924,22.23,404.8773523
07/28/2013 23:00,-0.26199,0.001869688,0.979,21.07,401.325247
07/29/2013 0:00,-0.26199,0,0.999,19.32,397.3292696
07/29/2013 1:00,-0.26199,0,0.999,18.38,395.2626949
07/29/2013 2:00,-0.26199,0.048611875,0.999,17.09,394.1187696
07/29/2013 3:00,-0.26199,0,0.999,16.62,394.0009037
07/29/2013 4:00,-0.26199,0.60016975,0.999,16.07,393.3060674
07/29/2013 5:00,21.39585,0,0.999,16.13,393.6510165
07/29/2013 6:00,147.06372,0.3440225,0.999,19.1,398.2228412
07/29/2013 7:00,358.22766,0.26736525,0.844,24.73,405.396075
07/29/2013 8:00,589.4775,1.13315403,0.6913,29.17,419.6056768
07/29/2013 9:00,788.5899,1.355234573,0.5368,30.9,432.1404949
07/29/2013 10:00,946.6572,1.448081178,0.5135,32.52,438.6169204
07/29/2013 11:00,1043.5935,1.542765191,0.4491,33.79,443.5079024
07/29/2013 12:00,1084.6386,0.884032069,0.4169,34.4,446.0425338
07/29/2013 13:00,917.8383,1.628626666,0.4131,35.5,451.7970623
07/29/2013 14:00,975.4761,1.886125391,0.3914,35.3,448.5306015
07/29/2013 15:00,837.4947,2.313014278,0.3661,36.34,449.0865201
07/29/2013 16:00,693.4002,1.536256217,0.3522,35.68,445.0908004
07/29/2013 17:00,348.53403,3.371870765,0.3247,33.81,437.7836997
07/29/2013 18:00,226.27203,7.059766999,0.4318,27.79,417.4992691
07/29/2013 19:00,41.83107,4.533388559,0.4085,25.87,408.8807972
07/29/2013 20:00,0.17466,1.554440249,0.4667,24.27,406.1943793
07/29/2013 21:00,-0.26199,0.516199692,0.6014,20.72,399.7125531
07/29/2013 22:00,-0.26199,0.211943747,0.5157,23,405.5197386
07/29/2013 23:00,-0.8733,0.304759,0.704,20.15,400.34326
07/30/2013 0:00,-0.34932,0.001869688,0.884,16.36,390.1196767
07/30/2013 1:00,-0.26199,0.4823795,0.5332,21.86,398.3096957
07/30/2013 2:00,-2.09592,1.462917802,0.629,20.65,402.3047988
07/30/2013 3:00,-0.61131,1.891059281,0.835,17.17,387.2165759
07/30/2013 4:00,-0.26199,0.024305938,0.96,15.02,387.8141283
07/30/2013 5:00,2.70723,0,0.911,16.15,392.7131661
07/30/2013 6:00,90.64854,0,0.6565,19.27,394.8074674
07/30/2013 7:00,425.2971,0.87501375,0.6126,20.85,394.919921
07/30/2013 8:00,229.93989,0.05235125,0.5644,21.8,406.0727115
07/30/2013 9:00,493.67649,0.918033635,0.5335,22.71,407.8018584
07/30/2013 10:00,358.48965,0.209079224,0.5687,21.96,405.488307
07/30/2013 11:00,293.51613,0.646409049,0.5103,23.05,404.6223782
07/30/2013 12:00,1180.7016,2.306022112,0.4632,25.12,410.8730231
07/30/2013 13:00,1132.6701,2.277197946,0.4311,25.97,413.4242571
07/30/2013 14:00,1208.6472,0.656718146,0.3818,26.55,417.2499657
07/30/2013 15:00,939.6708,1.390899213,0.3814,27.13,414.9040754
07/30/2013 16:00,645.3687,1.543546729,0.3754,26.51,411.6181577
07/30/2013 17:00,504.33075,1.244747114,0.3908,26.54,411.4816841
07/30/2013 18:00,256.48821,1.33729723,0.4041,25.45,407.4751301
07/30/2013 19:00,51.35004,0.931421442,0.4628,23.52,402.245859
07/30/2013 20:00,-0.61131,0.29541075,0.5006,21.65,396.853385
07/30/2013 21:00,-0.26199,0.24679875,0.816,15.6,386.8907351
07/30/2013 22:00,-0.26199,0.826402,0.954,13.67,382.0667171
07/30/2013 23:00,-0.17466,0.25801675,0.999,12.44,379.5369431
07/31/2013 0:00,-0.17466,0.2243625,0.999,11.67,382.5033493
07/31/2013 1:00,-0.17466,0.162662825,0.999,11.57,380.7746861
07/31/2013 2:00,-0.26199,0.7273085,0.999,10.5,380.1063906
07/31/2013 3:00,-0.26199,0.566518335,0.999,10.11,380.0208823
07/31/2013 4:00,-0.26199,0.480742495,0.999,9.18,379.1059839
07/31/2013 5:00,12.66285,0.33280425,0.999,9.85,381.7711401
07/31/2013 6:00,117.37152,0.28232275,0.999,12.15,385.9090277
07/31/2013 7:00,283.12386,0,0.857,17.92,389.5949789
07/31/2013 8:00,658.4682,0.284935774,0.6034,24.98,404.3282094
07/31/2013 9:00,834.0015,0.450563606,0.4967,25.74,413.3337084
07/31/2013 10:00,328.01148,1.659528497,0.5242,25.22,417.2266332
07/31/2013 11:00,222.08019,0.66224425,0.5326,25.31,417.6151586
07/31/2013 12:00,391.2384,0.593304021,0.618,25.82,418.2070118
07/31/2013 13:00,465.4689,0.532861,0.4879,27.06,423.0989535
07/31/2013 14:00,881.1597,0.484249,0.4574,27.46,424.0205741
07/31/2013 15:00,506.95065,0.231456436,0.5106,26.27,416.2919633
07/31/2013 16:00,613.0566,0.151352335,0.4263,27.11,417.4992691
07/31/2013 17:00,234.13173,1.119094982,0.4935,26.38,416.4615852
07/31/2013 18:00,88.02864,0.902857752,0.4783,25.48,410.1976827
07/31/2013 19:00,52.74732,0.2785835,0.509,24.48,411.8342572
07/31/2013 20:00,-0.08733,0,0.6736,20.7,400.7297801
07/31/2013 21:00,-0.69864,0.85070775,0.916,16.16,389.3013688
07/31/2013 22:00,-0.17466,0.001869688,0.999,14.09,384.1006454
07/31/2013 23:00,-0.26199,0,0.999,12.87,381.6036209
08/01/2013 0:00,-0.26199,0.001869688,0.999,11.73,381.2863087
08/01/2013 1:00,0.08733,0.06730875,0.999,11.62,382.5527913
08/01/2013 2:00,-0.34932,0.1346175,0.999,10.87,382.2194309
08/01/2013 3:00,-0.26199,0.018696875,0.999,10.72,381.7490928
08/01/2013 4:00,-0.26199,1.34430525,0.999,10.29,381.1800577
08/01/2013 5:00,16.41804,0,0.999,9.93,380.6167718
08/01/2013 6:00,173.17539,0.97971625,0.999,13.69,385.4840362
08/01/2013 7:00,376.91628,0.8226625,0.767,19.82,394.3065981
08/01/2013 8:00,635.7624,0.596477137,0.6668,23.62,403.8155533
08/01/2013 9:00,817.4088,1.036248954,0.5358,26.24,414.9113142
08/01/2013 10:00,1061.9328,0.827942423,0.5107,27.2,422.7738313
08/01/2013 11:00,1222.62,0.971584626,0.4829,27.81,426.6835173
08/01/2013 12:00,1199.0409,0.504635549,0.4732,28.04,425.0982205
08/01/2013 13:00,1213.0137,0.484736091,0.4455,29.04,430.0017336
08/01/2013 14:00,1025.2542,0.503626567,0.4171,30.36,430.0112318
08/01/2013 15:00,874.1733,0.720836672,0.4363,30.8,430.9784434
08/01/2013 16:00,677.6808,0.918869162,0.4037,31.47,431.1973603
08/01/2013 17:00,454.55265,0.927432849,0.4322,31.17,429.1605864
08/01/2013 18:00,236.83896,1.067912344,0.4806,29.5,422.6803245
08/01/2013 19:00,52.92198,0.47864,0.5175,26.37,412.7590473
08/01/2013 20:00,-0.26199,0,0.913,18.36,396.3416253
08/01/2013 21:00,-0.26199,0.001869688,0.997,16.38,389.5389684
08/01/2013 22:00,-0.26199,0,0.999,15.09,386.4990721
08/01/2013 23:00,-0.26199,0.28232275,0.999,14.6,387.8105717
08/02/2013 0:00,-0.26199,0.05422095,0.999,13.79,387.4079416
08/02/2013 1:00,-0.26199,0.64691175,0.999,12.91,386.2819982
08/02/2013 2:00,-0.26199,0.4580735,0.999,12.41,385.4854232
08/02/2013 3:00,-0.26199,0,0.999,11.69,384.2424762
08/02/2013 4:00,-0.08733,0,0.999,11.41,383.322456
08/02/2013 5:00,14.93343,0.64691175,0.999,11.08,382.881416
08/02/2013 6:00,170.03151,0.69926325,0.999,15.15,387.6656789
08/02/2013 7:00,374.47104,0.065439075,0.85,20.32,394.2760675
08/02/2013 8:00,608.16612,0.233710925,0.5949,25.79,406.1137687
08/02/2013 9:00,815.6622,0.556102457,0.5442,28.62,421.6579687
08/02/2013 10:00,975.4761,1.522878462,0.4794,30.53,430.0353088
08/02/2013 11:00,1080.2721,1.513523168,0.4614,31.39,432.9709396
08/02/2013 12:00,1133.5434,1.171185682,0.4181,32,434.5388369
08/02/2013 13:00,1117.824,1.303923004,0.3999,33.34,438.7895004
08/02/2013 14:00,1020.0144,1.048639731,0.3928,34.14,440.9647571
08/02/2013 15:00,880.2864,1.264179808,0.3826,34.4,440.4815883
08/02/2013 16:00,679.4274,1.34717711,0.397,34.43,439.6694442
08/02/2013 17:00,451.67076,1.142195505,0.4121,33.95,437.0397682
08/02/2013 18:00,233.78241,0.851054887,0.4579,31.98,431.0581837
08/02/2013 19:00,48.55548,0.360927242,0.543,28.51,420.4559105
08/02/2013 20:00,-0.26199,0.001869688,0.904,20.56,402.4095226
08/02/2013 21:00,-0.26199,0,0.992,18.66,395.8309398
08/02/2013 22:00,-0.17466,0.29541075,0.999,17.73,392.9901035
08/02/2013 23:00,-0.26199,0.020566563,0.999,16.85,391.3163567
08/03/2013 0:00,-0.26199,0.05235125,0.999,16.18,391.2058811
08/03/2013 1:00,-0.08733,0,0.999,15.36,390.7649172
08/03/2013 2:00,0,0,0.999,14.92,390.1580875
08/03/2013 3:00,0,0.573994,0.999,14.56,389.5430313
08/03/2013 4:00,-0.17466,0.77779,0.999,13.63,388.1596754
08/03/2013 5:00,14.93343,0.129008425,0.999,13.48,387.8699867
08/03/2013 6:00,168.63423,0,0.999,17.14,392.6308936
08/03/2013 7:00,355.17111,0.198186875,0.824,22.55,400.3235575
08/03/2013 8:00,593.23269,0.228101875,0.6223,27.84,413.6800828
08/03/2013 9:00,792.9564,1.026751141,0.5001,30.89,428.48227
08/03/2013 10:00,954.5169,1.222737092,0.4597,31.73,434.4259918
08/03/2013 11:00,1053.1998,1.243797639,0.4375,32.9,438.7064278
08/03/2013 12:00,1097.7381,1.537420825,0.4009,33.8,440.9627604
08/03/2013 13:00,1071.5391,2.047376902,0.3739,34.87,444.7067376
08/03/2013 14:00,982.4625,2.655334177,0.3356,34.97,443.4756557
08/03/2013 15:00,827.0151,1.666136049,0.2941,35.22,443.7699188
08/03/2013 16:00,649.7352,1.498743279,0.3226,35.6,442.2442771
08/03/2013 17:00,423.63783,1.31191463,0.2887,34.51,436.8273251
08/03/2013 18:00,209.76666,0.85631675,0.4035,32.42,430.0133261
08/03/2013 19:00,46.2849,0,0.6814,25.23,414.0650868
08/03/2013 20:00,-0.43665,0,0.906,19.66,398.7503267
08/03/2013 21:00,-0.34932,0.274844,0.985,17.53,392.6249946
08/03/2013 22:00,-0.26199,0.52538225,0.999,16.74,390.1781866
08/03/2013 23:00,-0.08733,0.70487225,0.999,15.69,389.0280066
08/04/2013 0:00,-0.26199,0.77031125,0.999,15.27,389.318232
08/04/2013 1:00,-0.26199,0.77779,0.999,14.96,389.7245078
08/04/2013 2:00,-0.17466,0.84883825,0.999,14.61,389.5338421
08/04/2013 3:00,-0.26199,0.6487815,0.999,14.08,388.7419504
08/04/2013 4:00,-0.17466,1.06946125,0.999,13.95,388.8301059
08/04/2013 5:00,16.85469,0.64130275,0.999,13.95,388.3760415
08/04/2013 6:00,138.06873,1.621052613,0.999,16.02,392.1722507
08/04/2013 7:00,352.28922,0.5833425,0.772,23.64,400.3706839
08/04/2013 8:00,633.1425,0.959370102,0.6814,27.14,416.4863963
08/04/2013 9:00,750.1647,1.027139399,0.4499,31.8,431.9391097
08/04/2013 10:00,911.7252,1.2713875,0.4486,32.21,434.7997756
08/04/2013 11:00,1007.7882,1.185874266,0.4085,33.53,442.9902396
08/04/2013 12:00,1057.5663,1.85397784,0.4284,34.36,446.1257515
08/04/2013 13:00,1044.4668,1.158012896,0.3987,35.47,448.6397102
08/04/2013 14:00,958.8834,1.081560405,0.3761,35.47,447.5391948
08/04/2013 15:00,821.7753,1.291975646,0.3899,35.63,447.0735945
08/04/2013 16:00,620.9163,1.151395164,0.3942,35.48,443.8647531
08/04/2013 17:00,411.06231,1.060350144,0.3835,34.22,441.3373601
08/04/2013 18:00,139.37868,1.235864914,0.4246,31.61,430.2593089
08/04/2013 19:00,11.61489,0.158923425,0.779,24.65,414.9521904
08/04/2013 20:00,-0.69864,2.883745533,0.806,22.05,405.1530998
08/04/2013 21:00,-0.26199,2.301177311,0.971,18.18,398.2967006
08/04/2013 22:00,-0.26199,1.311972019,0.999,18.21,398.8471443
08/04/2013 23:00,-0.26199,0.54033975,0.999,18.02,395.7812791
08/05/2013 0:00,-0.26199,0.564722882,0.999,17.39,389.8926947
08/05/2013 1:00,-0.17466,0.880624735,0.999,16.17,388.0494794
08/05/2013 2:00,-0.34932,0.21501405,0.999,14.89,387.8576562
08/05/2013 3:00,-0.17466,0.473031,0.999,14.34,389.3445855
08/05/2013 4:00,0,0.76657175,0.999,15.41,392.9069167
08/05/2013 5:00,16.85469,0,0.999,14.66,389.1236775
08/05/2013 6:00,160.33788,0,0.999,16.32,391.302204
08/05/2013 7:00,358.48965,0.4225495,0.961,19.35,395.0857883
08/05/2013 8:00,595.93992,0.320333667,0.828,22.42,400.5005443
08/05/2013 9:00,776.3637,0.232639033,0.765,24.71,409.1256155
08/05/2013 10:00,937.0509,0.018414286,0.712,25.83,416.9356497
08/05/2013 11:00,1033.1139,0.833008207,0.6198,27.61,424.0020853
08/05/2013 12:00,1075.0323,0.450935906,0.5506,29.61,429.976353
08/05/2013 13:00,1049.7066,0.586751451,0.5464,30.28,432.1328267
08/05/2013 14:00,960.63,0.075369524,0.4996,31.85,436.0850798
08/05/2013 15:00,829.635,0.895861245,0.4752,32.39,436.9144566
08/05/2013 16:00,642.7488,0.27235899,0.4942,32.57,436.1427915
08/05/2013 17:00,412.1976,0.150518553,0.5035,33.04,435.6353844
08/05/2013 18:00,203.39157,0.020651373,0.6531,30.66,430.0772769
08/05/2013 19:00,39.2985,0,0.856,25.82,414.9466096
08/05/2013 20:00,-0.26199,0.001869688,0.999,21.12,402.4074683
08/05/2013 21:00,-0.26199,0,0.999,19.56,397.7106155
08/05/2013 22:00,-0.26199,0,0.999,18.6,396.108245
08/05/2013 23:00,-0.26199,0.49546725,0.999,17.89,395.9237232
08/06/2013 0:00,-0.26199,0.130878125,0.999,17.35,395.3488784
08/06/2013 1:00,-0.08733,0.7086115,0.999,16.53,394.4474289
08/06/2013 2:00,-0.08733,0,0.999,16.46,393.9165999
08/06/2013 3:00,-0.26199,0,0.999,16.15,393.6441579
08/06/2013 4:00,-0.26199,0.73478725,0.999,15.61,392.8084454
08/06/2013 5:00,14.67144,0.041133125,0.999,15.57,392.500814
08/06/2013 6:00,134.13888,0.7086115,0.999,17.8,395.7951275
08/06/2013 7:00,319.97712,0,0.999,21.24,403.393812
08/06/2013 8:00,552.27492,0.225613275,0.748,25.95,410.2538901
08/06/2013 9:00,748.4181,0.114066249,0.658,29.2,425.2952981
08/06/2013 10:00,903.8655,1.000883755,0.5783,31.81,435.8312548
08/06/2013 11:00,1012.1547,0.629376904,0.5277,32.63,439.9255926
08/06/2013 12:00,1075.9056,0.817472742,0.4845,33.38,441.6201439
08/06/2013 13:00,1059.3129,1.271080941,0.426,34.31,444.3336005
08/06/2013 14:00,965.8698,2.006391619,0.4077,35.07,446.2206662
08/06/2013 15:00,824.3952,0.920093212,0.4261,35.86,446.0618081
08/06/2013 16:00,639.2556,1.11821848,0.4111,34.97,443.019706
08/06/2013 17:00,418.57269,0.896680242,0.4572,34.13,438.3468293
08/06/2013 18:00,200.33502,0.692423371,0.4801,31.97,431.3531438
08/06/2013 19:00,34.23336,0,0.711,26.14,416.2361152
08/06/2013 20:00,-0.61131,0,0.972,21.05,402.0231264
08/06/2013 21:00,-0.26199,0,0.999,19.27,396.9506055
08/06/2013 22:00,-0.26199,0,0.999,18.5,395.6739241
08/06/2013 23:00,-0.26199,0,0.999,18.28,395.3854244
08/07/2013 0:00,-0.26199,1.170425743,0.987,18.55,393.9735988
08/07/2013 1:00,0.08733,0.91053775,0.998,17.99,393.9887166
08/07/2013 2:00,-0.26199,0.21688375,0.999,17.15,391.1960713
08/07/2013 3:00,-0.26199,0.430032065,0.938,18.43,393.3411989
08/07/2013 4:00,-0.26199,0.16118398,0.825,19.03,393.2075849
08/07/2013 5:00,14.58411,0.385523159,0.974,16.79,390.8986862
08/07/2013 6:00,152.12886,0.32719525,0.939,18.7,391.4393005
08/07/2013 7:00,348.35937,0.73665675,0.6999,24.61,400.7481257
08/07/2013 8:00,558.99933,0.25053825,0.607,27.37,413.9219368
08/07/2013 9:00,764.1375,0.990962471,0.5117,28.81,422.8624508
08/07/2013 10:00,927.4446,0.925155427,0.5048,29.99,428.5226567
08/07/2013 11:00,1026.1275,0.708355023,0.4848,31.42,434.206813
08/07/2013 12:00,1070.6658,0.516697322,0.4857,31.93,436.8733327
08/07/2013 13:00,1051.4532,1.318600436,0.4764,33.31,440.0452605
08/07/2013 14:00,953.6436,1.040818153,0.4084,34.09,441.5884497
08/07/2013 15:00,818.2821,1.840084247,0.4401,34.81,443.2676113
08/07/2013 16:00,624.4095,1.50942026,0.4384,34.15,439.8790563
08/07/2013 17:00,393.15966,1.261811784,0.4774,34.21,438.3749059
08/07/2013 18:00,172.73874,0.134630483,0.5595,31.07,430.2258027
08/07/2013 19:00,24.88905,0.115980922,0.797,26.53,419.0247305
08/07/2013 20:00,-0.26199,0,0.97,21.96,405.0444356
08/07/2013 21:00,-0.26199,0,0.999,20.33,399.8622773
08/07/2013 22:00,-0.26199,0,0.999,19.15,396.4763423
08/07/2013 23:00,-0.26199,0.5422095,0.999,18.34,395.7453599
08/08/2013 0:00,-0.26199,0,0.999,17.51,394.9959185
08/08/2013 1:00,-0.26199,0.454334,0.999,16.85,393.876077
08/08/2013 2:00,-0.08733,0,0.999,16,392.2998047
08/08/2013 3:00,-0.26199,0.005609063,0.999,15.43,392.0273655
08/08/2013 4:00,0,0,0.999,15.22,391.1204425
08/08/2013 5:00,13.53615,0,0.999,14.79,390.0991663
08/08/2013 6:00,164.35506,0,0.999,17.36,394.7601847
08/08/2013 7:00,404.07591,0,0.999,20.32,402.1527812
08/08/2013 8:00,418.3107,0.41133125,0.774,24.86,407.9903527
08/08/2013 9:00,630.5226,0.913280746,0.6208,29.13,425.3173746
08/08/2013 10:00,937.9242,0.729180647,0.603,30.08,429.3965019
08/08/2013 11:00,531.8397,0.500814505,0.5579,31.54,431.5278669
08/08/2013 12:00,1079.3988,0.961281366,0.4265,34.38,443.4637829
08/08/2013 13:00,1054.9464,1.255196806,0.3522,36.66,450.6980584
08/08/2013 14:00,964.1232,2.029778997,0.3612,36.89,450.7611295
08/08/2013 15:00,773.7438,0.998569012,0.3398,37.35,451.3282763
08/08/2013 16:00,626.1561,1.23093767,0.3498,36.92,448.1739673
08/08/2013 17:00,216.92772,0.947509302,0.3584,35.11,441.8750119
08/08/2013 18:00,186.97353,0.26549575,0.517,32.65,433.253062
08/08/2013 19:00,26.199,0.125269075,0.6639,26.9,418.2114463
08/08/2013 20:00,-0.34932,0,0.876,21.78,404.701027
08/08/2013 21:00,-0.43665,0.44498575,0.941,19.63,397.8675301
08/08/2013 22:00,-0.34932,1.041416,0.988,18.37,394.3687923
08/08/2013 23:00,-0.26199,0,0.999,17.94,392.8178484
08/09/2013 0:00,-0.08733,0.946062,0.997,17.5,394.2059097
08/09/2013 1:00,-0.17466,0.151444675,0.999,16.9,390.2802957
08/09/2013 2:00,-0.26199,0.40198275,0.999,16,389.7897923
08/09/2013 3:00,-0.08733,0.97410725,0.936,17.83,393.4930661
08/09/2013 4:00,-0.17466,0,0.991,16.94,393.7022745
08/09/2013 5:00,9.16965,0.823885387,0.999,16.28,391.1343531
08/09/2013 6:00,81.39156,0.951760991,0.999,18.47,397.4819033
08/09/2013 7:00,114.4023,0.585510663,0.958,20.59,402.3369729
08/09/2013 8:00,302.59845,1.500403084,0.843,23.88,407.3559222
08/09/2013 9:00,750.1647,2.396096993,0.5792,29.16,424.850335
08/09/2013 10:00,904.7388,2.456096065,0.5008,30.83,430.8185924
08/09/2013 11:00,1007.7882,2.681119496,0.4794,31.34,432.4535625
08/09/2013 12:00,1058.4396,2.58362499,0.4578,32.09,437.0398271
08/09/2013 13:00,939.6708,1.87944617,0.4482,32.3,437.7770521
08/09/2013 14:00,926.5713,1.604628792,0.4137,32.73,438.1712255
08/09/2013 15:00,418.57269,2.228181925,0.4657,30.66,429.0361755
08/09/2013 16:00,262.33932,2.287618179,0.4944,30.31,430.8196153
08/09/2013 17:00,142.95921,1.165977634,0.5689,25.97,413.1955631
08/09/2013 18:00,52.31067,1.316351762,0.5921,23.76,408.043136
08/09/2013 19:00,-0.61131,5.252518368,0.889,18.13,397.5728729
08/09/2013 20:00,-0.26199,0.001869688,0.973,17.12,395.6153281
08/09/2013 21:00,-0.17466,0.438659802,0.999,16.87,396.0228791
08/09/2013 22:00,-0.26199,1.402006213,0.999,17,396.5551559
08/09/2013 23:00,-0.26199,1.331658589,0.999,17.18,396.0646781
08/10/2013 0:00,-0.26199,2.552770806,0.997,16.65,391.5060992
08/10/2013 1:00,-0.26199,1.461609057,0.905,16.61,390.5270619
08/10/2013 2:00,-0.26199,0.84135925,0.999,15.2,389.2901629
08/10/2013 3:00,-0.34932,0.041175586,0.999,14.01,384.9060401
08/10/2013 4:00,0,1.092671993,0.999,13.9,387.7371908
08/10/2013 5:00,3.75519,1.529337007,0.999,13.99,387.9236425
08/10/2013 6:00,53.18397,0.946948158,0.999,13.88,387.6714579
08/10/2013 7:00,161.73516,0.341268012,0.999,16.22,393.9290826
08/10/2013 8:00,299.71656,1.073215177,0.845,20.46,396.4969651
08/10/2013 9:00,734.4453,2.276755941,0.784,21.9,400.1193512
08/10/2013 10:00,809.5491,2.849738644,0.5526,22.8,407.9789197
08/10/2013 11:00,835.7481,1.694383509,0.5257,23.64,411.0979104
08/10/2013 12:00,519.6135,2.194880297,0.5017,24.11,414.7326706
08/10/2013 13:00,451.84542,2.583705872,0.5585,24,412.7818391
08/10/2013 14:00,459.53046,2.368920522,0.5391,22.9,408.082325
08/10/2013 15:00,840.1146,4.371560691,0.4866,23.38,406.9714457
08/10/2013 16:00,281.55192,2.736998079,0.4483,22.56,404.8088531
08/10/2013 17:00,408.79173,2.457223158,0.4411,22.93,401.9421202
08/10/2013 18:00,225.83538,1.430949884,0.4612,23.88,403.6892604
08/10/2013 19:00,33.36006,1.817383376,0.711,20.03,396.2249303
08/10/2013 20:00,-0.26199,0,0.99,14.43,384.5152639
08/10/2013 21:00,-0.17466,0,0.999,12.6,379.998049
08/10/2013 22:00,-0.26199,0.7983565,0.999,11.38,379.1104743
08/10/2013 23:00,-0.26199,0.60577875,0.999,10.59,379.7391429
08/11/2013 0:00,-0.26199,0.018696875,0.999,9.86,379.4558179
08/11/2013 1:00,-0.34932,0.158923425,0.999,9.31,378.7573942
08/11/2013 2:00,-0.17466,0.033654375,0.999,8.92,378.2444704
08/11/2013 3:00,-0.26199,0.837622087,0.999,8.46,377.5043393
08/11/2013 4:00,0,0,0.999,8.22,377.1241116
08/11/2013 5:00,9.16965,0.71609025,0.999,8.53,377.6755154
08/11/2013 6:00,143.48319,0.66560875,0.999,11.02,381.0190119
08/11/2013 7:00,358.9263,0.951788537,0.993,15.11,386.6432994
08/11/2013 8:00,584.76168,0.039263425,0.732,20.44,393.2381231
08/11/2013 9:00,785.97,0.179820796,0.5391,24.55,408.5338903
08/11/2013 10:00,992.0688,0.737605443,0.4716,25.78,413.9807789
08/11/2013 11:00,1170.222,0.716705056,0.4608,26.25,416.8743228
08/11/2013 12:00,882.033,0.333538835,0.4044,27.34,424.6534625
08/11/2013 13:00,1046.2134,0.458454709,0.4557,26.3,416.8180838
08/11/2013 14:00,1093.3716,1.82417966,0.3977,28.74,425.5551218
08/11/2013 15:00,756.2778,0.41694025,0.4407,28.25,428.0658856
08/11/2013 16:00,369.4059,0.770456455,0.6679,24.69,415.7083883
08/11/2013 17:00,184.61562,1.151795749,0.556,24.24,411.7966884
08/11/2013 18:00,78.07302,0.669246339,0.5762,22.98,404.496251
08/11/2013 19:00,12.75018,0,0.856,19.86,403.070286
08/11/2013 20:00,-0.26199,0,0.932,18.29,398.0906627
08/11/2013 21:00,-0.26199,0,0.987,17.85,397.7878009
08/11/2013 22:00,-0.26199,0,0.999,17.5,396.8752527
08/11/2013 23:00,-0.26199,0,0.999,17.25,395.8931618
08/12/2013 0:00,-0.17466,0,0.999,17.07,396.0850761
08/12/2013 1:00,-0.26199,0.38515575,0.983,17.32,397.2098685
08/12/2013 2:00,-0.26199,0.519773,0.999,16.68,394.7539476
08/12/2013 3:00,-0.26199,0,0.999,16.2,393.6094076
08/12/2013 4:00,-0.08733,0.237450325,0.999,16.05,393.7745324
08/12/2013 5:00,1.04796,0.233710925,0.999,16.1,394.1340841
08/12/2013 6:00,49.69077,0.47864,0.999,16.41,394.1843239
08/12/2013 7:00,105.40731,0.71796,0.998,18.04,396.4999338
08/12/2013 8:00,185.31426,0.28232275,0.863,19.61,399.876605
08/12/2013 9:00,214.13316,0.041133125,0.84,20.54,402.6919538
08/12/2013 10:00,672.441,0.18400043,0.6265,23.74,410.2744722
08/12/2013 11:00,1045.3401,0.860107055,0.5455,25.76,416.3889182
08/12/2013 12:00,1082.0187,0.492647474,0.5226,26.7,419.9002123
08/12/2013 13:00,1064.5527,0.743094292,0.5034,27.57,421.5192725
08/12/2013 14:00,964.1232,1.642784168,0.5165,28.23,420.565405
08/12/2013 15:00,854.9607,1.096595197,0.4707,28.7,420.6897324
08/12/2013 16:00,636.6357,1.289048686,0.454,28.85,419.7547757
08/12/2013 17:00,413.85687,1.252507783,0.4552,27.87,416.374054
08/12/2013 18:00,184.52829,0.852068945,0.4927,26.88,412.634258
08/12/2013 19:00,20.43522,0.282421789,0.714,21.53,402.5961123
08/12/2013 20:00,-0.34932,0,0.972,16.26,389.5408733
08/12/2013 21:00,-0.08733,0,0.999,14.52,384.9946899
08/12/2013 22:00,-0.26199,0.0448725,0.999,13.74,383.9546367
08/12/2013 23:00,0,1.11433375,0.999,13.45,387.893565
08/13/2013 0:00,-0.26199,0,0.966,15.5,387.8093
08/13/2013 1:00,-0.34932,0,0.999,13.44,382.9708106
08/13/2013 2:00,-0.26199,0,0.999,12.17,381.3550487
08/13/2013 3:00,-0.08733,1.12929125,0.999,12.5,383.896841
08/13/2013 4:00,0.08733,0.5983,0.999,12.73,386.735913
08/13/2013 5:00,5.67645,0,0.999,12.65,385.458219
08/13/2013 6:00,72.04725,0,0.999,14.38,390.6621117
08/13/2013 7:00,61.65498,0.47490075,0.999,15.87,392.9151461
08/13/2013 8:00,123.74661,0.091614675,0.999,16.73,394.923157
08/13/2013 9:00,528.95781,0.243059375,0.971,18.9,397.9438129
08/13/2013 10:00,1071.5391,0.228293361,0.6751,24.71,411.0123157
08/13/2013 11:00,586.50828,0.753484,0.5987,25.8,418.84944
08/13/2013 12:00,1096.8648,1.179920893,0.5358,27.3,422.5036705
08/13/2013 13:00,180.16179,1.698444327,0.5358,24.84,417.45497
08/13/2013 14:00,485.99145,0.357496767,0.924,18.94,398.8919661
08/13/2013 15:00,50.82606,0.731203119,0.916,18.47,399.2402163
08/13/2013 16:00,131.34432,0.214289353,0.995,17.41,397.3597992
08/13/2013 17:00,36.41661,1.274047709,0.999,17.2,396.8913077
08/13/2013 18:00,37.02792,0.865697555,0.999,17.03,395.3027685
08/13/2013 19:00,2.88189,0,0.999,16.87,395.3971809
08/13/2013 20:00,-0.26199,0.815320963,0.999,16.66,395.0223207
08/13/2013 21:00,-0.26199,0.454334,0.999,16.47,394.6765409
08/13/2013 22:00,-0.26199,0.093484375,0.999,15.99,393.2911362
08/13/2013 23:00,-0.26199,0.603920577,0.999,15.5,391.7711673
08/14/2013 0:00,-0.17466,0.693654,0.999,15.34,392.1463268
08/14/2013 1:00,-0.26199,0.26549575,0.999,15.12,391.1278883
08/14/2013 2:00,-0.26199,0.001869688,0.999,14.83,390.5203187
08/14/2013 3:00,-0.26199,0.57586375,0.999,14.34,390.5418653
08/14/2013 4:00,-0.26199,0.584312493,0.999,14.29,389.7564801
08/14/2013 5:00,0.52398,0.413239069,0.999,14.06,389.5145212
08/14/2013 6:00,24.62706,0.41507075,0.999,13.96,389.9517207
08/14/2013 7:00,64.79886,0.7871385,0.999,14.33,389.6500484
08/14/2013 8:00,200.07303,0.53286428,0.999,15.17,389.9164085
08/14/2013 9:00,339.18972,1.095391175,0.97,16.77,393.3630175
08/14/2013 10:00,431.4102,1.146965923,0.847,18.35,396.615317
08/14/2013 11:00,413.68221,1.675039664,0.828,18.6,397.079593
08/14/2013 12:00,436.47534,0.52354595,0.746,19.73,400.8960815
08/14/2013 13:00,253.257,0.031784675,0.729,19.94,401.7519715
08/14/2013 14:00,339.97569,0.616421487,0.745,20.19,402.9001066
08/14/2013 15:00,96.41232,0.850140511,0.87,18.37,399.3062147
08/14/2013 16:00,108.63852,0.449849337,0.884,18.29,397.403527
08/14/2013 17:00,119.55477,0.170541739,0.89,18.5,397.8522092
08/14/2013 18:00,79.99428,0.083719432,0.935,17.63,395.9283925
08/14/2013 19:00,7.51038,0.565091203,0.977,16.33,392.9832909
08/14/2013 20:00,-0.26199,0.489861568,0.999,14.92,389.2696883
08/14/2013 21:00,-0.26199,0.102832825,0.999,14.32,388.1269426
08/14/2013 22:00,-0.26199,0,0.999,13.62,385.9383004
08/14/2013 23:00,-0.08733,0.099093425,0.999,13.49,387.2336637
08/15/2013 0:00,-0.26199,0.12713875,0.999,12.88,385.3648734
08/15/2013 1:00,-0.17466,0.603909,0.999,11.22,381.8536685
08/15/2013 2:00,0,0.639435983,0.999,10.53,381.6528283
08/15/2013 3:00,-0.08733,1.06572364,0.999,10.43,381.2007194
08/15/2013 4:00,-0.26199,0.929236631,0.999,10.36,380.0701435
08/15/2013 5:00,5.15247,1.0862885,0.999,9.02,378.3362197
08/15/2013 6:00,131.08233,0.826404115,0.999,9.73,378.980873
08/15/2013 7:00,367.74663,0.723569,0.999,14.22,386.0228937
08/15/2013 8:00,582.40377,1.516348873,0.6485,18.65,389.3764753
08/15/2013 9:00,792.9564,1.028343547,0.4669,20.88,397.4289885
08/15/2013 10:00,947.5305,0.685206751,0.4313,21.4,399.6561346
08/15/2013 11:00,928.3179,0.473784063,0.4216,22.17,402.7545826
08/15/2013 12:00,1174.5885,0.983427188,0.404,22.85,406.5807877
08/15/2013 13:00,1308.2034,0.921530344,0.3675,25.25,416.7975508
08/15/2013 14:00,1138.7832,0.658950131,0.3953,24.75,410.4611608
08/15/2013 15:00,863.6937,0.423479183,0.4171,23.56,406.962385
08/15/2013 16:00,659.3415,0.39203304,0.3944,24.56,407.679658
08/15/2013 17:00,435.7767,0.95541025,0.4313,23.8,405.3891486
08/15/2013 18:00,67.94274,0.910908156,0.6879,18.94,393.5865997
08/15/2013 19:00,10.91625,0.047667877,0.922,15.23,386.1202144
08/15/2013 20:00,-0.43665,0.001869688,0.999,12.18,378.5492145
08/15/2013 21:00,-0.61131,0.4935975,0.999,10.24,375.3103971
08/15/2013 22:00,-0.26199,0.190708125,0.999,9.69,377.2636713
08/15/2013 23:00,-0.26199,0.76096275,0.999,8.98,377.1149849
08/16/2013 0:00,-0.26199,0.86566525,0.999,8.09,376.3165213
08/16/2013 1:00,-0.17466,0.75909325,0.999,7.37,375.4483343
08/16/2013 2:00,-0.26199,0.903059,0.999,6.684,374.4999926
08/16/2013 3:00,-0.17466,1.022719,0.999,6.339,373.7912432
08/16/2013 4:00,-0.26199,0.7216995,0.999,5.961,373.5481481
08/16/2013 5:00,4.19184,0.882494481,0.999,5.785,373.3790291
08/16/2013 6:00,116.49822,0.63569375,0.999,7.02,374.6382532
08/16/2013 7:00,335.43453,0.35524075,0.999,13,384.8696118
08/16/2013 8:00,565.11243,0.52164275,0.6732,18.33,385.6370502
08/16/2013 9:00,774.6171,1.331852832,0.5328,22.69,400.3466221
08/16/2013 10:00,942.2907,0.692847321,0.4725,22.91,404.3950843
08/16/2013 11:00,1057.5663,0.655439598,0.416,23.91,407.9380578
08/16/2013 12:00,1103.8512,0.420184959,0.4248,25.32,412.4560487
08/16/2013 13:00,1085.5119,0.967763333,0.4138,25.48,412.1301503
08/16/2013 14:00,984.2091,0.231871404,0.3879,26.14,413.038573
08/16/2013 15:00,838.368,0.942237196,0.3912,26.18,413.6176228
08/16/2013 16:00,642.7488,0.507302535,0.3864,26.84,412.9298443
08/16/2013 17:00,408.61707,0.6618695,0.4186,26.8,411.050014
08/16/2013 18:00,175.88262,0,0.5268,25.33,406.7820799
08/16/2013 19:00,11.96421,0,0.845,17.59,393.7012343
08/16/2013 20:00,-0.34932,0,0.998,13,381.5179486
08/16/2013 21:00,-0.26199,0,0.999,11.49,378.2518204
08/16/2013 22:00,-0.26199,0.532861,0.999,10.57,378.9358096
08/16/2013 23:00,-0.26199,1.005892,0.999,9.64,378.5687254
08/17/2013 0:00,-0.26199,0.47116125,0.999,8.93,378.097744
08/17/2013 1:00,-0.26199,0.91614675,0.999,8.32,377.2767115
08/17/2013 2:00,-0.26199,0.213144375,0.999,7.9,376.7525105
08/17/2013 3:00,-0.26199,0,0.999,7.48,376.2297412
08/17/2013 4:00,-0.26199,0.67121775,0.999,7.11,375.6365365
08/17/2013 5:00,4.71582,0,0.999,6.874,375.5178427
08/17/2013 6:00,110.12313,0.747875,0.999,8.34,377.063325
08/17/2013 7:00,316.48392,0,0.999,14.17,386.9366062
08/17/2013 8:00,551.22696,0.46181275,0.761,19.43,390.2976971
08/17/2013 9:00,769.3773,0.444851992,0.5951,24.1,405.0775334
08/17/2013 10:00,929.1912,1.344558787,0.4976,25.74,413.0111755
08/17/2013 11:00,1034.8605,0.749219966,0.4767,26.77,416.9279772
08/17/2013 12:00,1082.892,0.757613519,0.455,27.27,419.3757731
08/17/2013 13:00,1053.1998,0.926507094,0.4647,28.39,421.5493946
08/17/2013 14:00,956.2635,0.977490732,0.4383,28.67,421.8014365
08/17/2013 15:00,801.6894,1.066610489,0.4318,29.25,422.9751491
08/17/2013 16:00,601.26705,0.834412891,0.4564,29.24,421.7689257
08/17/2013 17:00,375.95565,0.509039418,0.4618,29.04,419.2872792
08/17/2013 18:00,154.66143,0.450342481,0.5297,27.21,414.0059216
08/17/2013 19:00,9.78096,0,0.851,19.99,401.0371417
08/17/2013 20:00,-0.34932,0,0.999,16.06,389.3790171
08/17/2013 21:00,-0.34932,0.009348438,0.999,14.75,385.880695
08/17/2013 22:00,-0.17466,0.998413,0.999,13.9,384.8506145
08/17/2013 23:00,-0.26199,0.81518375,0.999,13.06,384.7316551
08/18/2013 0:00,-0.34932,0.39263425,0.999,11.98,384.1794854
08/18/2013 1:00,-0.26199,0.98906475,0.999,11.57,383.5338625
08/18/2013 2:00,-0.26199,0.7329175,0.999,11,382.8460021
08/18/2013 3:00,0,0.2262322,0.999,10.63,382.0844965
08/18/2013 4:00,-0.17466,0.114050925,0.999,9.91,381.4380327
08/18/2013 5:00,3.92985,0,0.999,10.09,381.3356733
08/18/2013 6:00,98.42091,0.3197165,0.999,11.07,382.64897
08/18/2013 7:00,322.77168,0.65065125,0.999,16.98,393.0726531
08/18/2013 8:00,549.56769,0.129008425,0.736,22.19,396.2601167
08/18/2013 9:00,740.5584,1.1966,0.6051,25.13,409.6513129
08/18/2013 10:00,899.499,1.338688475,0.5614,27.34,418.2458606
08/18/2013 11:00,1005.1683,1.386402093,0.4997,29.01,424.0772755
08/18/2013 12:00,1053.1998,1.202009865,0.4702,29.54,426.7394941
08/18/2013 13:00,1040.1003,1.168711817,0.4354,30.58,429.0357155
08/18/2013 14:00,951.0237,1.177233652,0.4079,30.93,429.1201012
08/18/2013 15:00,809.5491,1.288324647,0.3844,31.32,427.7017344
08/18/2013 16:00,613.0566,1.115570696,0.3942,31.04,426.7702771
08/18/2013 17:00,383.02938,0.925306575,0.4339,30.3,422.3667777
08/18/2013 18:00,160.07589,0.302016812,0.5258,28.47,417.5461968
08/18/2013 19:00,6.1131,0,0.85,20.26,400.3516922
08/18/2013 20:00,-0.52398,0,0.999,16.06,388.6601286
08/18/2013 21:00,-0.26199,1.06385225,0.999,14.36,385.094175
08/18/2013 22:00,-0.17466,1.0862885,0.999,13.91,385.4423665
08/18/2013 23:00,-0.26199,1.0133705,0.999,13.72,384.9280526
08/19/2013 0:00,-0.26199,0,0.999,13.07,384.4786232
08/19/2013 1:00,-0.26199,0.651427137,0.999,12.62,384.2738711
08/19/2013 2:00,0,0.11966,0.999,11.88,383.8304944
08/19/2013 3:00,-0.26199,0.508555,0.999,11.28,383.159018
08/19/2013 4:00,-0.26199,0.9535405,0.999,10.97,382.8966726
08/19/2013 5:00,4.27917,0.5235125,0.999,10.82,382.6037098
08/19/2013 6:00,67.76808,0.32532575,0.999,11.7,384.2287307
08/19/2013 7:00,294.38943,0.003739375,0.999,17.04,394.781825
08/19/2013 8:00,349.66932,0.69926325,0.809,21.56,401.1346694
08/19/2013 9:00,694.2735,0.38332704,0.6196,26.39,412.2839089
08/19/2013 10:00,915.2184,1.113115818,0.5615,28.32,423.4495028
08/19/2013 11:00,856.7073,1.604703951,0.5191,28.72,425.6420387
08/19/2013 12:00,1086.3852,0.548784457,0.5018,30.26,430.5891579
08/19/2013 13:00,1065.426,0.673879097,0.4918,30.64,432.3346696
08/19/2013 14:00,392.37369,1.494334087,0.5341,29.53,427.5942241
08/19/2013 15:00,293.07948,1.759082768,0.5046,29.91,427.0406807
08/19/2013 16:00,587.29425,0.454083814,0.4844,30.29,424.7682523
08/19/2013 17:00,341.98428,0.698297674,0.4912,29.9,423.7878979
08/19/2013 18:00,61.131,0.109020579,0.6324,25.74,413.9936888
08/19/2013 19:00,5.76378,0,0.936,20.33,400.7590621
08/19/2013 20:00,-0.26199,0,0.999,17.83,393.7592275
08/19/2013 21:00,0.08733,1.147490034,0.711,21.95,399.4664273
08/19/2013 22:00,-0.17466,1.699392813,0.5589,22.07,404.5862275
08/19/2013 23:00,-0.26199,0.963193972,0.548,21.65,405.3607443
08/20/2013 0:00,-0.26199,1.382553809,0.846,16.99,394.5491716
08/20/2013 1:00,-0.26199,1.087258247,0.947,16.17,393.9195281
08/20/2013 2:00,-0.26199,0.205665625,0.999,15.07,390.9822572
08/20/2013 3:00,-0.26199,0.502946,0.999,14.89,391.2454736
08/20/2013 4:00,0,0,0.999,14.55,391.1944279
08/20/2013 5:00,1.30995,1.112503278,0.999,14.88,391.511997
08/20/2013 6:00,30.65283,0.915517006,0.999,14.95,392.0424841
08/20/2013 7:00,75.36579,0.467829236,0.999,15.88,393.9895149
08/20/2013 8:00,76.93773,0.871196272,0.999,16.95,396.1825699
08/20/2013 9:00,126.27918,1.318394811,0.945,17.79,397.4877436
08/20/2013 10:00,362.94348,1.782160428,0.92,18.11,396.8396224
08/20/2013 11:00,334.29924,0.725065058,0.6856,20.09,400.7635096
08/20/2013 12:00,483.45888,1.599397099,0.6498,20.96,403.6853725
08/20/2013 13:00,478.21908,2.497097604,0.6475,20.87,403.4807121
08/20/2013 14:00,432.80748,2.824692214,0.5842,21.11,404.3773066
08/20/2013 15:00,199.19973,2.031537429,0.6142,20.42,403.2181561
08/20/2013 16:00,212.38656,2.224580025,0.6248,19.68,400.4095618
08/20/2013 17:00,155.18541,3.108028028,0.6089,19.73,397.2458572
08/20/2013 18:00,57.20115,1.396481465,0.701,17.47,393.8320264
08/20/2013 19:00,3.23121,0.683487891,0.979,14.21,387.8263953
08/20/2013 20:00,-0.26199,1.186608075,0.999,13.28,384.8672127
08/20/2013 21:00,-0.08733,1.488352395,0.999,12.6,384.9827924
08/20/2013 22:00,-0.26199,1.722672236,0.999,12.57,384.6762249
08/20/2013 23:00,-0.26199,2.020536256,0.999,12.23,381.5071045
08/21/2013 0:00,0.43665,1.611714951,0.908,13.6,385.967487
08/21/2013 1:00,-0.52398,1.188399195,0.714,15.73,388.8771019
08/21/2013 2:00,-0.26199,1.205675942,0.989,12.96,386.0151872
08/21/2013 3:00,-0.26199,0.567554126,0.994,12.76,384.0958026
08/21/2013 4:00,0.08733,0.845365449,0.981,12.87,386.2331453
08/21/2013 5:00,0.69864,1.004667935,0.6658,16.03,391.6788353
08/21/2013 6:00,54.66858,0.810733222,0.6615,16.25,392.3363003
08/21/2013 7:00,157.194,1.141166598,0.656,16.87,392.6199933
08/21/2013 8:00,601.96569,1.833409532,0.6141,18.35,393.3408466
08/21/2013 9:00,569.74092,2.065448783,0.5888,19.17,397.4156397
08/21/2013 10:00,980.7159,2.419171176,0.5554,20.84,400.3708431
08/21/2013 11:00,1057.5663,2.842343503,0.5478,21.81,401.7396964
08/21/2013 12:00,1109.091,2.726021349,0.5172,22.2,404.7871562
08/21/2013 13:00,1029.6207,2.483087124,0.503,23.27,405.6840383
08/21/2013 14:00,927.4446,2.713944943,0.4914,23.68,406.6518737
08/21/2013 15:00,778.9836,2.200491863,0.4592,23.49,405.382285
08/21/2013 16:00,579.25989,1.873665577,0.466,23.57,404.6067737
08/21/2013 17:00,347.5734,2.881597565,0.4697,22.63,401.2359777
08/21/2013 18:00,126.27918,2.140229574,0.5009,21.41,397.0688905
08/21/2013 19:00,3.40587,1.156337733,0.6997,17.32,389.7425839
08/21/2013 20:00,-0.26199,0.0448725,0.975,12.53,381.236966
08/21/2013 21:00,-0.26199,0,0.999,11.18,377.9951328
08/21/2013 22:00,-0.34932,0.177620325,0.999,10.09,376.7917082
08/21/2013 23:00,-0.17466,0,0.999,9.84,379.2780428
08/22/2013 0:00,-0.34932,0.001869688,0.999,9.67,378.9205166
08/22/2013 1:00,-0.17466,0,0.999,8.97,377.9209847
08/22/2013 2:00,0.34932,0.78366892,0.999,9.38,378.9533654
08/22/2013 3:00,-0.17466,0,0.999,10.99,379.8683079
08/22/2013 4:00,-0.08733,0.80022625,0.999,9.1,379.0219051
08/22/2013 5:00,1.7466,1.155480364,0.999,9.9,381.1859388
08/22/2013 6:00,60.34503,0.818923,0.999,10.91,380.4295273
08/22/2013 7:00,321.02508,0.033654375,0.858,13.93,381.0922533
08/22/2013 8:00,549.39303,0.589248201,0.71,17.62,389.514484
08/22/2013 9:00,741.4317,1.901740518,0.558,20.19,396.4842629
08/22/2013 10:00,909.9786,2.30072239,0.4865,21.8,401.9141438
08/22/2013 11:00,1011.2814,1.248011841,0.4899,22.4,404.0663724
08/22/2013 12:00,1045.3401,1.346394411,0.4537,23.7,408.9133225
08/22/2013 13:00,1037.4804,0.963119654,0.4383,24.8,411.6602775
08/22/2013 14:00,951.897,0.971044783,0.429,25.41,412.6863116
08/22/2013 15:00,705.6264,0.230389203,0.4128,26.35,413.4121242
08/22/2013 16:00,568.16898,1.263941815,0.4201,25.89,411.3859917
08/22/2013 17:00,343.03224,1.293176494,0.4507,24.7,407.8851755
08/22/2013 18:00,132.13029,1.272852098,0.5641,23.17,402.297167
08/22/2013 19:00,4.3665,0.70674175,0.779,17.15,390.669026
08/22/2013 20:00,-0.26199,0,0.999,13.11,381.3801706
08/22/2013 21:00,-0.26199,0.005609063,0.999,11.37,378.2212881
08/22/2013 22:00,-0.26199,1.13490025,0.999,10.49,378.6433954
08/22/2013 23:00,0.08733,1.415354735,0.999,9.61,378.6366866
08/23/2013 0:00,-0.34932,0.9965435,0.999,8.94,378.3833238
08/23/2013 1:00,-0.08733,0.89931975,0.999,8.64,378.0858395
08/23/2013 2:00,0,1.170461583,0.999,8.23,377.4723532
08/23/2013 3:00,-0.26199,1.13490025,0.999,7.72,376.9826582
08/23/2013 4:00,-0.26199,0.873144,0.999,7.62,376.9330485
08/23/2013 5:00,1.65927,0.0149575,0.999,7.28,376.2273283
08/23/2013 6:00,61.04367,0.79648675,0.999,7.63,376.8239933
08/23/2013 7:00,299.71656,0.58708175,0.999,13.17,386.3593255
08/23/2013 8:00,513.58773,0.114050925,0.734,18.08,387.6723102
08/23/2013 9:00,714.3594,0.573579719,0.5802,21.9,400.4102222
08/23/2013 10:00,880.2864,0.841635689,0.5618,23.12,406.8738345
08/23/2013 11:00,967.6164,1.149432157,0.5039,24.23,410.2542853
08/23/2013 12:00,759.771,1.060987822,0.475,25.52,414.4966505
08/23/2013 13:00,960.63,1.115062939,0.4675,26.5,417.4657979
08/23/2013 14:00,888.1461,1.240206247,0.4767,26.92,420.923895
08/23/2013 15:00,468.52545,0.568928978,0.5129,25.94,415.7930622
08/23/2013 16:00,383.72802,0.572872422,0.5687,25.43,412.8856633
08/23/2013 17:00,275.70081,0.462402802,0.5709,26.04,411.4625928
08/23/2013 18:00,120.16608,0,0.764,22.48,404.4902557
08/23/2013 19:00,2.88189,0,0.988,17.48,393.465961
08/23/2013 20:00,-0.26199,0,0.999,16,389.5518288
08/23/2013 21:00,-0.26199,0,0.999,15.73,391.6836187
08/23/2013 22:00,-0.26199,0,0.999,14.61,385.8292651
08/23/2013 23:00,-0.17466,0.162662825,0.999,13.41,385.186507
08/24/2013 0:00,-0.26199,0.51042475,0.999,12.82,385.8378276
08/24/2013 1:00,-0.26199,0.777792247,0.999,13.19,387.5823349
08/24/2013 2:00,-0.17466,0.8170535,0.999,13.26,388.1509743
08/24/2013 3:00,0.08733,1.306977031,0.999,14.77,391.4925106
08/24/2013 4:00,-0.08733,0.012542245,0.999,14.51,391.0755685
08/24/2013 5:00,0.34932,0,0.999,14.96,391.9187895
08/24/2013 6:00,7.07373,0,0.999,14.97,392.3734133
08/24/2013 7:00,41.48175,0.001869688,0.999,15.38,392.975077
08/24/2013 8:00,89.77524,0.0430028,0.999,15.79,393.6782675
08/24/2013 9:00,173.52471,0.093559133,0.999,16.75,395.2253193
08/24/2013 10:00,100.95348,0.03328884,0.978,17.36,396.3396079
08/24/2013 11:00,179.46315,0.568145025,0.999,16.92,396.9643734
08/24/2013 12:00,198.85041,0.958945505,0.999,16.96,397.3075326
08/24/2013 13:00,163.91841,0.05422095,0.999,16.97,397.1923305
08/24/2013 14:00,332.63997,0.60016975,0.998,18.05,400.2869163
08/24/2013 15:00,328.88478,0.108441875,0.951,17.99,397.5151773
08/24/2013 16:00,301.89981,0.28681883,0.9,18.8,399.2554165
08/24/2013 17:00,161.82249,0,0.825,19.22,399.0574884
08/24/2013 18:00,158.32929,0.4524645,0.78,20.29,400.2284143
08/24/2013 19:00,2.00859,0,0.999,16,389.0658816
08/24/2013 20:00,-0.26199,0,0.999,13.83,384.9500563
08/24/2013 21:00,-0.26199,0.63008475,0.999,12.6,384.9633749
08/24/2013 22:00,0,0,0.999,11.43,384.4839318
08/24/2013 23:00,-0.08733,0,0.999,11.26,384.4902247
08/25/2013 0:00,-0.08733,0,0.999,11.08,384.5279203
08/25/2013 1:00,-0.26199,0,0.999,10.86,383.9060211
08/25/2013 2:00,-0.26199,0,0.999,9.74,381.8510606
08/25/2013 3:00,-0.17466,0.6543905,0.999,9.65,380.8447177
08/25/2013 4:00,-0.08733,0.65065125,0.999,9.29,380.2253899
08/25/2013 5:00,3.92985,0.35711025,0.999,8.82,379.8258993
08/25/2013 6:00,49.69077,0,0.999,10.56,383.2657369
08/25/2013 7:00,60.43236,0.28045325,0.999,12.24,387.5110376
08/25/2013 8:00,43.05369,0.181359675,0.999,13.07,388.9422629
08/25/2013 9:00,250.37511,0,0.999,14.35,391.3521223
08/25/2013 10:00,129.77238,0,0.999,15.2,392.8735441
08/25/2013 11:00,178.93917,1.464652891,0.999,15.93,393.1720228
08/25/2013 12:00,75.1038,0.67495725,0.999,15.53,393.9501122
08/25/2013 13:00,162.17181,0.403856828,0.999,15.96,395.2474619
08/25/2013 14:00,152.21619,0.065439075,0.999,16.34,395.9657974
08/25/2013 15:00,51.87402,0.26175625,0.999,15.97,395.2962798
08/25/2013 16:00,108.90051,0.551430978,0.999,16.19,395.2516956
08/25/2013 17:00,74.31783,0.675958508,0.999,16.56,396.1252373
08/25/2013 18:00,24.80172,0.065439075,0.999,16.04,394.5712463
08/25/2013 19:00,0.78597,0.03739375,0.999,15.43,391.9181853
08/25/2013 20:00,-0.26199,0.364589,0.999,14.63,385.880695
08/25/2013 21:00,-0.17466,0.05422095,0.999,12.94,386.6668222
08/25/2013 22:00,0,0.3197165,0.999,13.87,390.1416177
08/25/2013 23:00,0.08733,0.2841925,0.999,14.25,391.2815841
08/26/2013 0:00,-0.26199,0,0.999,14.58,391.8386701
08/26/2013 1:00,-0.17466,0,0.999,14.36,391.4189618
08/26/2013 2:00,-0.26199,0.058560332,0.999,14.11,389.6455564
08/26/2013 3:00,-0.08733,0.22997915,0.999,13.11,388.0684207
08/26/2013 4:00,-0.26199,0.27297425,0.999,12.79,387.7427471
08/26/2013 5:00,0.61131,1.11247814,0.999,12.57,386.2917834
08/26/2013 6:00,25.84968,0.906891015,0.999,12.57,387.3080413
08/26/2013 7:00,76.58841,0.88062275,0.999,13.14,387.9025471
08/26/2013 8:00,115.45026,0,0.999,13.77,390.0202015
08/26/2013 9:00,184.52829,0.001869688,0.999,14.55,390.7990982
08/26/2013 10:00,433.33146,0.371258983,0.999,15.8,389.8843221
08/26/2013 11:00,608.6901,0.23833932,0.835,18.34,395.8439387
08/26/2013 12:00,1084.6386,1.181851108,0.6981,21.22,404.1052906
08/26/2013 13:00,1160.6157,1.11742261,0.6593,22.95,412.0533168
08/26/2013 14:00,1114.3308,0.636147388,0.5987,23.66,412.7693458
08/26/2013 15:00,582.05445,1.6025361,0.6454,22.68,409.0611023
08/26/2013 16:00,210.02865,1.897729066,0.77,20.03,401.0648205
08/26/2013 17:00,180.94776,0.878880289,0.78,19.5,399.6383676
08/26/2013 18:00,67.2441,0.02243625,0.825,18.52,397.2475577
08/26/2013 19:00,0.8733,0.748904955,0.999,16.4,395.213083
08/26/2013 20:00,-0.26199,0.001869688,0.999,16.56,394.8422626
08/26/2013 21:00,-0.26199,0,0.999,15.94,393.4375005
08/26/2013 22:00,-0.26199,0.4524645,0.999,15.59,393.7803403
08/26/2013 23:00,-0.26199,0.31597725,0.999,15.13,393.2087297
08/27/2013 0:00,-0.26199,0,0.999,14.87,391.9024008
08/27/2013 1:00,-0.17466,0,0.999,14.78,391.5189318
08/27/2013 2:00,0.08733,0,0.999,14.67,392.0853637
08/27/2013 3:00,-0.26199,0,0.999,14.65,392.2089421
08/27/2013 4:00,-0.08733,0.486927077,0.999,14.47,391.6350886
08/27/2013 5:00,0,0.293541,0.999,14.47,391.8860229
08/27/2013 6:00,11.61489,0,0.999,14.29,390.5832533
08/27/2013 7:00,55.19256,0,0.999,14.78,392.3079487
08/27/2013 8:00,150.90624,0,0.999,15.83,394.1303464
08/27/2013 9:00,659.3415,0.00747875,0.999,16.77,396.448055
08/27/2013 10:00,271.42164,1.365122976,0.945,17.74,397.6139572
08/27/2013 11:00,320.58843,1.338249582,0.908,18.73,400.0263665
08/27/2013 12:00,1236.5928,1.112055547,0.921,19.79,399.5200821
08/27/2013 13:00,573.84543,1.29744184,0.835,20.36,407.1992422
08/27/2013 14:00,555.33147,0.27707356,0.756,21.49,403.7208525
08/27/2013 15:00,609.30141,0.339733137,0.758,21.42,404.0601635
08/27/2013 16:00,240.24483,0.772181,0.773,21.32,399.8817358
08/27/2013 17:00,100.69149,0.033654375,0.892,20.19,402.9483376
08/27/2013 18:00,114.48963,0,0.963,19.81,397.6431372
08/27/2013 19:00,0.61131,0.663739,0.999,17.77,396.9694698
08/27/2013 20:00,0,0.009348438,0.999,17.2,393.419494
08/27/2013 21:00,-0.26199,0,0.999,16.39,390.3987136
08/27/2013 22:00,-0.08733,0.26549575,0.999,15.84,392.6641807
08/27/2013 23:00,0.26199,0.7441355,0.999,15.82,394.0589102
08/28/2013 0:00,-0.26199,0.83763878,0.996,16.42,395.5519917
08/28/2013 1:00,-0.34932,1.077462389,0.999,15.11,392.7099922
08/28/2013 2:00,-0.26199,0.992804,0.999,14.47,391.0105393
08/28/2013 3:00,-0.26199,0.001869688,0.999,14.28,390.1143165
08/28/2013 4:00,-0.26199,0.64504225,0.999,14.32,390.7150969
08/28/2013 5:00,0.26199,0.38702525,0.999,14.14,390.3749866
08/28/2013 6:00,15.10809,0,0.999,13.88,389.542914
08/28/2013 7:00,84.7101,0.428121695,0.999,14.11,384.3685712
08/28/2013 8:00,361.98285,0.69456305,0.999,16.8,389.0725935
08/28/2013 9:00,142.69722,1.204615791,0.938,17.78,397.5379903
08/28/2013 10:00,125.58054,1.499280709,0.989,16.77,396.6318188
08/28/2013 11:00,307.4016,1.514461878,0.936,18.05,398.6705171
08/28/2013 12:00,185.83824,0.786745468,0.962,17.35,397.3321826
08/28/2013 13:00,229.76523,1.741221332,0.939,17.95,397.2406144
08/28/2013 14:00,154.31211,1.815932618,0.866,18.28,398.8091587
08/28/2013 15:00,71.26128,1.718424889,0.887,17.1,394.9759643
08/28/2013 16:00,166.8003,0.796488944,0.977,16.7,395.9116451
08/28/2013 17:00,53.44596,1.247452863,0.999,15.75,393.540139
08/28/2013 18:00,21.8325,0.158350505,0.999,15.45,391.3562956
08/28/2013 19:00,0.43665,0.214688657,0.999,14.78,390.2607302
08/28/2013 20:00,-0.26199,1.047191923,0.999,14.22,389.6634987
08/28/2013 21:00,-0.26199,0.256208656,0.999,14.09,389.7003742
08/28/2013 22:00,-0.26199,1.002705106,0.999,14.17,389.0950975
08/28/2013 23:00,-0.17466,1.4829369,0.999,13.91,389.7733573
08/29/2013 0:00,-0.26199,1.49968648,0.999,13.78,388.6276093
08/29/2013 1:00,-0.26199,1.262793573,0.999,13.27,385.2924445
08/29/2013 2:00,-0.34932,0.987494175,0.999,12.41,382.4722067
08/29/2013 3:00,-0.26199,0.940519808,0.999,11.01,381.0072257
08/29/2013 4:00,-0.26199,0.148743,0.999,10.5,379.92194
08/29/2013 5:00,0.34932,0.349636499,0.999,10.22,380.866921
08/29/2013 6:00,52.04868,0.693654,0.999,11,380.6549372
08/29/2013 7:00,96.063,0.166496678,0.999,12.91,386.5053139
08/29/2013 8:00,148.19901,0.34762124,0.999,14.36,389.4269332
08/29/2013 9:00,310.45815,0.681125954,0.999,16.99,392.905177
08/29/2013 10:00,896.0058,1.153901776,0.6617,19.43,396.8136766
08/29/2013 11:00,881.1597,2.066195075,0.5568,21.03,402.0935391
08/29/2013 12:00,798.1962,1.545780441,0.5278,21.55,404.5667405
08/29/2013 13:00,885.5262,1.931780767,0.4884,22.02,401.1043792
08/29/2013 14:00,926.5713,2.241520569,0.4647,22.8,402.307306
08/29/2013 15:00,785.97,1.271663845,0.4385,22.8,401.8584113
08/29/2013 16:00,488.00004,1.041133985,0.4452,23,400.9717292
08/29/2013 17:00,102.1761,1.654373427,0.5205,19.69,395.055044
08/29/2013 18:00,55.27989,0.839014746,0.5678,17.75,391.8056741
08/29/2013 19:00,0.43665,0.518766684,0.82,15.1,390.2859351
08/29/2013 20:00,-0.26199,0.34028325,0.999,13.53,386.3405081
08/29/2013 21:00,-0.26199,0,0.999,11.71,379.7936237
08/29/2013 22:00,-0.26199,0,0.999,10.4,375.7970979
08/29/2013 23:00,-0.17466,0,0.999,9,374.2003792
08/30/2013 0:00,-0.26199,1.09937625,0.999,8.7,376.1595789
