DateTime,GloRad (W/m2),Wind Speed (m/s),Relative Humidity (0 - 1),Air Temp (*C),Cloudiness (0 - 1)
07/03/2013 0:00,0,0,0.999,11.95,0
07/03/2013 1:00,0,0.179499738,0.999,10.74,0
07/03/2013 2:00,0,0.034475334,0.999,10.64,0
07/03/2013 3:00,0,0,0.999,9.59,0
07/03/2013 4:00,1.30995,0.001869688,0.999,8.85,0.01
07/03/2013 5:00,71.95992,0,0.999,9.29,0
07/03/2013 6:00,244.17468,0,0.999,14.46,0
07/03/2013 7:00,481.88694,0.145835625,0.91,18.07,0.02
07/03/2013 8:00,552.10026,0.73960499,0.731,21.71,0.01
07/03/2013 9:00,537.9528,0.714230466,0.701,22.26,0.03
07/03/2013 10:00,679.4274,1.385901288,0.668,23.56,0.97
07/03/2013 11:00,680.3007,2.59877758,0.6034,25.18,0.01
07/03/2013 12:00,1142.2764,1.82389525,0.5707,26.57,0
07/03/2013 13:00,1187.688,2.335244997,0.5221,27.29,0
07/03/2013 14:00,1020.0144,1.919845106,0.4981,27.81,0.01
07/03/2013 15:00,957.1368,1.893805306,0.4658,28.31,0
07/03/2013 16:00,738.8118,2.200462361,0.4478,27.97,0
07/03/2013 17:00,278.05872,1.742614862,0.4925,25.46,0.99
07/03/2013 18:00,146.80173,0.417677417,0.739,22.31,0.98
07/03/2013 19:00,66.80745,0.35711025,0.803,20.33,0.17
07/03/2013 20:00,2.27058,0.0467422,0.951,17.55,0
07/03/2013 21:00,0,0,0.999,15.92,0
07/03/2013 22:00,0,0,0.999,14.7,0.28
07/03/2013 23:00,0,0.185099075,0.999,13.97,0.11
07/04/2013 0:00,0,0,0.959,15.26,0.18
07/04/2013 1:00,0,0.59082125,0.951,14.76,0.9
07/04/2013 2:00,0,0.58708175,0.959,14.82,0.65
07/04/2013 3:00,0,0.001869688,0.927,15.24,0.11
07/04/2013 4:00,1.7466,0,0.905,15.86,0
07/04/2013 5:00,63.31425,0,0.999,13.98,0
07/04/2013 6:00,235.791,0.170141575,0.823,18.13,0
07/04/2013 7:00,453.76668,1.149299747,0.747,20.88,0
07/04/2013 8:00,677.6808,1.669735682,0.6275,23.46,0
07/04/2013 9:00,893.3859,1.57160771,0.5366,24.69,0.57
07/04/2013 10:00,800.8161,0.495308415,0.555,24.44,0.35
07/04/2013 11:00,541.27134,0.155858386,0.5772,24.55,0.28
07/04/2013 12:00,213.25986,0.4874008,0.5617,25.73,0.01
07/04/2013 13:00,1181.5749,1.315304853,0.4911,27.71,0.03
07/04/2013 14:00,1150.1361,1.103274187,0.558,26.48,0.24
07/04/2013 15:00,256.13889,1.288517221,0.5609,25.49,0
07/04/2013 16:00,150.55692,1.022575503,0.5707,25.43,0.79
07/04/2013 17:00,134.40087,1.962535188,0.6249,23.78,0.07
07/04/2013 18:00,350.45529,1.931578253,0.6045,25.49,0
07/04/2013 19:00,46.80888,0.198583338,0.6037,22.7,0
07/04/2013 20:00,3.84252,1.06011275,0.823,18.52,0
07/04/2013 21:00,0,0.108441875,0.994,14.94,0
07/04/2013 22:00,0,0.27110475,0.999,13.99,0
07/04/2013 23:00,0,0,0.983,14.05,0
07/05/2013 0:00,0,0.005609063,0.999,12.71,0
07/05/2013 1:00,0,0.7273085,0.999,11.51,0
07/05/2013 2:00,0,0.75909325,0.999,11.07,0
07/05/2013 3:00,0,0.170141575,0.999,10.66,0
07/05/2013 4:00,1.13529,0.248668425,0.999,10.4,0
07/05/2013 5:00,58.68576,0,0.999,10.72,0.01
07/05/2013 6:00,250.11312,0.335675362,0.999,15.7,0.01
07/05/2013 7:00,242.25342,1.284805825,0.724,21.47,0.01
07/05/2013 8:00,668.9478,2.473195156,0.6062,23.33,0.01
07/05/2013 9:00,889.8927,2.700380665,0.5698,24.12,0
07/05/2013 10:00,1047.96,2.64326812,0.5437,25.28,0
07/05/2013 11:00,1185.0681,2.153576441,0.5055,25.52,0
07/05/2013 12:00,979.8426,3.127309261,0.46,26.6,0.11
07/05/2013 13:00,1198.1676,4.054692345,0.4775,26.95,0
07/05/2013 14:00,1133.5434,2.875766894,0.4594,27.01,0.03
07/05/2013 15:00,910.8519,2.609754302,0.4461,27.64,0.02
07/05/2013 16:00,792.9564,2.752592078,0.4845,26.91,0
07/05/2013 17:00,346.87476,1.840514475,0.5121,24.96,0.02
07/05/2013 18:00,95.10237,3.078759709,0.553,23.43,0.94
07/05/2013 19:00,52.04868,1.520396236,0.5601,22.77,0.9
07/05/2013 20:00,2.70723,1.071396254,0.6876,19.96,0.9
07/05/2013 21:00,0,1.589504828,0.6694,20.6,0.18
07/05/2013 22:00,0,2.729773401,0.6677,20.7,0.9
07/05/2013 23:00,0,1.251569744,0.704,20.33,0.11
07/06/2013 0:00,0,0.865534061,0.708,20.05,0.11
07/06/2013 1:00,0,1.47103049,0.717,19.91,0
07/06/2013 2:00,0,0.3514465,0.707,20.09,0
07/06/2013 3:00,0,0.587129562,0.716,19.76,0.65
07/06/2013 4:00,0.43665,1.5803018,0.754,19.09,0.65
07/06/2013 5:00,17.37867,0.848222247,0.762,19.21,0.99
07/06/2013 6:00,73.09521,2.48319077,0.755,19.4,0.99
07/06/2013 7:00,53.00931,1.423573833,0.822,18.57,0.86
07/06/2013 8:00,148.89765,0.998017409,0.858,18.41,0.5
07/06/2013 9:00,395.16825,1.047634259,0.802,19.57,0
07/06/2013 10:00,653.2284,2.753059767,0.706,21.63,0
07/06/2013 11:00,1184.1948,2.513870549,0.6092,24.36,0.01
07/06/2013 12:00,965.8698,1.737938562,0.6124,24.23,0.01
07/06/2013 13:00,1159.7424,1.856412393,0.6055,24.94,0
07/06/2013 14:00,1049.7066,2.538502091,0.5774,25.34,0
07/06/2013 15:00,912.5985,3.24198066,0.5637,26,0
07/06/2013 16:00,729.2055,3.444758168,0.5639,25.82,0
07/06/2013 17:00,515.07234,2.549980213,0.5462,25.04,0
07/06/2013 18:00,289.0623,2.393998156,0.5755,24.45,0
07/06/2013 19:00,102.35076,1.107789449,0.6491,23.06,0.6
07/06/2013 20:00,3.58053,0.384996714,0.6854,21.44,0.18
07/06/2013 21:00,0,0.931421507,0.739,20.32,0.18
07/06/2013 22:00,0,0.604866185,0.747,20,0.85
07/06/2013 23:00,0,1.130664897,0.757,19.83,0.18
07/07/2013 0:00,0,0.738242444,0.761,19.76,0.65
07/07/2013 1:00,0,1.706124616,0.753,19.71,0.11
07/07/2013 2:00,0,1.961158703,0.766,19.59,0.11
07/07/2013 3:00,0,1.351482758,0.782,19.24,0.18
07/07/2013 4:00,1.04796,0.474152895,0.823,18.21,0.02
07/07/2013 5:00,38.16321,0.169966832,0.983,15.24,0
07/07/2013 6:00,246.18327,0.254421821,0.849,18.85,0
07/07/2013 7:00,467.47749,1.012806336,0.662,22.78,0
07/07/2013 8:00,661.0881,2.096793534,0.6478,22.9,0
07/07/2013 9:00,846.2277,2.519030411,0.6486,23.85,0.01
07/07/2013 10:00,1051.4532,2.431741773,0.6031,25.32,0.01
07/07/2013 11:00,744.9249,2.453725334,0.6167,24.56,0.13
07/07/2013 12:00,1234.8462,2.512262567,0.6016,25.72,0.01
07/07/2013 13:00,1189.4346,2.712623099,0.5656,26.2,0.02
07/07/2013 14:00,1072.4124,3.76995784,0.5499,26.69,0.02
07/07/2013 15:00,748.4181,3.161097838,0.534,26.92,0.01
07/07/2013 16:00,598.82181,2.485041915,0.5293,26.33,0.02
07/07/2013 17:00,209.06802,1.56253655,0.6019,24.55,0
07/07/2013 18:00,339.7137,2.751447675,0.5771,25.26,0.01
07/07/2013 19:00,87.59199,2.554780343,0.6218,23.44,0
07/07/2013 20:00,3.66786,0.694721695,0.6986,21.26,0
07/07/2013 21:00,0,0.114708033,0.958,16.65,0.27
07/07/2013 22:00,0,0.187761696,0.955,16.28,0.27
07/07/2013 23:00,0,0.108908282,0.998,15.14,0.18
07/08/2013 0:00,0,0.080396575,0.805,18.04,0.27
07/08/2013 1:00,0,0.452920067,0.751,18.14,0.18
07/08/2013 2:00,0,0.460493891,0.706,18.41,0.27
07/08/2013 3:00,0,0.428611303,0.706,17.89,0.11
07/08/2013 4:00,2.27058,0.37956492,0.713,17.46,0.03
07/08/2013 5:00,63.22692,0.701362249,0.906,14.68,0
07/08/2013 6:00,222.25485,0.721227017,0.6858,19.35,0
07/08/2013 7:00,429.13962,1.311134828,0.5932,21.09,0
07/08/2013 8:00,678.5541,1.423952146,0.5356,22.29,0
07/08/2013 9:00,856.7073,2.348339409,0.5194,23.4,0
07/08/2013 10:00,1016.5212,3.04084624,0.5079,24.07,0
07/08/2013 11:00,1114.3308,2.891486661,0.5007,25.25,0
07/08/2013 12:00,1167.6021,2.608251582,0.4691,25.75,0
07/08/2013 13:00,1144.8963,2.859411186,0.4665,26.23,0
07/08/2013 14:00,1055.8197,2.722429363,0.4504,26.56,0
07/08/2013 15:00,914.3451,2.460398053,0.4584,26.75,0
07/08/2013 16:00,725.7123,2.355758765,0.4654,26.4,0
07/08/2013 17:00,505.6407,2.565442923,0.4759,25.74,0
07/08/2013 18:00,240.33216,2.608703486,0.501,24.17,0
07/08/2013 19:00,85.75806,1.500758346,0.5393,22.78,0
07/08/2013 20:00,3.23121,0.158923425,0.6058,20.64,0
07/08/2013 21:00,0,0,0.905,15.4,0
07/08/2013 22:00,0,0,0.989,13.74,0
07/08/2013 23:00,0,0,0.999,12.2,0
07/09/2013 0:00,0,0.6319545,0.999,12.1,0
07/09/2013 1:00,0,1.065722,0.999,11.96,0
07/09/2013 2:00,0,0.58147275,0.999,10.97,0
07/09/2013 3:00,0,0.2112747,0.999,10.47,0
07/09/2013 4:00,1.04796,0.733384773,0.999,10.02,0
07/09/2013 5:00,43.14102,1.03393725,0.999,10.19,0
07/09/2013 6:00,217.53903,0,0.999,15.3,0
07/09/2013 7:00,427.39302,0.25240775,0.727,20.36,0
07/09/2013 8:00,659.3415,0.360389293,0.5831,24.26,0
07/09/2013 9:00,868.0602,0.427946167,0.5331,24.23,0.19
07/09/2013 10:00,1043.5935,0.761706529,0.5011,25.66,0.52
07/09/2013 11:00,947.5305,0.858103054,0.5677,24.54,0.27
07/09/2013 12:00,387.13389,1.302344351,0.5159,26.47,0.2
07/09/2013 13:00,333.25128,0.773085887,0.5876,24.86,0.54
07/09/2013 14:00,1179.8283,1.023539114,0.4579,28.02,0.13
07/09/2013 15:00,991.1955,0.4038914,0.434,28.94,0
07/09/2013 16:00,751.038,0.843483876,0.4261,28.48,0.02
07/09/2013 17:00,534.4596,0.841668917,0.4288,27.91,0.01
07/09/2013 18:00,262.51398,1.057555871,0.4736,27.32,0.8
07/09/2013 19:00,25.67502,0.550145697,0.6694,22.55,0
07/09/2013 20:00,2.35791,0.132747825,0.933,17.32,0
07/09/2013 21:00,0,0.06917845,0.998,15.49,0
07/09/2013 22:00,0.26199,0.170141575,0.999,15.24,0.23
07/09/2013 23:00,0,0,0.999,14.76,0
07/10/2013 0:00,0,0.071048125,0.999,14.04,0
07/10/2013 1:00,0,0,0.999,13.29,0
07/10/2013 2:00,0,0.65626025,0.999,12.47,0
07/10/2013 3:00,0,0.413201,0.999,12.19,0
07/10/2013 4:00,0.8733,1.1966,0.999,10.96,0
07/10/2013 5:00,46.19757,0.6973935,0.999,11.55,0.01
07/10/2013 6:00,228.01863,0.91053775,0.999,15.55,0
07/10/2013 7:00,414.8175,0.6076485,0.791,20.03,0
07/10/2013 8:00,658.4682,0.782097295,0.6564,23.82,0.37
07/10/2013 9:00,352.20189,0.6378266,0.4965,25.57,0.27
07/10/2013 10:00,639.2556,1.007594984,0.4839,26.53,0.72
07/10/2013 11:00,692.5269,0.729398619,0.4921,26.51,0.02
07/10/2013 12:00,682.0473,0.751049012,0.4435,27.47,0.01
07/10/2013 13:00,925.698,1.829792767,0.429,27.56,0.11
07/10/2013 14:00,584.93634,1.395404479,0.4215,28.33,0.28
07/10/2013 15:00,932.6844,0.467287238,0.4099,28.9,0.03
07/10/2013 16:00,745.7982,0.433803764,0.4219,28.23,0.03
07/10/2013 17:00,545.72517,1.345007147,0.4106,28.5,0.36
07/10/2013 18:00,258.93345,0.311065658,0.5286,27.19,0.97
07/10/2013 19:00,36.6786,0.133797018,0.762,22.66,0.65
07/10/2013 20:00,1.13529,0,0.909,19.6,0.85
07/10/2013 21:00,0,1.238983722,0.979,14.28,0.85
07/10/2013 22:00,0,0.57400618,0.999,14.3,0
07/10/2013 23:00,0,0.50107625,0.999,13.96,0
07/11/2013 0:00,0,0,0.999,13.23,0.65
07/11/2013 1:00,0,0.7516145,0.999,12.76,0
07/11/2013 2:00,0,0.628217782,0.999,12.88,0.62
07/11/2013 3:00,0,0.0747875,0.999,13.61,0.85
07/11/2013 4:00,0.34932,0.4281585,0.999,12.91,0
07/11/2013 5:00,25.93701,0.18066445,0.999,12.3,0.99
07/11/2013 6:00,13.44882,0.297515339,0.999,13.88,0.99
07/11/2013 7:00,102.26343,0.468978477,0.999,14.5,0.99
07/11/2013 8:00,212.03724,0.258990527,0.999,16.13,0.96
07/11/2013 9:00,329.2341,0.199671771,0.999,16.73,0.91
07/11/2013 10:00,132.65427,0.386120966,0.947,17.94,0.1
07/11/2013 11:00,1171.0953,0.001869688,0.824,21.3,0.19
07/11/2013 12:00,240.68148,1.336336106,0.776,21.18,0.06
07/11/2013 13:00,592.79604,1.267256566,0.729,21,0.95
07/11/2013 14:00,1085.5119,0.617461459,0.999,16.9,0.65
07/11/2013 15:00,313.86402,1.858623733,0.82,20.14,0.02
07/11/2013 16:00,562.92918,1.619776503,0.6641,22.18,0.57
07/11/2013 17:00,510.8805,2.271216957,0.726,22.17,0.82
07/11/2013 18:00,128.46243,2.529712689,0.6286,19.82,0.89
07/11/2013 19:00,19.56192,1.776931046,0.6,18.38,0.23
07/11/2013 20:00,2.70723,0.024305938,0.6452,16.65,0.65
07/11/2013 21:00,0,0,0.977,13.12,0
07/11/2013 22:00,0,0,0.999,11.76,0
07/11/2013 23:00,0,0.138356875,0.999,9.89,0
07/12/2013 0:00,0,0.92362575,0.999,9.54,0
07/12/2013 1:00,0,0.36271925,0.999,8.8,0
07/12/2013 2:00,0,0.722244216,0.999,8.29,0
07/12/2013 3:00,0,0.841361327,0.999,7.46,0
07/12/2013 4:00,0.52398,0.34215275,0.999,7.23,0
07/12/2013 5:00,42.00573,0,0.999,7.19,0
07/12/2013 6:00,219.72228,0.39637375,0.999,10.88,0
07/12/2013 7:00,414.46818,0.12713875,0.903,15.26,0
07/12/2013 8:00,701.2599,0.170674932,0.6507,19.61,0.01
07/12/2013 9:00,889.0194,0.115027584,0.5721,21.49,0.37
07/12/2013 10:00,730.9521,0.864687643,0.513,21.25,0.06
07/12/2013 11:00,481.88694,1.016807506,0.4896,22.1,0.04
07/12/2013 12:00,904.7388,0.243325306,0.4772,23.05,0.11
07/12/2013 13:00,986.829,0.312774797,0.4347,23.98,0.01
07/12/2013 14:00,1123.0638,1.284469807,0.4506,24.48,0.18
07/12/2013 15:00,778.9836,1.739389423,0.4297,24.1,0.23
07/12/2013 16:00,481.10097,0.207947594,0.4358,23.6,0.06
07/12/2013 17:00,526.07592,1.056757184,0.427,25.22,0.02
07/12/2013 18:00,126.6285,0.778466179,0.533,21.68,0.01
07/12/2013 19:00,80.95491,0.886232,0.691,19.79,0
07/12/2013 20:00,2.6199,0,0.981,14.04,0
07/12/2013 21:00,0,0,0.999,12.51,0
07/12/2013 22:00,0,0.09535405,0.999,11.93,0
07/12/2013 23:00,0,0.143965925,0.999,11.39,0
07/13/2013 0:00,0,0,0.999,10.88,0
07/13/2013 1:00,0,0,0.999,10.18,0.65
07/13/2013 2:00,0.08733,0.001869688,0.999,10.05,0
07/13/2013 3:00,0,0.47677025,0.999,9.81,0
07/13/2013 4:00,0.43665,0.7441355,0.999,9.45,0
07/13/2013 5:00,37.72656,0.64691175,0.999,9.96,0.42
07/13/2013 6:00,161.29851,0.4879885,0.999,11.98,0.13
07/13/2013 7:00,260.15607,0.9067985,0.996,14.43,0.24
07/13/2013 8:00,547.03512,0.063569375,0.698,19.6,0.26
07/13/2013 9:00,531.40305,0.7592406,0.6557,21.22,0.56
07/13/2013 10:00,630.5226,1.1060983,0.6126,22.34,0.01
07/13/2013 11:00,1240.9593,1.231817569,0.5609,24.28,0.63
07/13/2013 12:00,1010.4081,1.258338441,0.5156,25.41,0.5
07/13/2013 13:00,558.12603,0.977687465,0.5684,22.42,0.12
07/13/2013 14:00,1079.3988,1.366219691,0.5485,23.68,0.24
07/13/2013 15:00,355.69509,0.776931126,0.5216,23.74,0.33
07/13/2013 16:00,605.63355,0.914307837,0.4767,25.43,0.09
07/13/2013 17:00,523.80534,0.449196072,0.4879,25.18,0.23
07/13/2013 18:00,291.85686,1.496713691,0.4631,24.59,0.01
07/13/2013 19:00,75.62778,0.033654375,0.6176,21.21,0
07/13/2013 20:00,2.70723,0.734689715,0.925,15.9,0
07/13/2013 21:00,0,0,0.988,14.26,0
07/13/2013 22:00,0,0.454334,0.984,13.06,0.65
07/13/2013 23:00,0,0.459943,0.999,11.41,0.89
07/14/2013 0:00,0,0.23184125,0.999,11.42,0.65
07/14/2013 1:00,0.08733,0,0.999,12.36,0
07/14/2013 2:00,0,0.29541075,0.999,12.3,0
07/14/2013 3:00,0,0.49546725,0.999,10.94,0
07/14/2013 4:00,0.34932,0.7385265,0.999,10.05,0.01
07/14/2013 5:00,40.43379,0.5590365,0.999,9.41,0
07/14/2013 6:00,215.61777,0.63008475,0.997,13.9,0
07/14/2013 7:00,439.18257,0.7871385,0.777,17.77,0
07/14/2013 8:00,663.708,1.867796353,0.5833,22.48,0
07/14/2013 9:00,884.6529,1.402949793,0.4894,23.5,0.2
07/14/2013 10:00,1178.0817,1.491443519,0.4708,24.07,0.68
07/14/2013 11:00,483.8082,1.412257735,0.5245,23.05,0
07/14/2013 12:00,1171.9686,0.172021411,0.4698,24.87,0.11
07/14/2013 13:00,840.9879,0.209079213,0.4503,25.77,0.03
07/14/2013 14:00,1137.0366,0.707130087,0.4096,26.15,0.38
07/14/2013 15:00,935.3043,0.426899105,0.4184,27.02,0.34
07/14/2013 16:00,657.5949,0.799939935,0.4009,26.64,0.01
07/14/2013 17:00,585.54765,0.390805004,0.3828,27.24,0.02
07/14/2013 18:00,162.87045,0.835013858,0.6206,24.39,0
07/14/2013 19:00,88.2033,0.25614725,0.785,20.52,0
07/14/2013 20:00,2.00859,0,0.972,15.51,0
07/14/2013 21:00,0,0.018696875,0.999,13.32,0
07/14/2013 22:00,0,0.8170535,0.999,12.06,0
07/14/2013 23:00,0,0.041133125,0.999,11.42,0
07/15/2013 0:00,0,0.08226625,0.999,10.46,0.18
07/15/2013 1:00,0,0.37206775,0.999,10.33,0.84
07/15/2013 2:00,0,0.51603375,0.999,10.37,0.18
07/15/2013 3:00,0.17466,0,0.999,10.85,0.18
07/15/2013 4:00,0.08733,0,0.999,11.59,0.99
07/15/2013 5:00,36.50394,0.003739375,0.999,11.95,0.98
07/15/2013 6:00,75.80244,0.26175625,0.999,13.22,0.79
07/15/2013 7:00,256.57554,0.5291215,0.999,14.8,0.49
07/15/2013 8:00,218.49966,0.652553022,0.804,19.21,0.23
07/15/2013 9:00,322.2477,0.434978632,0.6621,21.74,0.36
07/15/2013 10:00,790.3365,1.434459815,0.6012,23.44,0.4
07/15/2013 11:00,740.5584,0.842086219,0.5691,24.2,0.47
07/15/2013 12:00,1014.7746,0.638864312,0.5005,25.46,0.9
07/15/2013 13:00,322.68435,0.23221038,0.5406,25,0.22
07/15/2013 14:00,910.8519,1.349603468,0.5564,25.38,0.88
07/15/2013 15:00,145.22979,0.504417295,0.701,23.35,0.53
07/15/2013 16:00,541.53333,1.11529012,0.5288,23.56,0.86
07/15/2013 17:00,548.08308,1.528478316,0.5662,22.74,0.61
07/15/2013 18:00,204.87618,1.604236408,0.5901,21.78,0.69
07/15/2013 19:00,106.80459,1.280769978,0.592,20.53,0
07/15/2013 20:00,2.53257,0.766291332,0.6618,18.33,0
07/15/2013 21:00,0,0.702375571,0.86,15.92,0
07/15/2013 22:00,0,2.402967506,0.5938,18.15,0
07/15/2013 23:00,0,2.620548594,0.6664,16.62,0
07/16/2013 0:00,0,2.593637617,0.736,14.84,0
07/16/2013 1:00,0,1.837000897,0.6814,15.73,0
07/16/2013 2:00,0,0.563765691,0.709,14.65,0
07/16/2013 3:00,0,0.078526875,0.709,14.58,0
07/16/2013 4:00,0.26199,0.188838425,0.994,9.53,0.01
07/16/2013 5:00,28.73157,0.437686669,0.827,12.33,0
07/16/2013 6:00,228.97926,0.063953154,0.723,15.1,0
07/16/2013 7:00,451.4961,0.879939713,0.6355,17.93,0
07/16/2013 8:00,668.9478,1.112223648,0.5652,19.8,0
07/16/2013 9:00,877.6665,1.712716352,0.5134,21.03,0
07/16/2013 10:00,513.41307,1.545869851,0.5692,20.51,0
07/16/2013 11:00,1175.4618,1.160485723,0.4755,23.13,0
07/16/2013 12:00,1226.9865,1.304334432,0.4468,23.92,0
07/16/2013 13:00,1219.1268,1.31110034,0.4691,24.85,0.13
07/16/2013 14:00,1210.3938,1.290060051,0.4182,25.97,0.02
07/16/2013 15:00,557.95137,0.619907917,0.5306,23.6,0.15
07/16/2013 16:00,659.3415,1.497568273,0.4642,24.96,0.04
07/16/2013 17:00,538.65144,1.286726724,0.4836,26.29,0.01
07/16/2013 18:00,277.44741,0.899599577,0.4584,24.72,0
07/16/2013 19:00,92.74446,0.28045325,0.6338,22.04,0
07/16/2013 20:00,2.27058,0,0.932,15.13,0
07/16/2013 21:00,0,0.185099075,0.999,12.71,0
07/16/2013 22:00,0,0,0.999,11.44,0
07/16/2013 23:00,0,0.79648675,0.999,10.51,0
07/17/2013 0:00,0,0.050481575,0.999,10.08,0
07/17/2013 1:00,0,0.484249,0.999,9.5,0
07/17/2013 2:00,0,0.71609025,0.999,8.87,0
07/17/2013 3:00,0,0.6730875,0.999,8,0
07/17/2013 4:00,0.17466,0.6188665,0.999,8,0
07/17/2013 5:00,31.35147,0.87501375,0.999,7.74,0
07/17/2013 6:00,210.90195,0.9423225,0.999,12.98,0
07/17/2013 7:00,421.01793,0.228101875,0.831,17.44,0
07/17/2013 8:00,649.7352,0.166402175,0.562,22.99,0
07/17/2013 9:00,862.8204,1.610625894,0.5244,25.33,0
07/17/2013 10:00,1024.3809,1.537078725,0.4742,26.25,0
07/17/2013 11:00,1125.6837,1.428995358,0.464,26.08,0
07/17/2013 12:00,1175.4618,1.255589363,0.4482,26.87,0
07/17/2013 13:00,1159.7424,0.144740852,0.4213,27.45,0
07/17/2013 14:00,1061.0595,1.697121089,0.3987,28.62,0
07/17/2013 15:00,920.4582,1.126489434,0.3914,28.15,0.01
07/17/2013 16:00,733.572,0.583654046,0.3984,28.56,0
07/17/2013 17:00,509.48322,0.475003667,0.4315,27.72,0
07/17/2013 18:00,280.24197,1.316112532,0.5018,27.27,0
07/17/2013 19:00,87.15534,0.35150125,0.6122,24.11,0
07/17/2013 20:00,1.92126,0,0.92,16.88,0
07/17/2013 21:00,0,0.32719525,0.999,14.33,0
07/17/2013 22:00,0,0,0.999,12.82,0
07/17/2013 23:00,0,0.60016975,0.999,12.33,0
07/18/2013 0:00,0,0.688045,0.999,11.55,0
07/18/2013 1:00,0,0.73104775,0.999,10.82,0
07/18/2013 2:00,0,0.69552375,0.999,10.07,0
07/18/2013 3:00,0,0,0.999,9.49,0
07/18/2013 4:00,0.08733,0.58521225,0.999,9.07,0
07/18/2013 5:00,30.30351,0.72917825,0.999,8.91,0
07/18/2013 6:00,214.74447,0.58521225,0.999,13.92,0
07/18/2013 7:00,434.72874,0,0.854,18.87,0
07/18/2013 8:00,622.6629,0.4823795,0.6333,23.41,0
07/18/2013 9:00,857.5806,0.507412719,0.5262,26.52,0
07/18/2013 10:00,915.2184,0.26668455,0.4258,27.64,0.02
07/18/2013 11:00,1173.7152,1.341217819,0.4207,28.34,0.03
07/18/2013 12:00,1219.1268,1.191238994,0.3977,28.38,0
07/18/2013 13:00,1216.5069,0.662727045,0.3925,28.79,0.19
07/18/2013 14:00,1117.824,0.540135799,0.3775,29.58,0.21
07/18/2013 15:00,431.67219,1.297999462,0.4019,29.03,0
07/18/2013 16:00,172.65141,0.958943745,0.5208,27.53,0
07/18/2013 17:00,237.18828,0.415432526,0.5321,26.69,0.01
07/18/2013 18:00,273.69222,1.051264885,0.5006,28.1,0
07/18/2013 19:00,83.92413,0.568388075,0.6431,25.45,0
07/18/2013 20:00,1.30995,0,0.967,17.05,0
07/18/2013 21:00,0,0,0.999,14.72,0
07/18/2013 22:00,0,0.8525775,0.999,13.64,0
07/18/2013 23:00,0,0.6375635,0.999,12.75,0
07/19/2013 0:00,0,0.37580725,0.999,12.31,0
07/19/2013 1:00,0,0.448725,0.999,11.37,0
07/19/2013 2:00,0,0.60016975,0.999,10.84,0
07/19/2013 3:00,0,0.7142205,0.999,10.45,0.65
07/19/2013 4:00,0.17466,0,0.999,9.86,0.72
07/19/2013 5:00,37.37724,0.57960325,0.999,10.22,0
07/19/2013 6:00,86.54403,0.5478185,0.999,14.24,0.02
07/19/2013 7:00,327.05085,0.30101975,0.999,16.52,0
07/19/2013 8:00,641.0022,0.77031125,0.709,21.65,0
07/19/2013 9:00,840.1146,0.226239926,0.479,27.52,0
07/19/2013 10:00,1009.5348,0.758339873,0.4471,28.29,0
07/19/2013 11:00,1129.1769,1.077112081,0.4882,28.99,0
07/19/2013 12:00,1188.5613,0.578298908,0.4292,29.5,0.01
07/19/2013 13:00,1182.4482,1.136956088,0.4383,30.49,0.02
07/19/2013 14:00,707.373,0.772624585,0.5036,27.93,0.73
07/19/2013 15:00,286.70439,0.500189399,0.5017,26.57,0.99
07/19/2013 16:00,851.4675,0.075716573,0.4251,29.33,0.99
07/19/2013 17:00,518.7402,0.995111204,0.4882,29.17,0.33
07/19/2013 18:00,133.78956,0.536759834,0.6205,27.58,0.99
07/19/2013 19:00,51.43737,0.6786965,0.742,21.83,0.99
07/19/2013 20:00,1.22262,0,0.932,19.02,0
07/19/2013 21:00,0,0.28606225,0.997,16.5,0
07/19/2013 22:00,0,0.5833425,0.999,15.39,0
07/19/2013 23:00,0,0.77965975,0.999,14.77,0
07/20/2013 0:00,0,0.568385,0.999,13.25,0.66
07/20/2013 1:00,0,0.65065125,0.999,12.86,0
07/20/2013 2:00,0,0.878753,0.999,12.88,0
07/20/2013 3:00,0,0.34589225,0.999,11.81,0
07/20/2013 4:00,0,0.121529675,0.999,11.25,0.01
07/20/2013 5:00,26.54832,0.802096,0.999,11.15,0.01
07/20/2013 6:00,193.08663,0.52725175,0.999,14.8,0
07/20/2013 7:00,414.8175,0.679296405,0.786,21.14,0
07/20/2013 8:00,685.5405,1.51077343,0.5853,24.38,0
07/20/2013 9:00,824.3952,2.41875574,0.5388,25.65,0
07/20/2013 10:00,1001.6751,1.750101344,0.5105,26.89,0
07/20/2013 11:00,799.9428,0.955598803,0.4832,26.88,0.05
07/20/2013 12:00,556.11744,1.571028216,0.4874,28,0.86
07/20/2013 13:00,1104.7245,2.090671821,0.5314,27.36,0.71
07/20/2013 14:00,731.8254,2.446535273,0.5206,26.74,0.09
07/20/2013 15:00,765.0108,2.215961294,0.5074,26.32,0.94
07/20/2013 16:00,436.12602,1.674723398,0.47,27.02,0.95
07/20/2013 17:00,242.16609,1.668315566,0.5009,25.5,0.23
07/20/2013 18:00,153.26415,1.91435009,0.4889,25.24,0.53
07/20/2013 19:00,42.09306,1.471473708,0.5401,23.39,0.99
07/20/2013 20:00,1.48461,1.0675915,0.6768,20.31,0.23
07/20/2013 21:00,0,0.846970564,0.956,15.41,0
07/20/2013 22:00,0,0,0.989,15.25,0
07/20/2013 23:00,0,0,0.998,15.36,0.23
07/21/2013 0:00,0,0.2243625,0.991,15.5,0
07/21/2013 1:00,0,0.0149575,0.999,13.86,0.23
07/21/2013 2:00,0,0.013087813,0.999,12.83,0.23
07/21/2013 3:00,0,1.451050966,0.999,11.7,0.66
07/21/2013 4:00,0.17466,0,0.999,11.63,0.01
07/21/2013 5:00,31.26414,0,0.999,12.67,0.02
07/21/2013 6:00,259.71942,0,0.823,17.75,0
07/21/2013 7:00,428.26632,0.645811394,0.6517,21.13,0
07/21/2013 8:00,648.8619,2.063867276,0.5686,22.3,0
07/21/2013 9:00,850.5942,1.166628129,0.5082,24.01,0
07/21/2013 10:00,1043.5935,1.616188849,0.5089,24.36,0
07/21/2013 11:00,1135.29,1.415275589,0.4575,24.74,0
07/21/2013 12:00,1176.3351,1.027916749,0.4293,25.2,0
07/21/2013 13:00,1158.8691,1.697680368,0.4107,26.15,0
07/21/2013 14:00,1071.5391,2.886703354,0.378,26.54,0
07/21/2013 15:00,936.1776,2.833032218,0.3595,26.7,0
07/21/2013 16:00,735.3186,2.312706764,0.381,26.75,0
07/21/2013 17:00,519.17685,2.576168808,0.389,26.36,0
07/21/2013 18:00,286.26774,2.425619682,0.4003,25.9,0
07/21/2013 19:00,87.85398,1.467923809,0.4292,24.12,0.99
07/21/2013 20:00,1.22262,0,0.6422,18.47,0
07/21/2013 21:00,0,0.001869688,0.924,13.63,0
07/21/2013 22:00,0,0.340473185,0.99,11.9,0
07/21/2013 23:00,0,0.209405,0.999,10.74,0
07/22/2013 0:00,0,0.087875325,0.999,10.23,0
07/22/2013 1:00,0,0,0.999,9.43,0
07/22/2013 2:00,0,0.29915,0.999,9.01,0
07/22/2013 3:00,0,0.121529675,0.999,8.39,0
07/22/2013 4:00,0,0.274844,0.999,7.92,0
07/22/2013 5:00,23.05512,0.2898015,0.999,7.74,0.01
07/22/2013 6:00,225.48606,0.97410725,0.999,12.65,0
07/22/2013 7:00,437.5233,0.7273085,0.726,17.96,0
07/22/2013 8:00,669.8211,0.390889849,0.5582,23.43,0
07/22/2013 9:00,873.3,0.984750528,0.5037,25.3,0
07/22/2013 10:00,1038.3537,0.683408628,0.4535,26.18,0
07/22/2013 11:00,1147.5162,0.675267868,0.4179,27.08,0
07/22/2013 12:00,1191.1812,0.634135657,0.3554,27.72,0
07/22/2013 13:00,1171.0953,0.479417064,0.3788,28.86,0
07/22/2013 14:00,1069.7925,0.591655006,0.3619,29.48,0
07/22/2013 15:00,925.698,0.168084796,0.347,29.61,0
07/22/2013 16:00,729.2055,0.24378459,0.3897,30.52,0.01
07/22/2013 17:00,510.53118,0.63234423,0.3886,29.79,0
07/22/2013 18:00,282.9492,0.766900015,0.4193,29.13,0
07/22/2013 19:00,87.50466,0,0.6246,24.56,0.99
07/22/2013 20:00,1.13529,0,0.93,16.35,0
07/22/2013 21:00,0,0.226239926,0.98,13.97,0
07/22/2013 22:00,0,0.001869688,0.999,12.99,0
07/22/2013 23:00,0,0.0467422,0.999,12.3,0
07/23/2013 0:00,0,1.0021525,0.999,11.46,0
07/23/2013 1:00,0,0.4580735,0.999,10.63,0
07/23/2013 2:00,0,0.001869688,0.999,9.98,0
07/23/2013 3:00,0,0.1047025,0.999,9.65,0
07/23/2013 4:00,0,0.21501405,0.999,9.11,0.01
07/23/2013 5:00,23.40444,0.149575,0.999,9.06,0.01
07/23/2013 6:00,193.78527,0.89745,0.999,14.14,0
07/23/2013 7:00,416.30211,0.529124803,0.803,20.13,0
07/23/2013 8:00,657.5949,0.574042719,0.6209,24.71,0
07/23/2013 9:00,857.5806,1.268108495,0.4399,28.13,0
07/23/2013 10:00,1011.2814,1.185436408,0.3745,29.39,0
07/23/2013 11:00,1123.0638,0.39943544,0.3722,29.74,0
07/23/2013 12:00,1200.7875,0.670052861,0.3532,30.5,0.01
07/23/2013 13:00,1171.0953,0.790302927,0.3568,32.17,0.08
07/23/2013 14:00,1125.6837,0.309013471,0.3899,31.53,0.02
07/23/2013 15:00,451.05945,0.256719747,0.3585,31.25,0.02
07/23/2013 16:00,627.0294,0.619160224,0.349,30.89,0.36
07/23/2013 17:00,387.04656,1.16317109,0.5404,28.36,0.36
07/23/2013 18:00,174.83466,0.842457494,0.6479,28.33,0.93
07/23/2013 19:00,55.54188,0.134318525,0.759,23.46,0.99
07/23/2013 20:00,0.26199,0,0.897,19.12,0.17
07/23/2013 21:00,0,0.2262322,0.892,18.07,0.17
07/23/2013 22:00,0,0.0448725,0.978,15.99,0.17
07/23/2013 23:00,0,0.3496315,0.969,15.45,0.27
07/24/2013 0:00,0,0.80957475,0.999,14.34,0.12
07/24/2013 1:00,0,0,0.999,13.1,0
07/24/2013 2:00,0,0.7329175,0.999,12.65,0.12
07/24/2013 3:00,0,0,0.999,12.07,0.17
07/24/2013 4:00,0.17466,0.25053825,0.999,11.54,0
07/24/2013 5:00,41.21976,0.280459482,0.999,12.49,0.02
07/24/2013 6:00,195.53187,0.891841,0.927,17.38,0
07/24/2013 7:00,383.29137,0.516751319,0.706,21.69,0
07/24/2013 8:00,613.0566,0.530530211,0.5323,24.63,0
07/24/2013 9:00,838.368,0.535073789,0.4916,26.1,0
07/24/2013 10:00,729.2055,0.014602726,0.4909,27.58,0
07/24/2013 11:00,1203.4074,1.476467391,0.4578,30.37,0.5
07/24/2013 12:00,496.64571,1.567685864,0.4566,28.87,0
07/24/2013 13:00,1176.3351,0.989834944,0.4192,31.56,0.04
07/24/2013 14:00,700.3866,1.337799032,0.3838,30.76,0.01
07/24/2013 15:00,998.1819,0.554175476,0.4101,31.93,0.38
07/24/2013 16:00,391.15107,0.203521291,0.5017,27.23,0.44
07/24/2013 17:00,146.36508,0.74556459,0.6724,26.21,0.92
07/24/2013 18:00,99.5562,0.09722375,0.856,23.39,0.77
07/24/2013 19:00,11.44023,0.013087813,0.845,22.34,0.99
07/24/2013 20:00,0.43665,0.039263425,0.947,19.03,0.17
07/24/2013 21:00,0,0.001869688,0.96,18.25,0.9
07/24/2013 22:00,0,0,0.989,17.42,0.66
07/24/2013 23:00,0,0.001869688,0.999,16.95,0.9
07/25/2013 0:00,0,0.28606225,0.999,16.4,0.12
07/25/2013 1:00,0,0.981586,0.999,16.42,0.28
07/25/2013 2:00,0,0.087875325,0.999,14.87,0.17
07/25/2013 3:00,0,0,0.999,14.16,0.17
07/25/2013 4:00,0.17466,0.078526875,0.999,14.13,0.99
07/25/2013 5:00,7.59771,0.66934825,0.999,14.8,0.99
07/25/2013 6:00,36.6786,0,0.999,15.84,0.99
07/25/2013 7:00,62.96493,0,0.999,17.34,0.99
07/25/2013 8:00,63.22692,0.121529675,0.999,17.82,0.81
07/25/2013 9:00,268.62708,0.459943,0.834,21.13,0.57
07/25/2013 10:00,588.69153,0.1047025,0.6786,24.22,0.14
07/25/2013 11:00,1144.023,0.598311685,0.6338,26.13,0.01
07/25/2013 12:00,1110.8376,0.722360105,0.5593,27.34,0.04
07/25/2013 13:00,1333.5291,0.622212664,0.4528,30.61,0.02
07/25/2013 14:00,950.1504,0.973116278,0.4626,30.38,0.96
07/25/2013 15:00,207.49608,1.021234665,0.659,26.79,0.05
07/25/2013 16:00,385.1253,1.605548958,0.4648,29.6,0.06
07/25/2013 17:00,472.01865,1.116009385,0.511,28.96,0.48
07/25/2013 18:00,63.05226,0.8712745,0.5795,26.5,0.09
07/25/2013 19:00,36.24195,0.38141625,0.846,22.21,0.99
07/25/2013 20:00,0.61131,0.72917825,0.987,18.69,0
07/25/2013 21:00,0.26199,0.77965975,0.999,17.44,0.12
07/25/2013 22:00,0,0.46181275,0.999,16.62,0
07/25/2013 23:00,0,0,0.999,16.08,0.28
07/26/2013 0:00,0.08733,0,0.999,15.72,0
07/26/2013 1:00,0,0.473031,0.999,14.99,0
07/26/2013 2:00,0,0.55155775,0.999,13.93,0
07/26/2013 3:00,0,0.364589,0.999,13.86,0
07/26/2013 4:00,0,0.74600525,0.999,13.51,0.12
07/26/2013 5:00,30.82749,0.80583525,0.999,13.46,0.01
07/26/2013 6:00,140.6013,0.94045275,0.999,16.95,0
07/26/2013 7:00,360.06159,0.5983,0.839,22.25,0
07/26/2013 8:00,610.4367,0.55155775,0.6652,26.2,0
07/26/2013 9:00,799.0695,0.609621476,0.5341,29.47,0
07/26/2013 10:00,964.1232,1.148085564,0.4616,30.71,0.04
07/26/2013 11:00,896.8791,0.365168622,0.4674,30.71,0.02
07/26/2013 12:00,741.4317,0.579452379,0.5266,28.45,0.08
07/26/2013 13:00,1103.8512,0.234837513,0.4427,31.35,0.66
07/26/2013 14:00,772.8705,0.650675427,0.4935,31.59,0.18
07/26/2013 15:00,119.20545,1.35828655,0.5067,28.46,0.01
07/26/2013 16:00,674.1876,0.914619204,0.4746,30.31,0.01
07/26/2013 17:00,442.41378,1.134887973,0.4496,31.59,0.49
07/26/2013 18:00,146.36508,0.6843055,0.5159,28.68,0.98
07/26/2013 19:00,31.70079,0,0.796,24.16,0.99
07/26/2013 20:00,0,0,0.93,20.82,0
07/26/2013 21:00,0,0,0.989,19.41,0
07/26/2013 22:00,0,0,0.999,18.79,0
07/26/2013 23:00,0,0.47490075,0.999,17.94,0.12
07/27/2013 0:00,0,0,0.999,16.83,0
07/27/2013 1:00,0,0,0.999,16.41,0
07/27/2013 2:00,0,0.003739375,0.999,16.24,0
07/27/2013 3:00,0,0.0280453,0.999,16,0
07/27/2013 4:00,0,0,0.999,15.26,0.1
07/27/2013 5:00,21.57051,0.06917845,0.999,15.06,0.01
07/27/2013 6:00,157.63065,0.76096275,0.999,18.04,0
07/27/2013 7:00,383.46603,0.155184075,0.765,24.49,0
07/27/2013 8:00,593.844,0.45059475,0.6245,27.59,0
07/27/2013 9:00,787.7166,1.20506122,0.5954,29.76,0
07/27/2013 10:00,948.4038,1.173015412,0.5577,31.37,0
07/27/2013 11:00,1052.3265,0.958188789,0.5596,31.2,0
07/27/2013 12:00,1095.1182,1.324880438,0.5273,32.73,0.01
07/27/2013 13:00,1102.9779,0.817652144,0.4509,33.82,0.02
07/27/2013 14:00,1133.5434,1.400400793,0.4106,34.72,0.36
07/27/2013 15:00,228.62994,0.889053695,0.4842,32.18,0.34
07/27/2013 16:00,353.94849,0.283804778,0.6132,31.48,0.01
07/27/2013 17:00,145.14246,0.45277729,0.824,26.47,0.01
07/27/2013 18:00,258.84612,0.171380101,0.5782,32.85,0.26
07/27/2013 19:00,59.82105,0.50107625,0.804,26.26,0.99
07/27/2013 20:00,0.17466,0,0.994,21.73,0
07/27/2013 21:00,0,0,0.999,19.65,0
07/27/2013 22:00,0,0.992804,0.999,19,0
07/27/2013 23:00,0,0.48050975,0.999,18.36,0
07/28/2013 0:00,0,0.50481575,0.999,17.72,0.13
07/28/2013 1:00,0,0,0.999,17.04,0.13
07/28/2013 2:00,0,0.003739375,0.999,16.63,0
07/28/2013 3:00,0,0.168271875,0.999,16.14,0
07/28/2013 4:00,0,0.031784675,0.999,15.67,0.97
07/28/2013 5:00,19.99857,0,0.999,15,0.01
07/28/2013 6:00,166.53831,0.46742175,0.999,18.06,0
07/28/2013 7:00,381.10812,0,0.788,23.81,0
07/28/2013 8:00,593.75667,0.4488262,0.67,27.27,0
07/28/2013 9:00,792.0831,0.828279941,0.6205,29.03,0
07/28/2013 10:00,958.0101,1.013532784,0.5806,30.73,0
07/28/2013 11:00,1053.1998,0.837757705,0.5577,31.87,0
07/28/2013 12:00,1105.5978,1.557270174,0.5176,33.38,0
07/28/2013 13:00,1102.9779,1.310576233,0.4563,34.45,0.01
07/28/2013 14:00,685.5405,0.672360131,0.4597,33.9,0.76
07/28/2013 15:00,393.68364,0.74600525,0.6084,31.86,0.01
07/28/2013 16:00,609.21408,0.827443979,0.5532,33.23,0
07/28/2013 17:00,454.9893,0.351998156,0.4706,34.61,0.01
07/28/2013 18:00,227.9313,0.603709203,0.5191,32.66,0.95
07/28/2013 19:00,17.55333,0.051066787,0.752,27.19,0.99
07/28/2013 20:00,0.43665,0.60951825,0.841,24.37,0.16
07/28/2013 21:00,0.08733,0.024305938,0.757,25.25,0
07/28/2013 22:00,0,0,0.924,21.8,0
07/28/2013 23:00,0,0.001869688,0.979,20.64,0
07/29/2013 0:00,0,0,0.999,18.89,0
07/29/2013 1:00,0,0,0.999,17.95,0
07/29/2013 2:00,0,0.048611875,0.999,16.66,0
07/29/2013 3:00,0,0,0.999,16.19,0
07/29/2013 4:00,0,0.60016975,0.999,15.64,0.99
07/29/2013 5:00,21.39585,0,0.999,15.7,0.01
07/29/2013 6:00,147.06372,0.3440225,0.999,18.67,0
07/29/2013 7:00,358.22766,0.26736525,0.844,24.3,0
07/29/2013 8:00,589.4775,1.13315403,0.6913,28.74,0
07/29/2013 9:00,788.5899,1.355234573,0.5368,30.47,0
07/29/2013 10:00,946.6572,1.448081178,0.5135,32.09,0
07/29/2013 11:00,1043.5935,1.542765191,0.4491,33.36,0
07/29/2013 12:00,1084.6386,0.884032069,0.4169,33.97,0
07/29/2013 13:00,917.8383,1.628626666,0.4131,35.07,0
07/29/2013 14:00,975.4761,1.886125391,0.3914,34.87,0.01
07/29/2013 15:00,837.4947,2.313014278,0.3661,35.91,0
07/29/2013 16:00,693.4002,1.536256217,0.3522,35.25,0.04
07/29/2013 17:00,348.53403,3.371870765,0.3247,33.38,0.01
07/29/2013 18:00,226.27203,7.059766999,0.4318,27.36,0.98
07/29/2013 19:00,41.83107,4.533388559,0.4085,25.44,0.99
07/29/2013 20:00,0.17466,1.554440249,0.4667,23.84,0
07/29/2013 21:00,0,0.516199692,0.6014,20.29,0.88
07/29/2013 22:00,0,0.211943747,0.5157,22.57,0.16
07/29/2013 23:00,0,0.304759,0.704,19.72,0.25
07/30/2013 0:00,0,0.001869688,0.884,15.93,0.68
07/30/2013 1:00,0,0.4823795,0.5332,21.43,0.16
07/30/2013 2:00,0,1.462917802,0.629,20.22,0
07/30/2013 3:00,0,1.891059281,0.835,16.74,0
07/30/2013 4:00,0,0.024305938,0.96,14.59,0.99
07/30/2013 5:00,2.70723,0,0.911,15.72,0.95
07/30/2013 6:00,90.64854,0,0.6565,18.84,0.87
07/30/2013 7:00,425.2971,0.87501375,0.6126,20.42,0.96
07/30/2013 8:00,229.93989,0.05235125,0.5644,21.37,0.04
07/30/2013 9:00,493.67649,0.918033635,0.5335,22.28,0.97
07/30/2013 10:00,358.48965,0.209079224,0.5687,21.53,0.3
07/30/2013 11:00,293.51613,0.646409049,0.5103,22.62,0.07
07/30/2013 12:00,1180.7016,2.306022112,0.4632,24.69,0.01
07/30/2013 13:00,1132.6701,2.277197946,0.4311,25.54,0.49
07/30/2013 14:00,1208.6472,0.656718146,0.3818,26.12,0.42
07/30/2013 15:00,939.6708,1.390899213,0.3814,26.7,0.02
07/30/2013 16:00,645.3687,1.543546729,0.3754,26.08,0.02
07/30/2013 17:00,504.33075,1.244747114,0.3908,26.11,0.02
07/30/2013 18:00,256.48821,1.33729723,0.4041,25.02,0
07/30/2013 19:00,51.35004,0.931421442,0.4628,23.09,0.99
07/30/2013 20:00,0,0.29541075,0.5006,21.22,0
07/30/2013 21:00,0,0.24679875,0.816,15.17,0
07/30/2013 22:00,0,0.826402,0.954,13.24,0.25
07/30/2013 23:00,0,0.25801675,0.999,12.01,0.13
07/31/2013 0:00,0,0.2243625,0.999,11.24,0
07/31/2013 1:00,0,0.162662825,0.999,11.14,0
07/31/2013 2:00,0,0.7273085,0.999,10.07,0
07/31/2013 3:00,0,0.566518335,0.999,9.68,0
07/31/2013 4:00,0,0.480742495,0.999,8.75,0.3
07/31/2013 5:00,12.66285,0.33280425,0.999,9.42,0.99
07/31/2013 6:00,117.37152,0.28232275,0.999,11.72,0
07/31/2013 7:00,283.12386,0,0.857,17.49,0
07/31/2013 8:00,658.4682,0.284935774,0.6034,24.55,0.01
07/31/2013 9:00,834.0015,0.450563606,0.4967,25.31,0.83
07/31/2013 10:00,328.01148,1.659528497,0.5242,24.79,0.91
07/31/2013 11:00,222.08019,0.66224425,0.5326,24.88,0.87
07/31/2013 12:00,391.2384,0.593304021,0.618,25.39,0.82
07/31/2013 13:00,465.4689,0.532861,0.4879,26.63,0.8
07/31/2013 14:00,881.1597,0.484249,0.4574,27.03,0.88
07/31/2013 15:00,506.95065,0.231456436,0.5106,25.84,0.1
07/31/2013 16:00,613.0566,0.151352335,0.4263,26.68,0.17
07/31/2013 17:00,234.13173,1.119094982,0.4935,25.95,0.25
07/31/2013 18:00,88.02864,0.902857752,0.4783,25.05,0.38
07/31/2013 19:00,52.74732,0.2785835,0.509,24.05,0.96
07/31/2013 20:00,0,0,0.6736,20.27,0
07/31/2013 21:00,0,0.85070775,0.916,15.73,0
07/31/2013 22:00,0,0.001869688,0.999,13.66,0
07/31/2013 23:00,0,0,0.999,12.44,0
08/01/2013 0:00,0,0.001869688,0.999,11.3,0
08/01/2013 1:00,0.08733,0.06730875,0.999,11.19,0
08/01/2013 2:00,0,0.1346175,0.999,10.44,0
08/01/2013 3:00,0,0.018696875,0.999,10.29,0
08/01/2013 4:00,0,1.34430525,0.999,9.86,0
08/01/2013 5:00,16.41804,0,0.999,9.5,0
08/01/2013 6:00,173.17539,0.97971625,0.999,13.26,0.01
08/01/2013 7:00,376.91628,0.8226625,0.767,19.39,0
08/01/2013 8:00,635.7624,0.596477137,0.6668,23.19,0.01
08/01/2013 9:00,817.4088,1.036248954,0.5358,25.81,0.02
08/01/2013 10:00,1061.9328,0.827942423,0.5107,26.77,0
08/01/2013 11:00,1222.62,0.971584626,0.4829,27.38,0.01
08/01/2013 12:00,1199.0409,0.504635549,0.4732,27.61,0
08/01/2013 13:00,1213.0137,0.484736091,0.4455,28.61,0
08/01/2013 14:00,1025.2542,0.503626567,0.4171,29.93,0
08/01/2013 15:00,874.1733,0.720836672,0.4363,30.37,0
08/01/2013 16:00,677.6808,0.918869162,0.4037,31.04,0.01
08/01/2013 17:00,454.55265,0.927432849,0.4322,30.74,0
08/01/2013 18:00,236.83896,1.067912344,0.4806,29.07,0
08/01/2013 19:00,52.92198,0.47864,0.5175,25.94,0.99
08/01/2013 20:00,0,0,0.913,17.93,0
08/01/2013 21:00,0,0.001869688,0.997,15.95,0
08/01/2013 22:00,0,0,0.999,14.66,0
08/01/2013 23:00,0,0.28232275,0.999,14.17,0
08/02/2013 0:00,0,0.05422095,0.999,13.36,0
08/02/2013 1:00,0,0.64691175,0.999,12.48,0
08/02/2013 2:00,0,0.4580735,0.999,11.98,0
08/02/2013 3:00,0,0,0.999,11.26,0
08/02/2013 4:00,0,0,0.999,10.98,0
08/02/2013 5:00,14.93343,0.64691175,0.999,10.65,0
08/02/2013 6:00,170.03151,0.69926325,0.999,14.72,0
08/02/2013 7:00,374.47104,0.065439075,0.85,19.89,0
08/02/2013 8:00,608.16612,0.233710925,0.5949,25.36,0
08/02/2013 9:00,815.6622,0.556102457,0.5442,28.19,0
08/02/2013 10:00,975.4761,1.522878462,0.4794,30.1,0
08/02/2013 11:00,1080.2721,1.513523168,0.4614,30.96,0
08/02/2013 12:00,1133.5434,1.171185682,0.4181,31.57,0
08/02/2013 13:00,1117.824,1.303923004,0.3999,32.91,0
08/02/2013 14:00,1020.0144,1.048639731,0.3928,33.71,0
08/02/2013 15:00,880.2864,1.264179808,0.3826,33.97,0.01
08/02/2013 16:00,679.4274,1.34717711,0.397,34,0
08/02/2013 17:00,451.67076,1.142195505,0.4121,33.52,0
08/02/2013 18:00,233.78241,0.851054887,0.4579,31.55,0
08/02/2013 19:00,48.55548,0.360927242,0.543,28.08,0.99
08/02/2013 20:00,0,0.001869688,0.904,20.13,0
08/02/2013 21:00,0,0,0.992,18.23,0
08/02/2013 22:00,0,0.29541075,0.999,17.3,0
08/02/2013 23:00,0,0.020566563,0.999,16.42,0
08/03/2013 0:00,0,0.05235125,0.999,15.75,0
08/03/2013 1:00,0,0,0.999,14.93,0
08/03/2013 2:00,0,0,0.999,14.49,0
08/03/2013 3:00,0,0.573994,0.999,14.13,0
08/03/2013 4:00,0,0.77779,0.999,13.2,0
08/03/2013 5:00,14.93343,0.129008425,0.999,13.05,0
08/03/2013 6:00,168.63423,0,0.999,16.71,0
08/03/2013 7:00,355.17111,0.198186875,0.824,22.12,0
08/03/2013 8:00,593.23269,0.228101875,0.6223,27.41,0
08/03/2013 9:00,792.9564,1.026751141,0.5001,30.46,0
08/03/2013 10:00,954.5169,1.222737092,0.4597,31.3,0
08/03/2013 11:00,1053.1998,1.243797639,0.4375,32.47,0
08/03/2013 12:00,1097.7381,1.537420825,0.4009,33.37,0
08/03/2013 13:00,1071.5391,2.047376902,0.3739,34.44,0
08/03/2013 14:00,982.4625,2.655334177,0.3356,34.54,0
08/03/2013 15:00,827.0151,1.666136049,0.2941,34.79,0
08/03/2013 16:00,649.7352,1.498743279,0.3226,35.17,0
08/03/2013 17:00,423.63783,1.31191463,0.2887,34.08,0
08/03/2013 18:00,209.76666,0.85631675,0.4035,31.99,0.65
08/03/2013 19:00,46.2849,0,0.6814,24.8,0
08/03/2013 20:00,0,0,0.906,19.23,0
08/03/2013 21:00,0,0.274844,0.985,17.1,0
08/03/2013 22:00,0,0.52538225,0.999,16.31,0
08/03/2013 23:00,0,0.70487225,0.999,15.26,0
08/04/2013 0:00,0,0.77031125,0.999,14.84,0
08/04/2013 1:00,0,0.77779,0.999,14.53,0
08/04/2013 2:00,0,0.84883825,0.999,14.18,0
08/04/2013 3:00,0,0.6487815,0.999,13.65,0
08/04/2013 4:00,0,1.06946125,0.999,13.52,0
08/04/2013 5:00,16.85469,0.64130275,0.999,13.52,0
08/04/2013 6:00,138.06873,1.621052613,0.999,15.59,0.02
08/04/2013 7:00,352.28922,0.5833425,0.772,23.21,0.01
08/04/2013 8:00,633.1425,0.959370102,0.6814,26.71,0
08/04/2013 9:00,750.1647,1.027139399,0.4499,31.37,0
08/04/2013 10:00,911.7252,1.2713875,0.4486,31.78,0
08/04/2013 11:00,1007.7882,1.185874266,0.4085,33.1,0
08/04/2013 12:00,1057.5663,1.85397784,0.4284,33.93,0.01
08/04/2013 13:00,1044.4668,1.158012896,0.3987,35.04,0
08/04/2013 14:00,958.8834,1.081560405,0.3761,35.04,0.01
08/04/2013 15:00,821.7753,1.291975646,0.3899,35.2,0
08/04/2013 16:00,620.9163,1.151395164,0.3942,35.05,0.01
08/04/2013 17:00,411.06231,1.060350144,0.3835,33.79,0
08/04/2013 18:00,139.37868,1.235864914,0.4246,31.18,0
08/04/2013 19:00,11.61489,0.158923425,0.779,24.22,0.9
08/04/2013 20:00,0,2.883745533,0.806,21.62,0.96
08/04/2013 21:00,0,2.301177311,0.971,17.75,0.96
08/04/2013 22:00,0,1.311972019,0.999,17.78,0.9
08/04/2013 23:00,0,0.54033975,0.999,17.59,0
08/05/2013 0:00,0,0.564722882,0.999,16.96,0
08/05/2013 1:00,0,0.880624735,0.999,15.74,0
08/05/2013 2:00,0,0.21501405,0.999,14.46,0.69
08/05/2013 3:00,0,0.473031,0.999,13.91,0.15
08/05/2013 4:00,0,0.76657175,0.999,14.98,0
08/05/2013 5:00,16.85469,0,0.999,14.23,0.31
08/05/2013 6:00,160.33788,0,0.999,15.89,0.01
08/05/2013 7:00,358.48965,0.4225495,0.961,18.92,0
08/05/2013 8:00,595.93992,0.320333667,0.828,21.99,0
08/05/2013 9:00,776.3637,0.232639033,0.765,24.28,0
08/05/2013 10:00,937.0509,0.018414286,0.712,25.4,0
08/05/2013 11:00,1033.1139,0.833008207,0.6198,27.18,0
08/05/2013 12:00,1075.0323,0.450935906,0.5506,29.18,0
08/05/2013 13:00,1049.7066,0.586751451,0.5464,29.85,0
08/05/2013 14:00,960.63,0.075369524,0.4996,31.42,0
08/05/2013 15:00,829.635,0.895861245,0.4752,31.96,0
08/05/2013 16:00,642.7488,0.27235899,0.4942,32.14,0
08/05/2013 17:00,412.1976,0.150518553,0.5035,32.61,0
08/05/2013 18:00,203.39157,0.020651373,0.6531,30.23,0
08/05/2013 19:00,39.2985,0,0.856,25.39,0
08/05/2013 20:00,0,0.001869688,0.999,20.69,0
08/05/2013 21:00,0,0,0.999,19.13,0
08/05/2013 22:00,0,0,0.999,18.17,0
08/05/2013 23:00,0,0.49546725,0.999,17.46,0
08/06/2013 0:00,0,0.130878125,0.999,16.92,0
08/06/2013 1:00,0,0.7086115,0.999,16.1,0
08/06/2013 2:00,0,0,0.999,16.03,0
08/06/2013 3:00,0,0,0.999,15.72,0
08/06/2013 4:00,0,0.73478725,0.999,15.18,0.99
08/06/2013 5:00,14.67144,0.041133125,0.999,15.14,0
08/06/2013 6:00,134.13888,0.7086115,0.999,17.37,0
08/06/2013 7:00,319.97712,0,0.999,20.81,0
08/06/2013 8:00,552.27492,0.225613275,0.748,25.52,0
08/06/2013 9:00,748.4181,0.114066249,0.658,28.77,0
08/06/2013 10:00,903.8655,1.000883755,0.5783,31.38,0
08/06/2013 11:00,1012.1547,0.629376904,0.5277,32.2,0
08/06/2013 12:00,1075.9056,0.817472742,0.4845,32.95,0
08/06/2013 13:00,1059.3129,1.271080941,0.426,33.88,0
08/06/2013 14:00,965.8698,2.006391619,0.4077,34.64,0
08/06/2013 15:00,824.3952,0.920093212,0.4261,35.43,0
08/06/2013 16:00,639.2556,1.11821848,0.4111,34.54,0
08/06/2013 17:00,418.57269,0.896680242,0.4572,33.7,0
08/06/2013 18:00,200.33502,0.692423371,0.4801,31.54,0.25
08/06/2013 19:00,34.23336,0,0.711,25.71,0
08/06/2013 20:00,0,0,0.972,20.62,0
08/06/2013 21:00,0,0,0.999,18.84,0.14
08/06/2013 22:00,0,0,0.999,18.07,0
08/06/2013 23:00,0,0,0.999,17.85,0
08/07/2013 0:00,0,1.170425743,0.987,18.12,0
08/07/2013 1:00,0.08733,0.91053775,0.998,17.56,0
08/07/2013 2:00,0,0.21688375,0.999,16.72,0
08/07/2013 3:00,0,0.430032065,0.938,18,0
08/07/2013 4:00,0,0.16118398,0.825,18.6,0
08/07/2013 5:00,14.58411,0.385523159,0.974,16.36,0
08/07/2013 6:00,152.12886,0.32719525,0.939,18.27,0.01
08/07/2013 7:00,348.35937,0.73665675,0.6999,24.18,0
08/07/2013 8:00,558.99933,0.25053825,0.607,26.94,0
08/07/2013 9:00,764.1375,0.990962471,0.5117,28.38,0
08/07/2013 10:00,927.4446,0.925155427,0.5048,29.56,0
08/07/2013 11:00,1026.1275,0.708355023,0.4848,30.99,0
08/07/2013 12:00,1070.6658,0.516697322,0.4857,31.5,0
08/07/2013 13:00,1051.4532,1.318600436,0.4764,32.88,0
08/07/2013 14:00,953.6436,1.040818153,0.4084,33.66,0
08/07/2013 15:00,818.2821,1.840084247,0.4401,34.38,0
08/07/2013 16:00,624.4095,1.50942026,0.4384,33.72,0
08/07/2013 17:00,393.15966,1.261811784,0.4774,33.78,0.05
08/07/2013 18:00,172.73874,0.134630483,0.5595,30.64,0.99
08/07/2013 19:00,24.88905,0.115980922,0.797,26.1,0
08/07/2013 20:00,0,0,0.97,21.53,0
08/07/2013 21:00,0,0,0.999,19.9,0
08/07/2013 22:00,0,0,0.999,18.72,0
08/07/2013 23:00,0,0.5422095,0.999,17.91,0
08/08/2013 0:00,0,0,0.999,17.08,0
08/08/2013 1:00,0,0.454334,0.999,16.42,0
08/08/2013 2:00,0,0,0.999,15.57,0.14
08/08/2013 3:00,0,0.005609063,0.999,15,0
08/08/2013 4:00,0,0,0.999,14.79,0.69
08/08/2013 5:00,13.53615,0,0.999,14.36,0
08/08/2013 6:00,164.35506,0,0.999,16.93,0.66
08/08/2013 7:00,404.07591,0,0.999,19.89,0
08/08/2013 8:00,418.3107,0.41133125,0.774,24.43,0.04
08/08/2013 9:00,630.5226,0.913280746,0.6208,28.7,0.1
08/08/2013 10:00,937.9242,0.729180647,0.603,29.65,0
08/08/2013 11:00,531.8397,0.500814505,0.5579,31.11,0
08/08/2013 12:00,1079.3988,0.961281366,0.4265,33.95,0
08/08/2013 13:00,1054.9464,1.255196806,0.3522,36.23,0
08/08/2013 14:00,964.1232,2.029778997,0.3612,36.46,0
08/08/2013 15:00,773.7438,0.998569012,0.3398,36.92,0
08/08/2013 16:00,626.1561,1.23093767,0.3498,36.49,0
08/08/2013 17:00,216.92772,0.947509302,0.3584,34.68,0
08/08/2013 18:00,186.97353,0.26549575,0.517,32.22,0.99
08/08/2013 19:00,26.199,0.125269075,0.6639,26.47,0
08/08/2013 20:00,0,0,0.876,21.35,0
08/08/2013 21:00,0,0.44498575,0.941,19.2,0
08/08/2013 22:00,0,1.041416,0.988,17.94,0.14
08/08/2013 23:00,0,0,0.999,17.51,0.14
08/09/2013 0:00,0,0.946062,0.997,17.07,0.14
08/09/2013 1:00,0,0.151444675,0.999,16.47,0.14
08/09/2013 2:00,0,0.40198275,0.999,15.57,0.14
08/09/2013 3:00,0,0.97410725,0.936,17.4,0.91
08/09/2013 4:00,0,0,0.991,16.51,0.14
08/09/2013 5:00,9.16965,0.823885387,0.999,15.85,0.56
08/09/2013 6:00,81.39156,0.951760991,0.999,18.04,0.89
08/09/2013 7:00,114.4023,0.585510663,0.958,20.16,0.21
08/09/2013 8:00,302.59845,1.500403084,0.843,23.45,0.01
08/09/2013 9:00,750.1647,2.396096993,0.5792,28.73,0
08/09/2013 10:00,904.7388,2.456096065,0.5008,30.4,0
08/09/2013 11:00,1007.7882,2.681119496,0.4794,30.91,0
08/09/2013 12:00,1058.4396,2.58362499,0.4578,31.66,0
08/09/2013 13:00,939.6708,1.87944617,0.4482,31.87,0.01
08/09/2013 14:00,926.5713,1.604628792,0.4137,32.3,0.02
08/09/2013 15:00,418.57269,2.228181925,0.4657,30.23,0
08/09/2013 16:00,262.33932,2.287618179,0.4944,29.88,0.88
08/09/2013 17:00,142.95921,1.165977634,0.5689,25.54,0.99
08/09/2013 18:00,52.31067,1.316351762,0.5921,23.33,0.91
08/09/2013 19:00,0,5.252518368,0.889,17.7,0.97
08/09/2013 20:00,0,0.001869688,0.973,16.69,0.97
08/09/2013 21:00,0,0.438659802,0.999,16.44,0.97
08/09/2013 22:00,0,1.402006213,0.999,16.57,0.91
08/09/2013 23:00,0,1.331658589,0.999,16.75,0.72
08/10/2013 0:00,0,2.552770806,0.997,16.22,0.92
08/10/2013 1:00,0,1.461609057,0.905,16.18,0.14
08/10/2013 2:00,0,0.84135925,0.999,14.77,0.72
08/10/2013 3:00,0,0.041175586,0.999,13.58,0.92
08/10/2013 4:00,0,1.092671993,0.999,13.47,0.92
08/10/2013 5:00,3.75519,1.529337007,0.999,13.56,0.84
08/10/2013 6:00,53.18397,0.946948158,0.999,13.45,0.66
08/10/2013 7:00,161.73516,0.341268012,0.999,15.79,0.99
08/10/2013 8:00,299.71656,1.073215177,0.845,20.03,0
08/10/2013 9:00,734.4453,2.276755941,0.784,21.47,0.02
08/10/2013 10:00,809.5491,2.849738644,0.5526,22.37,0.61
08/10/2013 11:00,835.7481,1.694383509,0.5257,23.21,0.97
08/10/2013 12:00,519.6135,2.194880297,0.5017,23.68,0.97
08/10/2013 13:00,451.84542,2.583705872,0.5585,23.57,0.74
08/10/2013 14:00,459.53046,2.368920522,0.5391,22.47,0
08/10/2013 15:00,840.1146,4.371560691,0.4866,22.95,0.11
08/10/2013 16:00,281.55192,2.736998079,0.4483,22.13,0.02
08/10/2013 17:00,408.79173,2.457223158,0.4411,22.5,0
08/10/2013 18:00,225.83538,1.430949884,0.4612,23.45,0
08/10/2013 19:00,33.36006,1.817383376,0.711,19.6,0
08/10/2013 20:00,0,0,0.99,14,0
08/10/2013 21:00,0,0,0.999,12.17,0
08/10/2013 22:00,0,0.7983565,0.999,10.95,0
08/10/2013 23:00,0,0.60577875,0.999,10.16,0
08/11/2013 0:00,0,0.018696875,0.999,9.43,0
08/11/2013 1:00,0,0.158923425,0.999,8.88,0
08/11/2013 2:00,0,0.033654375,0.999,8.49,0
08/11/2013 3:00,0,0.837622087,0.999,8.03,0
08/11/2013 4:00,0,0,0.999,7.79,0.99
08/11/2013 5:00,9.16965,0.71609025,0.999,8.1,0
08/11/2013 6:00,143.48319,0.66560875,0.999,10.59,0.01
08/11/2013 7:00,358.9263,0.951788537,0.993,14.68,0
08/11/2013 8:00,584.76168,0.039263425,0.732,20.01,0
08/11/2013 9:00,785.97,0.179820796,0.5391,24.12,0
08/11/2013 10:00,992.0688,0.737605443,0.4716,25.35,0.15
08/11/2013 11:00,1170.222,0.716705056,0.4608,25.82,0.02
08/11/2013 12:00,882.033,0.333538835,0.4044,26.91,0.55
08/11/2013 13:00,1046.2134,0.458454709,0.4557,25.87,0
08/11/2013 14:00,1093.3716,1.82417966,0.3977,28.31,0.54
08/11/2013 15:00,756.2778,0.41694025,0.4407,27.82,0.87
08/11/2013 16:00,369.4059,0.770456455,0.6679,24.26,0.07
08/11/2013 17:00,184.61562,1.151795749,0.556,23.81,0
08/11/2013 18:00,78.07302,0.669246339,0.5762,22.55,0
08/11/2013 19:00,12.75018,0,0.856,19.43,0.92
08/11/2013 20:00,0,0,0.932,17.86,0.92
08/11/2013 21:00,0,0,0.987,17.42,0.92
08/11/2013 22:00,0,0,0.999,17.07,0.92
08/11/2013 23:00,0,0,0.999,16.82,0.92
08/12/2013 0:00,0,0,0.999,16.64,0.92
08/12/2013 1:00,0,0.38515575,0.983,16.89,0.92
08/12/2013 2:00,0,0.519773,0.999,16.25,0.92
08/12/2013 3:00,0,0,0.999,15.77,0.92
08/12/2013 4:00,0,0.237450325,0.999,15.62,0.92
08/12/2013 5:00,1.04796,0.233710925,0.999,15.67,0.99
08/12/2013 6:00,49.69077,0.47864,0.999,15.98,0.97
08/12/2013 7:00,105.40731,0.71796,0.998,17.61,0.4
08/12/2013 8:00,185.31426,0.28232275,0.863,19.18,0.18
08/12/2013 9:00,214.13316,0.041133125,0.84,20.11,0.87
08/12/2013 10:00,672.441,0.18400043,0.6265,23.31,0
08/12/2013 11:00,1045.3401,0.860107055,0.5455,25.33,0.01
08/12/2013 12:00,1082.0187,0.492647474,0.5226,26.27,0.03
08/12/2013 13:00,1064.5527,0.743094292,0.5034,27.14,0
08/12/2013 14:00,964.1232,1.642784168,0.5165,27.8,0
08/12/2013 15:00,854.9607,1.096595197,0.4707,28.27,0
08/12/2013 16:00,636.6357,1.289048686,0.454,28.42,0.01
08/12/2013 17:00,413.85687,1.252507783,0.4552,27.44,0
08/12/2013 18:00,184.52829,0.852068945,0.4927,26.45,0.08
08/12/2013 19:00,20.43522,0.282421789,0.714,21.1,0
08/12/2013 20:00,0,0,0.972,15.83,0
08/12/2013 21:00,0,0,0.999,14.09,0
08/12/2013 22:00,0,0.0448725,0.999,13.31,0.15
08/12/2013 23:00,0,1.11433375,0.999,13.02,0
08/13/2013 0:00,0,0,0.966,15.07,0
08/13/2013 1:00,0,0,0.999,13.01,0
08/13/2013 2:00,0,0,0.999,11.74,0.15
08/13/2013 3:00,0,1.12929125,0.999,12.07,0.14
08/13/2013 4:00,0.08733,0.5983,0.999,12.3,0
08/13/2013 5:00,5.67645,0,0.999,12.22,0.48
08/13/2013 6:00,72.04725,0,0.999,13.95,0.99
08/13/2013 7:00,61.65498,0.47490075,0.999,15.44,0.97
08/13/2013 8:00,123.74661,0.091614675,0.999,16.3,0.02
08/13/2013 9:00,528.95781,0.243059375,0.971,18.47,0.11
08/13/2013 10:00,1071.5391,0.228293361,0.6751,24.28,0.32
08/13/2013 11:00,586.50828,0.753484,0.5987,25.37,0.01
08/13/2013 12:00,1096.8648,1.179920893,0.5358,26.87,0.89
08/13/2013 13:00,180.16179,1.698444327,0.5358,24.41,0.74
08/13/2013 14:00,485.99145,0.357496767,0.924,18.51,0.99
08/13/2013 15:00,50.82606,0.731203119,0.916,18.04,0.98
08/13/2013 16:00,131.34432,0.214289353,0.995,16.98,0.98
08/13/2013 17:00,36.41661,1.274047709,0.999,16.77,0.95
08/13/2013 18:00,37.02792,0.865697555,0.999,16.6,0.97
08/13/2013 19:00,2.88189,0,0.999,16.44,0.92
08/13/2013 20:00,0,0.815320963,0.999,16.23,0.92
08/13/2013 21:00,0,0.454334,0.999,16.04,0.92
08/13/2013 22:00,0,0.093484375,0.999,15.56,0.92
08/13/2013 23:00,0,0.603920577,0.999,15.07,0.92
08/14/2013 0:00,0,0.693654,0.999,14.91,0.92
08/14/2013 1:00,0,0.26549575,0.999,14.69,0.92
08/14/2013 2:00,0,0.001869688,0.999,14.4,0.92
08/14/2013 3:00,0,0.57586375,0.999,13.91,0.92
08/14/2013 4:00,0,0.584312493,0.999,13.86,0.99
08/14/2013 5:00,0.52398,0.413239069,0.999,13.63,0.99
08/14/2013 6:00,24.62706,0.41507075,0.999,13.53,0.94
08/14/2013 7:00,64.79886,0.7871385,0.999,13.9,0.76
08/14/2013 8:00,200.07303,0.53286428,0.999,14.74,0.99
08/14/2013 9:00,339.18972,1.095391175,0.97,16.34,0.9
08/14/2013 10:00,431.4102,1.146965923,0.847,17.92,0.77
08/14/2013 11:00,413.68221,1.675039664,0.828,18.17,0.75
08/14/2013 12:00,436.47534,0.52354595,0.746,19.3,0.96
08/14/2013 13:00,253.257,0.031784675,0.729,19.51,0.99
08/14/2013 14:00,339.97569,0.616421487,0.745,19.76,0.97
08/14/2013 15:00,96.41232,0.850140511,0.87,17.94,0.99
08/14/2013 16:00,108.63852,0.449849337,0.884,17.86,0.97
08/14/2013 17:00,119.55477,0.170541739,0.89,18.07,0.99
08/14/2013 18:00,79.99428,0.083719432,0.935,17.2,0.3
08/14/2013 19:00,7.51038,0.565091203,0.977,15.9,0.92
08/14/2013 20:00,0,0.489861568,0.999,14.49,0.92
08/14/2013 21:00,0,0.102832825,0.999,13.89,0.13
08/14/2013 22:00,0,0,0.999,13.19,0.7
08/14/2013 23:00,0,0.099093425,0.999,13.06,0
08/15/2013 0:00,0,0.12713875,0.999,12.45,0
08/15/2013 1:00,0,0.603909,0.999,10.79,0.71
08/15/2013 2:00,0,0.639435983,0.999,10.1,0
08/15/2013 3:00,0,1.06572364,0.999,10,0
08/15/2013 4:00,0,0.929236631,0.999,9.93,0
08/15/2013 5:00,5.15247,1.0862885,0.999,8.59,0
08/15/2013 6:00,131.08233,0.826404115,0.999,9.3,0.02
08/15/2013 7:00,367.74663,0.723569,0.999,13.79,0
08/15/2013 8:00,582.40377,1.516348873,0.6485,18.22,0
08/15/2013 9:00,792.9564,1.028343547,0.4669,20.45,0
08/15/2013 10:00,947.5305,0.685206751,0.4313,20.97,0
08/15/2013 11:00,928.3179,0.473784063,0.4216,21.74,0.32
08/15/2013 12:00,1174.5885,0.983427188,0.404,22.42,0.09
08/15/2013 13:00,1308.2034,0.921530344,0.3675,24.82,0.02
08/15/2013 14:00,1138.7832,0.658950131,0.3953,24.32,0.01
08/15/2013 15:00,863.6937,0.423479183,0.4171,23.13,0.07
08/15/2013 16:00,659.3415,0.39203304,0.3944,24.13,0.01
08/15/2013 17:00,435.7767,0.95541025,0.4313,23.37,0
08/15/2013 18:00,67.94274,0.910908156,0.6879,18.51,0.66
08/15/2013 19:00,10.91625,0.047667877,0.922,14.8,0
08/15/2013 20:00,0,0.001869688,0.999,11.75,0
08/15/2013 21:00,0,0.4935975,0.999,9.81,0
08/15/2013 22:00,0,0.190708125,0.999,9.26,0
08/15/2013 23:00,0,0.76096275,0.999,8.55,0
08/16/2013 0:00,0,0.86566525,0.999,7.66,0
08/16/2013 1:00,0,0.75909325,0.999,6.94,0
08/16/2013 2:00,0,0.903059,0.999,6.254,0
08/16/2013 3:00,0,1.022719,0.999,5.909,0
08/16/2013 4:00,0,0.7216995,0.999,5.531,0.71
08/16/2013 5:00,4.19184,0.882494481,0.999,5.355,0
08/16/2013 6:00,116.49822,0.63569375,0.999,6.59,0.01
08/16/2013 7:00,335.43453,0.35524075,0.999,12.57,0
08/16/2013 8:00,565.11243,0.52164275,0.6732,17.9,0
08/16/2013 9:00,774.6171,1.331852832,0.5328,22.26,0
08/16/2013 10:00,942.2907,0.692847321,0.4725,22.48,0
08/16/2013 11:00,1057.5663,0.655439598,0.416,23.48,0
08/16/2013 12:00,1103.8512,0.420184959,0.4248,24.89,0
08/16/2013 13:00,1085.5119,0.967763333,0.4138,25.05,0
08/16/2013 14:00,984.2091,0.231871404,0.3879,25.71,0
08/16/2013 15:00,838.368,0.942237196,0.3912,25.75,0
08/16/2013 16:00,642.7488,0.507302535,0.3864,26.41,0
08/16/2013 17:00,408.61707,0.6618695,0.4186,26.37,0
08/16/2013 18:00,175.88262,0,0.5268,24.9,0.24
08/16/2013 19:00,11.96421,0,0.845,17.16,0
08/16/2013 20:00,0,0,0.998,12.57,0
08/16/2013 21:00,0,0,0.999,11.06,0
08/16/2013 22:00,0,0.532861,0.999,10.14,0
08/16/2013 23:00,0,1.005892,0.999,9.21,0
08/17/2013 0:00,0,0.47116125,0.999,8.5,0
08/17/2013 1:00,0,0.91614675,0.999,7.89,0
08/17/2013 2:00,0,0.213144375,0.999,7.47,0
08/17/2013 3:00,0,0,0.999,7.05,0
08/17/2013 4:00,0,0.67121775,0.999,6.68,0
08/17/2013 5:00,4.71582,0,0.999,6.444,0
08/17/2013 6:00,110.12313,0.747875,0.999,7.91,0.01
08/17/2013 7:00,316.48392,0,0.999,13.74,0
08/17/2013 8:00,551.22696,0.46181275,0.761,19,0
08/17/2013 9:00,769.3773,0.444851992,0.5951,23.67,0
08/17/2013 10:00,929.1912,1.344558787,0.4976,25.31,0
08/17/2013 11:00,1034.8605,0.749219966,0.4767,26.34,0
08/17/2013 12:00,1082.892,0.757613519,0.455,26.84,0
08/17/2013 13:00,1053.1998,0.926507094,0.4647,27.96,0.01
08/17/2013 14:00,956.2635,0.977490732,0.4383,28.24,0.01
08/17/2013 15:00,801.6894,1.066610489,0.4318,28.82,0
08/17/2013 16:00,601.26705,0.834412891,0.4564,28.81,0.01
08/17/2013 17:00,375.95565,0.509039418,0.4618,28.61,0
08/17/2013 18:00,154.66143,0.450342481,0.5297,26.78,0.76
08/17/2013 19:00,9.78096,0,0.851,19.56,0
08/17/2013 20:00,0,0,0.999,15.63,0
08/17/2013 21:00,0,0.009348438,0.999,14.32,0
08/17/2013 22:00,0,0.998413,0.999,13.47,0
08/17/2013 23:00,0,0.81518375,0.999,12.63,0
08/18/2013 0:00,0,0.39263425,0.999,11.55,0
08/18/2013 1:00,0,0.98906475,0.999,11.14,0
08/18/2013 2:00,0,0.7329175,0.999,10.57,0
08/18/2013 3:00,0,0.2262322,0.999,10.2,0
08/18/2013 4:00,0,0.114050925,0.999,9.48,0.99
08/18/2013 5:00,3.92985,0,0.999,9.66,0
08/18/2013 6:00,98.42091,0.3197165,0.999,10.64,0.01
08/18/2013 7:00,322.77168,0.65065125,0.999,16.55,0
08/18/2013 8:00,549.56769,0.129008425,0.736,21.76,0
08/18/2013 9:00,740.5584,1.1966,0.6051,24.7,0
08/18/2013 10:00,899.499,1.338688475,0.5614,26.91,0
08/18/2013 11:00,1005.1683,1.386402093,0.4997,28.58,0
08/18/2013 12:00,1053.1998,1.202009865,0.4702,29.11,0
08/18/2013 13:00,1040.1003,1.168711817,0.4354,30.15,0
08/18/2013 14:00,951.0237,1.177233652,0.4079,30.5,0
08/18/2013 15:00,809.5491,1.288324647,0.3844,30.89,0
08/18/2013 16:00,613.0566,1.115570696,0.3942,30.61,0
08/18/2013 17:00,383.02938,0.925306575,0.4339,29.87,0
08/18/2013 18:00,160.07589,0.302016812,0.5258,28.04,0.99
08/18/2013 19:00,6.1131,0,0.85,19.83,0
08/18/2013 20:00,0,0,0.999,15.63,0
08/18/2013 21:00,0,1.06385225,0.999,13.93,0
08/18/2013 22:00,0,1.0862885,0.999,13.48,0
08/18/2013 23:00,0,1.0133705,0.999,13.29,0
08/19/2013 0:00,0,0,0.999,12.64,0
08/19/2013 1:00,0,0.651427137,0.999,12.19,0
08/19/2013 2:00,0,0.11966,0.999,11.45,0
08/19/2013 3:00,0,0.508555,0.999,10.85,0
08/19/2013 4:00,0,0.9535405,0.999,10.54,0.99
08/19/2013 5:00,4.27917,0.5235125,0.999,10.39,0.13
08/19/2013 6:00,67.76808,0.32532575,0.999,11.27,0
08/19/2013 7:00,294.38943,0.003739375,0.999,16.61,0.84
08/19/2013 8:00,349.66932,0.69926325,0.809,21.13,0.29
08/19/2013 9:00,694.2735,0.38332704,0.6196,25.96,0
08/19/2013 10:00,915.2184,1.113115818,0.5615,27.89,0
08/19/2013 11:00,856.7073,1.604703951,0.5191,28.29,0
08/19/2013 12:00,1086.3852,0.548784457,0.5018,29.83,0.32
08/19/2013 13:00,1065.426,0.673879097,0.4918,30.21,0.31
08/19/2013 14:00,392.37369,1.494334087,0.5341,29.1,0.07
08/19/2013 15:00,293.07948,1.759082768,0.5046,29.48,0.01
08/19/2013 16:00,587.29425,0.454083814,0.4844,29.86,0.03
08/19/2013 17:00,341.98428,0.698297674,0.4912,29.47,0.89
08/19/2013 18:00,61.131,0.109020579,0.6324,25.31,0.99
08/19/2013 19:00,5.76378,0,0.936,19.9,0.33
08/19/2013 20:00,0,0,0.999,17.4,0.13
08/19/2013 21:00,0.08733,1.147490034,0.711,21.52,0.93
08/19/2013 22:00,0,1.699392813,0.5589,21.64,0.92
08/19/2013 23:00,0,0.963193972,0.548,21.22,0.13
08/20/2013 0:00,0,1.382553809,0.846,16.56,0.93
08/20/2013 1:00,0,1.087258247,0.947,15.74,0.93
08/20/2013 2:00,0,0.205665625,0.999,14.64,0.92
08/20/2013 3:00,0,0.502946,0.999,14.46,0.93
08/20/2013 4:00,0,0,0.999,14.12,0.99
08/20/2013 5:00,1.30995,1.112503278,0.999,14.45,0.99
08/20/2013 6:00,30.65283,0.915517006,0.999,14.52,0.95
08/20/2013 7:00,75.36579,0.467829236,0.999,15.45,0.89
08/20/2013 8:00,76.93773,0.871196272,0.999,16.52,0.84
08/20/2013 9:00,126.27918,1.318394811,0.945,17.36,0.98
08/20/2013 10:00,362.94348,1.782160428,0.92,17.68,0.98
08/20/2013 11:00,334.29924,0.725065058,0.6856,19.66,0.79
08/20/2013 12:00,483.45888,1.599397099,0.6498,20.53,0.97
08/20/2013 13:00,478.21908,2.497097604,0.6475,20.44,0.92
08/20/2013 14:00,432.80748,2.824692214,0.5842,20.68,0.69
08/20/2013 15:00,199.19973,2.031537429,0.6142,19.99,0.99
08/20/2013 16:00,212.38656,2.224580025,0.6248,19.25,0.87
08/20/2013 17:00,155.18541,3.108028028,0.6089,19.3,0.99
08/20/2013 18:00,57.20115,1.396481465,0.701,17.04,0.25
08/20/2013 19:00,3.23121,0.683487891,0.979,13.78,0.93
08/20/2013 20:00,0,1.186608075,0.999,12.85,0.93
08/20/2013 21:00,0,1.488352395,0.999,12.17,0.93
08/20/2013 22:00,0,1.722672236,0.999,12.14,0.72
08/20/2013 23:00,0,2.020536256,0.999,11.8,0.33
08/21/2013 0:00,0.43665,1.611714951,0.908,13.17,0.13
08/21/2013 1:00,0,1.188399195,0.714,15.3,0.72
08/21/2013 2:00,0,1.205675942,0.989,12.53,0.72
08/21/2013 3:00,0,0.567554126,0.994,12.33,0.13
08/21/2013 4:00,0.08733,0.845365449,0.981,12.44,0.92
08/21/2013 5:00,0.69864,1.004667935,0.6658,15.6,0.67
08/21/2013 6:00,54.66858,0.810733222,0.6615,15.82,0.98
08/21/2013 7:00,157.194,1.141166598,0.656,16.44,0.26
08/21/2013 8:00,601.96569,1.833409532,0.6141,17.92,0.05
08/21/2013 9:00,569.74092,2.065448783,0.5888,18.74,0.01
08/21/2013 10:00,980.7159,2.419171176,0.5554,20.41,0
08/21/2013 11:00,1057.5663,2.842343503,0.5478,21.38,0
08/21/2013 12:00,1109.091,2.726021349,0.5172,21.77,0
08/21/2013 13:00,1029.6207,2.483087124,0.503,22.84,0
08/21/2013 14:00,927.4446,2.713944943,0.4914,23.25,0
08/21/2013 15:00,778.9836,2.200491863,0.4592,23.06,0
08/21/2013 16:00,579.25989,1.873665577,0.466,23.14,0
08/21/2013 17:00,347.5734,2.881597565,0.4697,22.2,0
08/21/2013 18:00,126.27918,2.140229574,0.5009,20.98,0.87
08/21/2013 19:00,3.40587,1.156337733,0.6997,16.89,0
08/21/2013 20:00,0,0.0448725,0.975,12.1,0
08/21/2013 21:00,0,0,0.999,10.75,0
08/21/2013 22:00,0,0.177620325,0.999,9.66,0.72
08/21/2013 23:00,0,0,0.999,9.41,0.33
08/22/2013 0:00,0,0.001869688,0.999,9.24,0
08/22/2013 1:00,0,0,0.999,8.54,0
08/22/2013 2:00,0.34932,0.78366892,0.999,8.95,0
08/22/2013 3:00,0,0,0.999,10.56,0.72
08/22/2013 4:00,0,0.80022625,0.999,8.67,0.72
08/22/2013 5:00,1.7466,1.155480364,0.999,9.47,0.27
08/22/2013 6:00,60.34503,0.818923,0.999,10.48,0.68
08/22/2013 7:00,321.02508,0.033654375,0.858,13.5,0
08/22/2013 8:00,549.39303,0.589248201,0.71,17.19,0
08/22/2013 9:00,741.4317,1.901740518,0.558,19.76,0
08/22/2013 10:00,909.9786,2.30072239,0.4865,21.37,0.01
08/22/2013 11:00,1011.2814,1.248011841,0.4899,21.97,0
08/22/2013 12:00,1045.3401,1.346394411,0.4537,23.27,0
08/22/2013 13:00,1037.4804,0.963119654,0.4383,24.37,0
08/22/2013 14:00,951.897,0.971044783,0.429,24.98,0
08/22/2013 15:00,705.6264,0.230389203,0.4128,25.92,0.03
08/22/2013 16:00,568.16898,1.263941815,0.4201,25.46,0
08/22/2013 17:00,343.03224,1.293176494,0.4507,24.27,0
08/22/2013 18:00,132.13029,1.272852098,0.5641,22.74,0.99
08/22/2013 19:00,4.3665,0.70674175,0.779,16.72,0
08/22/2013 20:00,0,0,0.999,12.68,0
08/22/2013 21:00,0,0.005609063,0.999,10.94,0
08/22/2013 22:00,0,1.13490025,0.999,10.06,0
08/22/2013 23:00,0.08733,1.415354735,0.999,9.18,0
08/23/2013 0:00,0,0.9965435,0.999,8.51,0
08/23/2013 1:00,0,0.89931975,0.999,8.21,0
08/23/2013 2:00,0,1.170461583,0.999,7.8,0
08/23/2013 3:00,0,1.13490025,0.999,7.29,0
08/23/2013 4:00,0,0.873144,0.999,7.19,0.99
08/23/2013 5:00,1.65927,0.0149575,0.999,6.85,0
08/23/2013 6:00,61.04367,0.79648675,0.999,7.2,0.01
08/23/2013 7:00,299.71656,0.58708175,0.999,12.74,0
08/23/2013 8:00,513.58773,0.114050925,0.734,17.65,0
08/23/2013 9:00,714.3594,0.573579719,0.5802,21.47,0
08/23/2013 10:00,880.2864,0.841635689,0.5618,22.69,0
08/23/2013 11:00,967.6164,1.149432157,0.5039,23.8,0
08/23/2013 12:00,759.771,1.060987822,0.475,25.09,0
08/23/2013 13:00,960.63,1.115062939,0.4675,26.07,0.01
08/23/2013 14:00,888.1461,1.240206247,0.4767,26.49,0.02
08/23/2013 15:00,468.52545,0.568928978,0.5129,25.51,0.61
08/23/2013 16:00,383.72802,0.572872422,0.5687,25,0.16
08/23/2013 17:00,275.70081,0.462402802,0.5709,25.61,0.38
08/23/2013 18:00,120.16608,0,0.764,22.05,0.97
08/23/2013 19:00,2.88189,0,0.988,17.05,0
08/23/2013 20:00,0,0,0.999,15.57,0
08/23/2013 21:00,0,0,0.999,15.3,0.32
08/23/2013 22:00,0,0,0.999,14.18,0.72
08/23/2013 23:00,0,0.162662825,0.999,12.98,0.74
08/24/2013 0:00,0,0.51042475,0.999,12.39,0.12
08/24/2013 1:00,0,0.777792247,0.999,12.76,0.92
08/24/2013 2:00,0,0.8170535,0.999,12.83,0.12
08/24/2013 3:00,0.08733,1.306977031,0.999,14.34,0.92
08/24/2013 4:00,0,0.012542245,0.999,14.08,0.92
08/24/2013 5:00,0.34932,0,0.999,14.53,0.99
08/24/2013 6:00,7.07373,0,0.999,14.54,0.99
08/24/2013 7:00,41.48175,0.001869688,0.999,14.95,0.99
08/24/2013 8:00,89.77524,0.0430028,0.999,15.36,0.99
08/24/2013 9:00,173.52471,0.093559133,0.999,16.32,0.99
08/24/2013 10:00,100.95348,0.03328884,0.978,16.93,0.99
08/24/2013 11:00,179.46315,0.568145025,0.999,16.49,0.99
08/24/2013 12:00,198.85041,0.958945505,0.999,16.53,0.99
08/24/2013 13:00,163.91841,0.05422095,0.999,16.54,0.89
08/24/2013 14:00,332.63997,0.60016975,0.998,17.62,0.82
08/24/2013 15:00,328.88478,0.108441875,0.951,17.56,0.99
08/24/2013 16:00,301.89981,0.28681883,0.9,18.37,0.83
08/24/2013 17:00,161.82249,0,0.825,18.79,0.96
08/24/2013 18:00,158.32929,0.4524645,0.78,19.86,0.14
08/24/2013 19:00,2.00859,0,0.999,15.57,0.14
08/24/2013 20:00,0,0,0.999,13.4,0
08/24/2013 21:00,0,0.63008475,0.999,12.17,0
08/24/2013 22:00,0,0,0.999,11,0
08/24/2013 23:00,0,0,0.999,10.83,0
08/25/2013 0:00,0,0,0.999,10.65,0.32
08/25/2013 1:00,0,0,0.999,10.43,0
08/25/2013 2:00,0,0,0.999,9.31,0.14
08/25/2013 3:00,0,0.6543905,0.999,9.22,0.12
08/25/2013 4:00,0,0.65065125,0.999,8.86,0.99
08/25/2013 5:00,3.92985,0.35711025,0.999,8.39,0.97
08/25/2013 6:00,49.69077,0,0.999,10.13,0.99
08/25/2013 7:00,60.43236,0.28045325,0.999,11.81,0.98
08/25/2013 8:00,43.05369,0.181359675,0.999,12.64,0.99
08/25/2013 9:00,250.37511,0,0.999,13.92,0.99
08/25/2013 10:00,129.77238,0,0.999,14.77,0.99
08/25/2013 11:00,178.93917,1.464652891,0.999,15.5,0.99
08/25/2013 12:00,75.1038,0.67495725,0.999,15.1,0.99
08/25/2013 13:00,162.17181,0.403856828,0.999,15.53,0.99
08/25/2013 14:00,152.21619,0.065439075,0.999,15.91,0.99
08/25/2013 15:00,51.87402,0.26175625,0.999,15.54,0.99
08/25/2013 16:00,108.90051,0.551430978,0.999,15.76,0.99
08/25/2013 17:00,74.31783,0.675958508,0.999,16.13,0.99
08/25/2013 18:00,24.80172,0.065439075,0.999,15.61,0.99
08/25/2013 19:00,0.78597,0.03739375,0.999,15,0.73
08/25/2013 20:00,0,0.364589,0.999,14.2,0
08/25/2013 21:00,0,0.05422095,0.999,12.51,0.73
08/25/2013 22:00,0,0.3197165,0.999,13.44,0.3
08/25/2013 23:00,0.08733,0.2841925,0.999,13.82,0.73
08/26/2013 0:00,0,0,0.999,14.15,0
08/26/2013 1:00,0,0,0.999,13.93,0.73
08/26/2013 2:00,0,0.058560332,0.999,13.68,0.14
08/26/2013 3:00,0,0.22997915,0.999,12.68,0.12
08/26/2013 4:00,0,0.27297425,0.999,12.36,0.99
08/26/2013 5:00,0.61131,1.11247814,0.999,12.14,0.97
08/26/2013 6:00,25.84968,0.906891015,0.999,12.14,0.94
08/26/2013 7:00,76.58841,0.88062275,0.999,12.71,0.98
08/26/2013 8:00,115.45026,0,0.999,13.34,0.98
08/26/2013 9:00,184.52829,0.001869688,0.999,14.12,0.99
08/26/2013 10:00,433.33146,0.371258983,0.999,15.37,0.99
08/26/2013 11:00,608.6901,0.23833932,0.835,17.91,0.03
08/26/2013 12:00,1084.6386,1.181851108,0.6981,20.79,0.21
08/26/2013 13:00,1160.6157,1.11742261,0.6593,22.52,0.11
08/26/2013 14:00,1114.3308,0.636147388,0.5987,23.23,0.89
08/26/2013 15:00,582.05445,1.6025361,0.6454,22.25,0.96
08/26/2013 16:00,210.02865,1.897729066,0.77,19.6,0.63
08/26/2013 17:00,180.94776,0.878880289,0.78,19.07,0.99
08/26/2013 18:00,67.2441,0.02243625,0.825,18.09,0.99
08/26/2013 19:00,0.8733,0.748904955,0.999,15.97,0
08/26/2013 20:00,0,0.001869688,0.999,16.13,0.73
08/26/2013 21:00,0,0,0.999,15.51,0.92
08/26/2013 22:00,0,0.4524645,0.999,15.16,0.73
08/26/2013 23:00,0,0.31597725,0.999,14.7,0.73
08/27/2013 0:00,0,0,0.999,14.44,0.73
08/27/2013 1:00,0,0,0.999,14.35,0.73
08/27/2013 2:00,0.08733,0,0.999,14.24,0.91
08/27/2013 3:00,0,0,0.999,14.22,0.91
08/27/2013 4:00,0,0.486927077,0.999,14.04,0.99
08/27/2013 5:00,0,0.293541,0.999,14.04,0.99
08/27/2013 6:00,11.61489,0,0.999,13.86,0.96
08/27/2013 7:00,55.19256,0,0.999,14.35,0.97
08/27/2013 8:00,150.90624,0,0.999,15.4,0.77
08/27/2013 9:00,659.3415,0.00747875,0.999,16.34,0.51
08/27/2013 10:00,271.42164,1.365122976,0.945,17.31,0.92
08/27/2013 11:00,320.58843,1.338249582,0.908,18.3,0.71
08/27/2013 12:00,1236.5928,1.112055547,0.921,19.36,0.29
08/27/2013 13:00,573.84543,1.29744184,0.835,19.93,0.24
08/27/2013 14:00,555.33147,0.27707356,0.756,21.06,0.02
08/27/2013 15:00,609.30141,0.339733137,0.758,20.99,0.04
08/27/2013 16:00,240.24483,0.772181,0.773,20.89,0.99
08/27/2013 17:00,100.69149,0.033654375,0.892,19.76,0.99
08/27/2013 18:00,114.48963,0,0.963,19.38,0.12
08/27/2013 19:00,0.61131,0.663739,0.999,17.34,0.91
08/27/2013 20:00,0,0.009348438,0.999,16.77,0.91
08/27/2013 21:00,0,0,0.999,15.96,0.14
08/27/2013 22:00,0,0.26549575,0.999,15.41,0.12
08/27/2013 23:00,0.26199,0.7441355,0.999,15.39,0.14
08/28/2013 0:00,0,0.83763878,0.996,15.99,0.91
08/28/2013 1:00,0,1.077462389,0.999,14.68,0.91
08/28/2013 2:00,0,0.992804,0.999,14.04,0.91
08/28/2013 3:00,0,0.001869688,0.999,13.85,0.91
08/28/2013 4:00,0,0.64504225,0.999,13.89,0.99
08/28/2013 5:00,0.26199,0.38702525,0.999,13.71,0.99
08/28/2013 6:00,15.10809,0,0.999,13.45,0.97
08/28/2013 7:00,84.7101,0.428121695,0.999,13.68,0.78
08/28/2013 8:00,361.98285,0.69456305,0.999,16.37,0.97
08/28/2013 9:00,142.69722,1.204615791,0.938,17.35,0.97
08/28/2013 10:00,125.58054,1.499280709,0.989,16.34,0.99
08/28/2013 11:00,307.4016,1.514461878,0.936,17.62,0.93
08/28/2013 12:00,185.83824,0.786745468,0.962,16.92,0.96
08/28/2013 13:00,229.76523,1.741221332,0.939,17.52,0.99
08/28/2013 14:00,154.31211,1.815932618,0.866,17.85,0.99
08/28/2013 15:00,71.26128,1.718424889,0.887,16.67,0.99
08/28/2013 16:00,166.8003,0.796488944,0.977,16.27,0.99
08/28/2013 17:00,53.44596,1.247452863,0.999,15.32,0.99
08/28/2013 18:00,21.8325,0.158350505,0.999,15.02,0.99
08/28/2013 19:00,0.43665,0.214688657,0.999,14.35,0.73
08/28/2013 20:00,0,1.047191923,0.999,13.79,0.73
08/28/2013 21:00,0,0.256208656,0.999,13.66,0.91
08/28/2013 22:00,0,1.002705106,0.999,13.74,0.91
08/28/2013 23:00,0,1.4829369,0.999,13.48,0.73
08/29/2013 0:00,0,1.49968648,0.999,13.35,0.12
08/29/2013 1:00,0,1.262793573,0.999,12.84,0
08/29/2013 2:00,0,0.987494175,0.999,11.98,0
08/29/2013 3:00,0,0.940519808,0.999,10.58,0
08/29/2013 4:00,0,0.148743,0.999,10.07,0.99
08/29/2013 5:00,0.34932,0.349636499,0.999,9.79,0
08/29/2013 6:00,52.04868,0.693654,0.999,10.57,0.99
08/29/2013 7:00,96.063,0.166496678,0.999,12.48,0.97
08/29/2013 8:00,148.19901,0.34762124,0.999,13.93,0.95
08/29/2013 9:00,310.45815,0.681125954,0.999,16.56,0.03
08/29/2013 10:00,896.0058,1.153901776,0.6617,19,0.02
08/29/2013 11:00,881.1597,2.066195075,0.5568,20.6,0.01
08/29/2013 12:00,798.1962,1.545780441,0.5278,21.12,0
08/29/2013 13:00,885.5262,1.931780767,0.4884,21.59,0.06
08/29/2013 14:00,926.5713,2.241520569,0.4647,22.37,0
08/29/2013 15:00,785.97,1.271663845,0.4385,22.37,0.04
08/29/2013 16:00,488.00004,1.041133985,0.4452,22.57,0.1
08/29/2013 17:00,102.1761,1.654373427,0.5205,19.26,0.67
08/29/2013 18:00,55.27989,0.839014746,0.5678,17.32,0.99
08/29/2013 19:00,0.43665,0.518766684,0.82,14.67,0.74
08/29/2013 20:00,0,0.34028325,0.999,13.1,0.3125
08/29/2013 21:00,0,0,0.999,11.28,0.3125
08/29/2013 22:00,0,0,0.999,9.97,0.1875
08/29/2013 23:00,0,0,0.999,8.57,0.1875
08/30/2013 0:00,0,1.09937625,0.999,8.27,0.1875
