Stream_KM,Elevation,Gradient,BottomWidth,ChannelAngleZ ,Mannings_n,SedThermalConductivity,SedThermalDiffusivity,SedHyporheicThickness,%HyporheicExchange,Porosity
94.95,792,0.08,5,0.15,0.04,2,0.0064,0.1,0.01,0.2
94.9,789,0.06,5,0.15,0.04,2,0.0064,0.1,0.01,0.2
94.85,787,0.04,5,0.15,0.04,2,0.0064,0.1,0.01,0.2
94.8,785,0.04,5,0.15,0.04,2,0.0064,0.1,0.01,0.2
94.75,780,0.1,5,0.15,0.04,2,0.0064,0.1,0.01,0.2
94.7,776,0.08,5,0.15,0.04,2,0.0064,0.1,0.01,0.2
94.65,773,0.06,5,0.15,0.04,2,0.0064,0.1,0.01,0.2
94.6,770,0.06,5,0.15,0.04,2,0.0064,0.1,0.01,0.2
94.55,768,0.04,5,0.15,0.04,2,0.0064,0.1,0.01,0.2
94.5,766,0.04,5,0.15,0.04,2,0.0064,0.1,0.01,0.2
94.45,763,0.06,5,0.15,0.04,2,0.0064,0.1,0.01,0.2
94.4,761,0.04,5,0.15,0.04,2,0.0064,0.1,0.01,0.2
94.35,758,0.06,5,0.15,0.04,2,0.0064,0.1,0.01,0.2
94.3,756,0.04,5,0.15,0.04,2,0.0064,0.1,0.01,0.2
94.25,753,0.06,5,0.15,0.04,2,0.0064,0.1,0.01,0.2
94.2,751,0.04,5,0.15,0.04,2,0.0064,0.1,0.01,0.2
94.15,748,0.06,5,0.15,0.04,2,0.0064,0.1,0.01,0.2
94.1,747,0.02,5,0.15,0.04,2,0.0064,0.1,0.01,0.2
94.05,744,0.06,5,0.15,0.04,2,0.0064,0.1,0.01,0.2
94,741,0.06,5,0.15,0.04,2,0.0064,0.1,0.01,0.2
93.95,739,0.04,5,0.15,0.04,2,0.0064,0.1,0.01,0.2
93.9,736,0.06,5,0.15,0.04,2,0.0064,0.1,0.01,0.2
93.85,733,0.06,5,0.15,0.04,2,0.0064,0.1,0.01,0.2
93.8,731,0.04,5,0.15,0.04,2,0.0064,0.1,0.01,0.2
93.75,730,0.02,5,0.15,0.04,2,0.0064,0.1,0.01,0.3
93.7,727,0.06,5,0.15,0.04,2,0.0064,0.1,0.01,0.3
93.65,727,0.01,5,0.15,0.04,2,0.0064,0.1,0.01,0.3
93.6,723,0.08,5,0.15,0.04,2,0.0064,0.1,0.01,0.3
93.55,722,0.02,5,0.15,0.04,2,0.0064,0.1,0.01,0.3
93.5,719,0.06,5,0.15,0.04,2,0.0064,0.1,0.01,0.3
93.45,717,0.04,5,0.15,0.04,2,0.0064,0.1,0.01,0.3
93.4,718,0.01,5,0.15,0.04,2,0.0064,0.1,0.01,0.3
93.35,713,0.1,5,0.15,0.04,2,0.0064,0.1,0.01,0.3
93.3,713,0.01,5,0.15,0.04,2,0.0064,0.1,0.01,0.3
93.25,710,0.06,5,0.15,1,2,0.0064,0.1,0.01,0.4
93.2,709,0.02,5,0.15,1,2,0.0064,0.1,0.01,0.4
93.15,708,0.02,5,0.15,1,2,0.0064,0.1,0.01,0.4
93.1,706,0.04,5,0.15,1,2,0.0064,0.1,0.01,0.4
93.05,704,0.04,5,0.15,1,2,0.0064,0.1,0.01,0.4
93,704,0.001,5,0.15,1,2,0.0064,0.1,0.01,0.4
92.95,705,0.001,5,0.15,1,2,0.0064,0.1,0.01,0.4
92.9,697,0.16,5,0.15,1,2,0.0064,0.1,0.01,0.4
92.85,694,0.06,5,0.15,1,2,0.0064,0.1,0.01,0.4
92.8,694,0.001,5,0.15,1,2,0.0064,0.1,0.01,0.4
92.75,691,0.06,5,0.15,1,2,0.0064,0.1,0.01,0.4
92.7,690,0.02,5,0.15,1,2,0.0064,0.1,0.01,0.4
92.65,688,0.04,5,0.15,1,2,0.0064,0.1,0.01,0.4
92.6,685,0.06,5,0.15,1,2,0.0064,0.1,0.01,0.4
92.55,687,0.001,5,0.15,1,2,0.0064,0.1,0.01,0.4
92.5,682,0.1,5,0.15,1,2,0.0064,0.1,0.01,0.4
92.45,680,0.04,5,0.15,1,2,0.0064,0.1,0.01,0.4
92.4,678,0.04,5,0.15,1,2,0.0064,0.1,0.01,0.4
92.35,677,0.02,5,0.15,1,2,0.0064,0.1,0.01,0.4
92.3,674,0.06,5,0.15,1,2,0.0064,0.1,0.01,0.4
92.25,673,0.02,5,0.15,1,2,0.0064,0.1,0.01,0.4
92.2,671,0.04,5,0.15,1,2,0.0064,0.1,0.01,0.4
92.15,670,0.02,5,0.15,1,2,0.0064,0.1,0.01,0.4
92.1,667,0.06,5,0.15,1,2,0.0064,0.1,0.01,0.4
92.05,667,0.001,5,0.15,1,2,0.0064,0.1,0.01,0.4
92,665,0.04,5,0.15,1,2,0.0064,0.1,0.01,0.4
91.95,662,0.06,5,0.15,1,2,0.0064,0.1,0.01,0.4
91.9,662,0.001,5,0.15,1,2,0.0064,0.1,0.01,0.4
91.85,661,0.02,5,0.15,1,2,0.0064,0.1,0.01,0.4
91.8,659,0.04,5,0.15,1,2,0.0064,0.1,0.01,0.4
91.75,657,0.04,5,0.15,1,2,0.0064,0.1,0.01,0.4
91.7,655,0.04,5,0.15,1,2,0.0064,0.1,0.01,0.4
91.65,654,0.02,5,0.15,1,2,0.0064,0.1,0.01,0.4
91.6,654,0.001,5,0.15,1,2,0.0064,0.1,0.01,0.4
91.55,651,0.06,5,0.15,1,2,0.0064,0.1,0.01,0.4
91.5,650,0.02,5,0.15,1,2,0.0064,0.1,0.01,0.4
91.45,649,0.02,5,0.15,1,2,0.0064,0.1,0.01,0.4
91.4,646,0.06,5,0.15,1,2,0.0064,0.1,0.01,0.4
91.35,645,0.02,5,0.15,1,2,0.0064,0.1,0.01,0.4
91.3,643,0.04,5,0.15,1,2,0.0064,0.1,0.01,0.4
91.25,642,0.02,5,0.15,1,2,0.0064,0.1,0.01,0.4
91.2,641,0.02,5,0.15,1,2,0.0064,0.1,0.01,0.4
91.15,639,0.04,5,0.15,1,2,0.0064,0.1,0.01,0.4
91.1,638,0.02,5,0.15,1,2,0.0064,0.1,0.01,0.4
91.05,636,0.04,5,0.15,1,2,0.0064,0.1,0.01,0.4
91,636,0.001,5,0.15,1,2,0.0064,0.1,0.01,0.4
90.95,635,0.02,5,0.15,1,2,0.0064,0.1,0.01,0.4
90.9,630,0.1,5,0.15,1,2,0.0064,0.1,0.01,0.4
90.85,629,0.02,5,0.15,1,2,0.0064,0.1,0.01,0.4
90.8,625,0.08,5,0.15,1,2,0.0064,0.1,0.01,0.4
90.75,624,0.02,5,0.15,1,2,0.0064,0.1,0.01,0.4
90.7,622,0.04,5,0.15,1,2,0.0064,0.1,0.01,0.4
90.65,620,0.04,5,0.15,1,2,0.0064,0.1,0.01,0.4
90.6,619,0.02,5,0.15,1,2,0.0064,0.1,0.01,0.4
90.55,616,0.06,5,0.15,1,2,0.0064,0.1,0.01,0.4
90.5,615,0.02,5,0.15,1,2,0.0064,0.1,0.01,0.4
90.45,613,0.04,5,0.15,1,2,0.0064,0.1,0.01,0.4
90.4,612,0.02,5,0.15,1,2,0.0064,0.1,0.01,0.4
90.35,611,0.02,5,0.15,1,2,0.0064,0.1,0.01,0.4
90.3,609,0.04,5,0.15,1,2,0.0064,0.1,0.01,0.4
90.25,606,0.06,5,0.15,1,2,0.0064,0.1,0.01,0.4
90.2,606,0.001,5,0.15,1,2,0.0064,0.1,0.01,0.4
90.15,604,0.04,5,0.15,1,2,0.0064,0.1,0.01,0.4
90.1,603,0.02,5,0.15,1,2,0.0064,0.1,0.01,0.4
90.05,601,0.04,5,0.15,1,2,0.0064,0.1,0.01,0.4
90,600,0.02,5,0.15,1,2,0.0064,0.1,0.01,0.4
89.95,599,0.02,5,0.15,1,2,0.0064,0.1,0.01,0.4
89.9,595,0.08,5,0.15,1,2,0.0064,0.1,0.01,0.4
89.85,593,0.04,5,0.15,1,2,0.0064,0.1,0.01,0.4
89.8,599,0.001,5,0.15,1,2,0.0064,0.1,0.01,0.4
89.75,589,0.2,5,0.15,1,2,0.0064,0.1,0.01,0.4
89.7,586,0.06,5,0.15,1,2,0.0064,0.1,0.01,0.4
89.65,580,0.12,5,0.15,1,2,0.0064,0.1,0.01,0.4
89.6,578,0.04,5,0.15,1,2,0.0064,0.1,0.01,0.4
89.55,575,0.06,5,0.15,1,2,0.0064,0.1,0.01,0.4
89.5,573,0.04,5,0.15,1,2,0.0064,0.1,0.01,0.4
89.45,572,0.02,5,0.15,1,2,0.0064,0.1,0.01,0.4
89.4,570,0.04,5,0.15,1,2,0.0064,0.1,0.01,0.4
89.35,567,0.06,5,0.15,1,2,0.0064,0.1,0.01,0.4
89.3,566,0.02,5,0.15,1,2,0.0064,0.1,0.01,0.4
89.25,565,0.02,5,0.15,1,2,0.0064,0.1,0.01,0.4
89.2,564,0.02,5,0.15,1,2,0.0064,0.1,0.01,0.4
89.15,561,0.06,5,0.15,1,2,0.0064,0.1,0.01,0.4
89.1,560,0.02,5,0.15,1,2,0.0064,0.1,0.01,0.4
89.05,558,0.04,5,0.15,1,2,0.0064,0.1,0.01,0.4
89,558,0.001,5,0.15,1,2,0.0064,0.1,0.01,0.4
88.95,556,0.04,5,0.15,1,2,0.0064,0.1,0.01,0.4
88.9,554,0.04,5,0.15,1,2,0.0064,0.1,0.01,0.4
88.85,553,0.02,5,0.15,1,2,0.0064,0.1,0.01,0.4
88.8,551,0.04,5,0.15,1,2,0.0064,0.1,0.01,0.4
88.75,550,0.02,5,0.15,1,2,0.0064,0.1,0.01,0.4
88.7,549,0.02,5,0.15,1,2,0.0064,0.1,0.01,0.4
88.65,548,0.02,5,0.15,1,2,0.0064,0.1,0.01,0.4
88.6,546,0.04,5,0.15,1,2,0.0064,0.1,0.01,0.4
88.55,545,0.02,5,0.15,1,2,0.0064,0.1,0.01,0.4
88.5,544,0.02,5,0.15,1,2,0.0064,0.1,0.01,0.4
88.45,543,0.02,5,0.15,1,2,0.0064,0.1,0.01,0.4
88.4,543,0.001,5,0.15,1,2,0.0064,0.1,0.01,0.4
88.35,539,0.08,5,0.15,1,2,0.0064,0.1,0.01,0.4
88.3,537,0.04,5,0.15,1,2,0.0064,0.1,0.01,0.4
88.25,536,0.02,5,0.15,1,2,0.0064,0.1,0.01,0.4
88.2,534,0.04,5,0.15,1,2,0.0064,0.1,0.01,0.4
88.15,534,0.001,5,0.15,1,2,0.0064,0.1,0.01,0.4
88.1,533,0.02,5,0.15,1,2,0.0064,0.1,0.01,0.4
88.05,533,0.001,5,0.15,1,2,0.0064,0.1,0.01,0.4
88,531,0.04,5,0.15,1,2,0.0064,0.1,0.01,0.4
87.95,530,0.02,5,0.15,1,2,0.0064,0.1,0.01,0.4
87.9,526,0.08,5,0.15,1,2,0.0064,0.1,0.01,0.4
87.85,526,0.001,5,0.15,1,2,0.0064,0.1,0.01,0.4
87.8,526,0.001,5,0.15,1,2,0.0064,0.1,0.01,0.4
87.75,524,0.04,5,0.15,1,2,0.0064,0.1,0.01,0.4
87.7,522,0.04,5,0.15,1,2,0.0064,0.1,0.01,0.4
87.65,521,0.02,5,0.15,0.015,2,0.0064,0.1,0.01,0.35
87.6,520,0.02,5,0.15,0.015,2,0.0064,0.1,0.01,0.35
87.55,519,0.02,5,0.15,0.015,2,0.0064,0.1,0.01,0.35
87.5,519,0.001,5,0.15,0.015,2,0.0064,0.1,0.01,0.35
87.45,517,0.04,5,0.15,0.035,2,0.0064,0.1,0.01,0.3
87.4,516,0.02,5,0.15,0.035,2,0.0064,0.1,0.01,0.3
87.35,514,0.04,5,0.15,0.035,2,0.0064,0.1,0.01,0.3
87.3,514,0.001,5,0.15,0.035,2,0.0064,0.1,0.01,0.3
87.25,512,0.04,5,0.15,0.035,2,0.0064,0.1,0.01,0.3
87.2,511,0.02,5,0.15,0.035,2,0.0064,0.1,0.01,0.3
87.15,511,0.001,5,0.15,0.035,2,0.0064,0.1,0.01,0.3
87.1,509,0.04,5,0.15,0.035,2,0.0064,0.1,0.01,0.3
87.05,507,0.04,5,0.15,0.035,2,0.0064,0.1,0.01,0.3
87,507,0.001,5,0.15,0.035,2,0.0064,0.1,0.01,0.3
86.95,506,0.02,5,0.15,0.035,2,0.0064,0.1,0.01,0.3
86.9,504,0.04,5,0.15,0.035,2,0.0064,0.1,0.01,0.3
86.85,504,0.001,5,0.15,0.035,2,0.0064,0.1,0.01,0.3
86.8,502,0.04,5,0.15,0.035,2,0.0064,0.1,0.01,0.3
86.75,501,0.02,5,0.15,0.035,2,0.0064,0.1,0.01,0.3
86.7,500,0.02,5,0.15,0.035,2,0.0064,0.1,0.01,0.3
86.65,498,0.04,5,0.15,0.035,2,0.0064,0.1,0.01,0.3
86.6,497,0.02,5,0.15,0.035,2,0.0064,0.1,0.01,0.3
86.55,496,0.02,5,0.15,0.035,2,0.0064,0.1,0.01,0.3
86.5,495,0.02,5,0.15,0.035,2,0.0064,0.1,0.01,0.3
86.45,495,0.001,5,0.15,0.035,2,0.0064,0.1,0.01,0.3
86.4,493,0.04,5,0.15,0.035,2,0.0064,0.1,0.01,0.3
86.35,492,0.02,5,0.15,0.035,2,0.0064,0.1,0.01,0.3
86.3,492,0.001,5,0.15,0.035,2,0.0064,0.1,0.01,0.3
86.25,491,0.02,5,0.15,0.035,2,0.0064,0.1,0.01,0.3
86.2,489,0.04,5,0.15,0.035,2,0.0064,0.1,0.01,0.3
86.15,489,0.001,5,0.15,0.035,2,0.0064,0.1,0.01,0.3
86.1,488,0.02,5,0.15,0.035,2,0.0064,0.1,0.01,0.3
86.05,489,0.001,5,0.15,0.035,2,0.0064,0.1,0.01,0.3
86,487,0.04,5,0.15,0.035,2,0.0064,0.1,0.01,0.3
85.95,485,0.04,5,0.15,0.035,2,0.0064,0.1,0.01,0.3
85.9,485,0.001,5,0.15,0.035,2,0.0064,0.1,0.01,0.3
85.85,483,0.04,5,0.15,0.035,2,0.0064,0.1,0.01,0.3
85.8,483,0.001,5,0.15,0.035,2,0.0064,0.1,0.01,0.3
85.75,481,0.04,5,0.15,0.035,2,0.0064,0.1,0.01,0.3
85.7,481,0.001,5,0.15,0.035,2,0.0064,0.1,0.01,0.3
85.65,480,0.02,5,0.15,0.035,2,0.0064,0.1,0.01,0.3
85.6,480,0.001,5,0.15,0.035,2,0.0064,0.1,0.01,0.3
85.55,478,0.04,5,0.15,0.035,2,0.0064,0.1,0.01,0.3
85.5,477,0.02,5,0.15,0.035,2,0.0064,0.1,0.01,0.3
85.45,477,0.001,5,0.15,0.035,2,0.0064,0.1,0.01,0.3
85.4,476,0.02,5,0.15,0.035,2,0.0064,0.1,0.01,0.3
85.35,475,0.02,5,0.15,0.035,2,0.0064,0.1,0.01,0.3
85.3,475,0.001,5,0.15,0.035,2,0.0064,0.1,0.01,0.3
85.25,474,0.02,5,0.15,0.035,2,0.0064,0.1,0.01,0.3
85.2,472,0.04,5,0.15,0.035,2,0.0064,0.1,0.01,0.3
85.15,472,0.001,5,0.15,0.035,2,0.0064,0.1,0.01,0.3
85.1,471,0.02,5,0.15,0.035,2,0.0064,0.1,0.01,0.3
85.05,470,0.02,5,0.15,0.035,2,0.0064,0.1,0.01,0.3
85,470,0.001,5,0.15,0.035,2,0.0064,0.1,0.01,0.3
84.95,469,0.02,5,0.15,0.035,2,0.0064,0.1,0.01,0.3
84.9,468,0.02,5,0.15,0.035,2,0.0064,0.1,0.01,0.3
84.85,467,0.02,5,0.15,0.035,2,0.0064,0.1,0.01,0.3
84.8,466,0.02,5,0.15,0.035,2,0.0064,0.1,0.01,0.3
84.75,466,0.001,5,0.15,0.035,2,0.0064,0.1,0.01,0.3
84.7,465,0.02,5,0.15,0.035,2,0.0064,0.1,0.01,0.3
84.65,464,0.02,5,0.15,0.035,2,0.0064,0.1,0.01,0.3
84.6,463,0.02,5,0.15,0.035,2,0.0064,0.1,0.01,0.3
84.55,462,0.02,5,0.15,0.035,2,0.0064,0.1,0.01,0.3
84.5,462,0.001,5,0.15,0.035,2,0.0064,0.1,0.01,0.3
84.45,461,0.02,5,0.15,0.035,2,0.0064,0.1,0.01,0.3
84.4,461,0.001,5,0.15,0.035,2,0.0064,0.1,0.01,0.3
84.35,460,0.02,5,0.15,0.035,2,0.0064,0.1,0.01,0.3
84.3,460,0.001,5,0.15,0.04,2,0.0064,0.1,0.01,0.1
84.25,459,0.02,5,0.15,0.04,2,0.0064,0.1,0.01,0.1
84.2,457,0.04,5,0.15,0.04,2,0.0064,0.1,0.01,0.1
84.15,457,0.001,5,0.15,0.04,2,0.0064,0.1,0.01,0.1
84.1,456,0.02,5,0.15,0.04,2,0.0064,0.1,0.01,0.1
84.05,456,0.001,5,0.15,0.04,2,0.0064,0.1,0.01,0.1
84,455,0.02,5,0.15,0.04,2,0.0064,0.1,0.01,0.1
83.95,455,0.001,5,0.15,0.04,2,0.0064,0.1,0.01,0.1
83.9,454,0.02,5,0.15,0.04,2,0.0064,0.1,0.01,0.1
83.85,454,0.001,5,0.15,0.04,2,0.0064,0.1,0.01,0.1
83.8,454,0.001,5,0.15,0.04,2,0.0064,0.1,0.01,0.1
83.75,453,0.02,5,0.15,0.04,2,0.0064,0.1,0.01,0.1
83.7,453,0.001,5,0.15,0.04,2,0.0064,0.1,0.01,0.1
83.65,452,0.02,5,0.15,0.04,2,0.0064,0.1,0.01,0.1
83.6,452,0.001,5,0.15,0.04,2,0.0064,0.1,0.01,0.1
83.55,451,0.02,5,0.15,0.04,2,0.0064,0.1,0.01,0.1
83.5,451,0.001,5,0.15,0.04,2,0.0064,0.1,0.01,0.1
83.45,450,0.02,5,0.15,0.04,2,0.0064,0.1,0.01,0.1
83.4,450,0.001,5,0.15,0.04,2,0.0064,0.1,0.01,0.1
83.35,449,0.02,5,0.15,0.04,2,0.0064,0.1,0.01,0.1
83.3,448,0.02,5,0.15,0.04,2,0.0064,0.1,0.01,0.1
83.25,448,0.001,5,0.15,0.04,2,0.0064,0.1,0.01,0.1
83.2,446,0.04,5,0.15,0.04,2,0.0064,0.1,0.01,0.1
83.15,447,0.001,5,0.15,0.04,2,0.0064,0.1,0.01,0.1
83.1,445,0.04,5,0.15,0.04,2,0.0064,0.1,0.01,0.1
83.05,445,0.001,5,0.15,0.04,2,0.0064,0.1,0.01,0.1
83,444,0.02,5,0.15,0.04,2,0.0064,0.1,0.01,0.1
82.95,444,0.001,5,0.15,0.04,2,0.0064,0.1,0.01,0.1
82.9,443,0.02,5,0.15,0.04,2,0.0064,0.1,0.01,0.1
82.85,443,0.001,5,0.15,0.04,2,0.0064,0.1,0.01,0.1
82.8,442,0.02,5,0.15,0.04,2,0.0064,0.1,0.01,0.1
82.75,442,0.001,5,0.15,0.04,2,0.0064,0.1,0.01,0.1
82.7,442,0.001,5,0.15,0.04,2,0.0064,0.1,0.01,0.1
82.65,441,0.02,15,0.5,0.04,2,0.0064,0.1,0.01,0.1
82.6,440,0.02,15,0.5,0.04,2,0.0064,0.1,0.01,0.1
82.55,439,0.02,15,0.5,0.04,2,0.0064,0.1,0.01,0.1
82.5,439,0.001,15,0.5,0.04,2,0.0064,0.1,0.01,0.1
82.45,438,0.02,15,0.5,1,2,0.0064,0.1,0.01,0.2
82.4,438,0.001,15,0.15,1,2,0.0064,0.1,0.01,0.2
82.35,437,0.02,15,0.15,1,2,0.0064,0.1,0.01,0.2
82.3,437,0.001,15,0.15,1,2,0.0064,0.1,0.01,0.2
82.25,436,0.02,15,0.15,1,2,0.0064,0.1,0.01,0.2
82.2,436,0.001,15,0.15,1,2,0.0064,0.1,0.01,0.2
82.15,435,0.02,15,0.15,1,2,0.0064,0.1,0.01,0.2
82.1,435,0.001,15,0.15,1,2,0.0064,0.1,0.01,0.2
82.05,434,0.02,15,0.15,1,2,0.0064,0.1,0.01,0.2
82,434,0.001,15,0.15,1,2,0.0064,0.1,0.01,0.2
81.95,433,0.02,15,0.15,1,2,0.0064,0.1,0.01,0.2
81.9,432,0.02,15,0.15,1,2,0.0064,0.1,0.01,0.2
81.85,432,0.001,15,0.15,1,2,0.0064,0.1,0.01,0.2
81.8,431,0.02,15,0.15,1,2,0.0064,0.1,0.01,0.2
81.75,430,0.02,15,0.15,1,2,0.0064,0.1,0.01,0.2
81.7,430,0.001,15,0.15,1,2,0.0064,0.1,0.01,0.2
81.65,429,0.02,15,0.15,1,2,0.0064,0.1,0.01,0.2
81.6,429,0.001,15,0.15,1,2,0.0064,0.1,0.01,0.2
81.55,428,0.02,15,0.15,1,2,0.0064,0.1,0.01,0.2
81.5,428,0.001,15,0.15,1,2,0.0064,0.1,0.01,0.2
81.45,427,0.02,15,0.15,1,2,0.0064,0.1,0.01,0.2
81.4,427,0.001,4,0.15,1,2,0.0064,0.1,0.01,0.2
81.35,426,0.02,4,0.15,1,2,0.0064,0.1,0.01,0.2
81.3,426,0.001,4,0.15,1,2,0.0064,0.1,0.01,0.2
81.25,426,0.001,4,0.15,1,2,0.0064,0.1,0.01,0.2
81.2,425,0.02,4,0.15,1,2,0.0064,0.1,0.01,0.2
81.15,425,0.001,4,0.15,1,2,0.0064,0.1,0.01,0.2
81.1,425,0.001,4,0.15,1,2,0.0064,0.1,0.01,0.2
81.05,424,0.02,4,0.15,1,2,0.0064,0.1,0.01,0.2
81,424,0.001,4,0.15,1,2,0.0064,0.1,0.01,0.2
80.95,423,0.02,4,0.15,1,2,0.0064,0.1,0.01,0.2
80.9,423,0.001,4,0.15,1,2,0.0064,0.1,0.01,0.2
80.85,423,0.001,4,0.15,1,2,0.0064,0.1,0.01,0.2
80.8,420,0.06,4,0.15,1,2,0.0064,0.1,0.01,0.2
80.75,420,0.001,4,0.15,1,2,0.0064,0.1,0.01,0.2
80.7,419,0.02,4,0.15,1,2,0.0064,0.1,0.01,0.2
80.65,419,0.001,4,0.15,1,2,0.0064,0.1,0.01,0.2
80.6,419,0.001,4,0.15,1,2,0.0064,0.1,0.01,0.2
80.55,418,0.02,4,0.15,1,2,0.0064,0.1,0.01,0.2
80.5,418,0.001,4,0.15,1,2,0.0064,0.1,0.01,0.2
80.45,418,0.001,4,0.15,1,2,0.0064,0.1,0.01,0.2
80.4,417,0.02,4,0.15,1,2,0.0064,0.1,0.01,0.2
80.35,417,0.001,4,0.15,1,2,0.0064,0.1,0.01,0.2
80.3,417,0.001,4,0.15,1,2,0.0064,0.1,0.01,0.2
80.25,416,0.02,4,0.15,1,2,0.0064,0.1,0.01,0.2
80.2,415,0.02,4,0.15,1,2,0.0064,0.1,0.01,0.2
80.15,415,0.001,4,0.15,1,2,0.0064,0.1,0.01,0.2
80.1,414,0.02,4,0.15,1,2,0.0064,0.1,0.01,0.2
80.05,414,0.001,4,0.15,1,2,0.0064,0.1,0.01,0.2
80,414,0.001,4,0.15,1,2,0.0064,0.1,0.01,0.2
79.95,413,0.02,4,0.15,1,2,0.0064,0.1,0.01,0.2
79.9,413,0.001,4,0.15,1,2,0.0064,0.1,0.01,0.2
79.85,414,0.001,4,0.15,1,2,0.0064,0.1,0.01,0.2
79.8,412,0.04,4,0.15,1,2,0.0064,0.1,0.01,0.2
79.75,412,0.001,4,0.15,1,2,0.0064,0.1,0.01,0.2
79.7,412,0.001,4,0.15,1,2,0.0064,0.1,0.01,0.2
79.65,411,0.02,4,0.15,1,2,0.0064,0.1,0.01,0.2
79.6,409,0.04,4,0.15,1,2,0.0064,0.1,0.01,0.2
79.55,409,0.001,4,0.15,1,2,0.0064,0.1,0.01,0.2
79.5,408,0.02,4,0.15,1,2,0.0064,0.1,0.01,0.2
79.45,408,0.001,4,0.15,1,2,0.0064,0.1,0.01,0.2
79.4,407,0.02,20,0.5,1,2,0.0064,0.1,0.01,0.2
79.35,407,0.001,20,0.5,1,2,0.0064,0.1,0.01,0.2
79.3,406,0.02,20,0.5,1,2,0.0064,0.1,0.01,0.2
79.25,406,0.001,20,0.5,1,2,0.0064,0.1,0.01,0.2
79.2,406,0.001,20,0.5,1,2,0.0064,0.1,0.01,0.2
79.15,406,0.001,20,0.5,1,2,0.0064,0.1,0.01,0.2
79.1,405,0.02,6,0.15,1,2,0.0064,0.1,0.01,0.2
79.05,405,0.001,6,0.15,1,2,0.0064,0.1,0.01,0.2
79,405,0.001,6,0.15,1,2,0.0064,0.1,0.01,0.2
78.95,405,0.001,6,0.15,1,2,0.0064,0.1,0.01,0.2
78.9,404,0.02,6,0.15,1,2,0.0064,0.1,0.01,0.2
78.85,405,0.001,6,0.15,1,2,0.0064,0.1,0.01,0.2
78.8,404,0.02,6,0.15,1,2,0.0064,0.1,0.01,0.2
78.75,403,0.02,6,0.15,1,2,0.0064,0.1,0.01,0.2
78.7,403,0.001,6,0.15,1,2,0.0064,0.1,0.01,0.2
78.65,403,0.001,6,0.15,1,2,0.0064,0.1,0.01,0.2
78.6,403,0.001,6,0.15,1,2,0.0064,0.1,0.01,0.2
78.55,402,0.02,6,0.15,1,2,0.0064,0.1,0.01,0.2
78.5,402,0.001,6,0.15,1,2,0.0064,0.1,0.01,0.2
78.45,402,0.001,6,0.15,1,2,0.0064,0.1,0.01,0.2
78.4,401,0.02,6,0.15,1,2,0.0064,0.1,0.01,0.2
78.35,401,0.001,6,0.15,1,2,0.0064,0.1,0.01,0.2
78.3,401,0.001,6,0.15,1,2,0.0064,0.1,0.01,0.2
78.25,400,0.02,6,0.15,1,2,0.0064,0.1,0.01,0.2
78.2,400,0.001,6,0.15,1,2,0.0064,0.1,0.01,0.2
78.15,399,0.02,6,0.15,1,2,0.0064,0.1,0.01,0.2
78.1,399,0.001,6,0.15,1,2,0.0064,0.1,0.01,0.2
78.05,399,0.001,6,0.15,1,2,0.0064,0.1,0.01,0.2
78,398,0.02,6,0.15,1,2,0.0064,0.1,0.01,0.2
77.95,398,0.001,6,0.15,1,2,0.0064,0.1,0.01,0.2
77.9,398,0.001,6,0.15,1,2,0.0064,0.1,0.01,0.2
77.85,394,0.08,11,0.15,1,2,0.0064,0.1,0.01,0.2
77.8,393,0.02,11,0.15,1,2,0.0064,0.1,0.01,0.2
77.75,393,0.001,11,0.15,1,2,0.0064,0.1,0.01,0.2
77.7,393,0.001,11,0.15,1,2,0.0064,0.1,0.01,0.2
77.65,391,0.04,11,0.15,1,2,0.0064,0.1,0.01,0.2
77.6,391,0.001,11,0.15,1,2,0.0064,0.1,0.01,0.2
77.55,391,0.001,11,0.15,1,2,0.0064,0.1,0.01,0.2
77.5,391,0.001,11,0.15,1,2,0.0064,0.1,0.01,0.2
77.45,390,0.02,11,0.15,1,2,0.0064,0.1,0.01,0.2
77.4,390,0.001,11,0.15,1,2,0.0064,0.1,0.01,0.2
77.35,390,0.001,11,0.15,1,2,0.0064,0.1,0.01,0.2
77.3,390,0.001,11,0.15,1,2,0.0064,0.1,0.01,0.2
77.25,388,0.04,11,0.15,1,2,0.0064,0.1,0.01,0.2
77.2,388,0.001,11,0.15,1,2,0.0064,0.1,0.01,0.2
77.15,388,0.001,11,0.15,1,2,0.0064,0.1,0.01,0.2
77.1,388,0.001,11,0.15,1,2,0.0064,0.1,0.01,0.2
77.05,387,0.02,11,0.15,1,2,0.0064,0.1,0.01,0.2
77,387,0.001,11,0.15,1,2,0.0064,0.1,0.01,0.2
76.95,387,0.001,11,0.15,1,2,0.0064,0.1,0.01,0.2
76.9,387,0.001,11,0.15,1,2,0.0064,0.1,0.01,0.2
76.85,386,0.02,11,0.15,0.03,2,0.0064,0.1,0.01,0.2
76.8,386,0.001,11,0.15,0.03,2,0.0064,0.1,0.01,0.2
76.75,386,0.001,11,0.15,0.03,2,0.0064,0.1,0.01,0.2
76.7,386,0.001,11,0.15,0.03,2,0.0064,0.1,0.01,0.2
76.65,386,0.001,11,0.15,0.03,2,0.0064,0.1,0.01,0.2
76.6,385,0.02,11,0.15,0.03,2,0.0064,0.1,0.01,0.2
76.55,385,0.001,11,0.15,0.03,2,0.0064,0.1,0.01,0.2
76.5,385,0.001,11,0.15,0.03,2,0.0064,0.1,0.01,0.2
76.45,384,0.02,11,0.15,0.03,2,0.0064,0.1,0.01,0.2
76.4,384,0.001,11,0.15,0.03,2,0.0064,0.1,0.01,0.2
76.35,384,0.001,11,0.15,0.03,2,0.0064,0.1,0.01,0.2
76.3,383,0.02,11,0.15,0.03,2,0.0064,0.1,0.01,0.2
76.25,383,0.001,11,0.15,0.03,2,0.0064,0.1,0.01,0.2
76.2,383,0.001,11,0.15,0.03,2,0.0064,0.1,0.01,0.2
76.15,383,0.001,11,0.15,0.03,2,0.0064,0.1,0.01,0.2
76.1,382,0.02,18,0.15,0.03,2,0.0064,0.1,0.01,0.2
76.05,382,0.001,18,0.15,0.03,2,0.0064,0.1,0.01,0.2
76,382,0.001,18,0.15,0.03,2,0.0064,0.1,0.01,0.2
75.95,382,0.001,18,0.15,0.03,2,0.0064,0.1,0.01,0.2
75.9,383,0.001,18,0.15,0.03,2,0.0064,0.1,0.01,0.2
75.85,381,0.04,18,0.15,0.03,2,0.0064,0.1,0.01,0.2
75.8,381,0.001,18,0.15,0.03,2,0.0064,0.1,0.01,0.2
75.75,381,0.001,18,0.15,0.03,2,0.0064,0.1,0.01,0.2
75.7,380,0.02,18,0.15,0.03,2,0.0064,0.1,0.01,0.2
75.65,380,0.001,18,0.15,0.03,2,0.0064,0.1,0.01,0.2
75.6,380,0.001,18,0.15,0.03,2,0.0064,0.1,0.01,0.2
75.55,380,0.001,18,0.15,0.03,2,0.0064,0.1,0.01,0.2
75.5,379,0.02,18,0.15,0.03,2,0.0064,0.1,0.01,0.2
75.45,379,0.001,18,0.15,0.03,2,0.0064,0.1,0.01,0.2
75.4,379,0.001,18,0.15,0.03,2,0.0064,0.1,0.01,0.2
75.35,379,0.001,18,0.15,0.03,2,0.0064,0.1,0.01,0.2
75.3,378,0.02,18,0.15,0.03,2,0.0064,0.1,0.01,0.2
75.25,378,0.001,18,0.15,0.03,2,0.0064,0.1,0.01,0.2
75.2,377,0.02,18,0.15,0.03,2,0.0064,0.1,0.01,0.2
75.15,377,0.001,18,0.15,0.03,2,0.0064,0.1,0.01,0.2
75.1,377,0.001,18,0.15,0.03,2,0.0064,0.1,0.01,0.2
75.05,376,0.02,18,0.15,0.02,2,0.0064,0.1,0.01,0.4
75,376,0.001,18,0.15,0.02,2,0.0064,0.1,0.01,0.4
74.95,376,0.001,18,0.15,0.02,2,0.0064,0.1,0.01,0.4
74.9,376,0.001,18,0.15,0.02,2,0.0064,0.1,0.01,0.4
74.85,375,0.02,18,0.15,0.02,2,0.0064,0.1,0.01,0.4
74.8,375,0.001,18,0.15,0.02,2,0.0064,0.1,0.01,0.4
74.75,374,0.02,18,0.15,0.02,2,0.0064,0.1,0.01,0.4
74.7,374,0.001,18,0.15,0.02,2,0.0064,0.1,0.01,0.4
74.65,374,0.001,18,0.15,0.02,2,0.0064,0.1,0.01,0.4
74.6,373,0.02,18,0.15,0.02,2,0.0064,0.1,0.01,0.4
74.55,373,0.001,18,0.15,0.02,2,0.0064,0.1,0.01,0.4
74.5,372,0.02,18,0.15,0.02,2,0.0064,0.1,0.01,0.4
74.45,372,0.001,18,0.15,0.02,2,0.0064,0.1,0.01,0.4
74.4,372,0.001,18,0.15,0.02,2,0.0064,0.1,0.01,0.4
74.35,372,0.001,18,0.15,0.02,2,0.0064,0.1,0.01,0.4
74.3,371,0.02,18,0.15,0.02,2,0.0064,0.1,0.01,0.4
74.25,371,0.001,14,0.15,0.02,2,0.0064,0.1,0.01,0.4
74.2,370,0.02,14,0.15,0.02,2,0.0064,0.1,0.01,0.4
74.15,370,0.001,14,0.15,0.02,2,0.0064,0.1,0.01,0.4
74.1,369,0.02,14,0.15,0.02,2,0.0064,0.1,0.01,0.4
74.05,369,0.001,14,0.15,0.02,2,0.0064,0.1,0.01,0.4
74,369,0.001,14,0.15,0.02,2,0.0064,0.1,0.01,0.4
73.95,368,0.02,14,0.15,0.02,2,0.0064,0.1,0.01,0.4
73.9,368,0.001,14,0.15,0.02,2,0.0064,0.1,0.01,0.4
73.85,368,0.001,14,0.15,0.02,2,0.0064,0.1,0.01,0.4
73.8,367,0.02,14,0.15,0.02,2,0.0064,0.1,0.01,0.4
73.75,367,0.001,14,0.15,0.02,2,0.0064,0.1,0.01,0.4
73.7,367,0.001,14,0.15,0.02,2,0.0064,0.1,0.01,0.4
73.65,366,0.02,14,0.15,0.02,2,0.0064,0.1,0.01,0.4
73.6,366,0.001,14,0.15,0.02,2,0.0064,0.1,0.01,0.4
73.55,365,0.02,14,0.15,0.02,2,0.0064,0.1,0.01,0.4
73.5,365,0.001,14,0.15,0.02,2,0.0064,0.1,0.01,0.4
73.45,365,0.001,14,0.15,0.02,2,0.0064,0.1,0.01,0.4
73.4,364,0.02,14,0.15,0.02,2,0.0064,0.1,0.01,0.4
73.35,364,0.001,14,0.15,0.02,2,0.0064,0.1,0.01,0.4
73.3,364,0.001,14,0.15,0.02,2,0.0064,0.1,0.01,0.4
73.25,364,0.001,14,0.15,0.02,2,0.0064,0.1,0.01,0.4
73.2,363,0.02,14,0.15,0.02,2,0.0064,0.1,0.01,0.4
73.15,363,0.001,14,0.15,0.02,2,0.0064,0.1,0.01,0.4
73.1,362,0.02,14,0.15,0.02,2,0.0064,0.1,0.01,0.4
73.05,362,0.001,14,0.15,0.02,2,0.0064,0.1,0.01,0.4
73,362,0.001,14,0.15,0.02,2,0.0064,0.1,0.01,0.4
72.95,362,0.001,14,0.15,0.02,2,0.0064,0.1,0.01,0.4
72.9,361,0.02,14,0.15,0.02,2,0.0064,0.1,0.01,0.4
72.85,360,0.02,25,0.5,0.02,2,0.0064,0.1,0.01,0.4
72.8,360,0.001,25,0.5,0.02,2,0.0064,0.1,0.01,0.4
72.75,360,0.001,25,0.5,0.02,2,0.0064,0.1,0.01,0.4
72.7,359,0.02,25,0.5,0.02,2,0.0064,0.1,0.01,0.4
72.65,359,0.001,25,0.5,0.02,2,0.0064,0.1,0.01,0.4
72.6,358,0.02,25,0.5,0.02,2,0.0064,0.1,0.01,0.4
72.55,358,0.001,25,0.5,0.02,2,0.0064,0.1,0.01,0.4
72.5,358,0.001,25,0.5,0.02,2,0.0064,0.1,0.01,0.4
72.45,358,0.001,25,0.5,0.02,2,0.0064,0.1,0.01,0.4
72.4,358,0.001,14,0.15,0.02,2,0.0064,0.1,0.01,0.4
72.35,357,0.02,14,0.15,0.02,2,0.0064,0.1,0.01,0.4
72.3,357,0.001,14,0.15,0.02,2,0.0064,0.1,0.01,0.4
72.25,357,0.001,14,0.15,0.02,2,0.0064,0.1,0.01,0.4
72.2,357,0.001,14,0.15,0.02,2,0.0064,0.1,0.01,0.4
72.15,356,0.02,14,0.15,0.02,2,0.0064,0.1,0.01,0.4
72.1,356,0.001,14,0.15,0.02,2,0.0064,0.1,0.01,0.4
72.05,356,0.001,14,0.15,0.035,2,0.0064,0.1,0.01,0.35
72,356,0.001,14,0.15,0.035,2,0.0064,0.1,0.01,0.35
71.95,355,0.02,14,0.15,0.035,2,0.0064,0.1,0.01,0.35
71.9,355,0.001,14,0.15,0.035,2,0.0064,0.1,0.01,0.35
71.85,355,0.001,14,0.15,0.035,2,0.0064,0.1,0.01,0.35
71.8,355,0.001,14,0.15,0.035,2,0.0064,0.1,0.01,0.35
71.75,355,0.001,14,0.15,0.035,2,0.0064,0.1,0.01,0.35
71.7,354,0.02,14,0.15,0.035,2,0.0064,0.1,0.01,0.35
71.65,354,0.001,14,0.15,0.035,2,0.0064,0.1,0.01,0.35
71.6,354,0.001,14,0.15,0.035,2,0.0064,0.1,0.01,0.35
71.55,354,0.001,14,0.15,0.035,2,0.0064,0.1,0.01,0.35
71.5,354,0.001,14,0.15,0.035,2,0.0064,0.1,0.01,0.35
71.45,353,0.02,14,0.15,0.035,2,0.0064,0.1,0.01,0.35
71.4,353,0.001,14,0.15,0.035,2,0.0064,0.1,0.01,0.35
71.35,353,0.001,14,0.15,0.035,2,0.0064,0.1,0.01,0.35
71.3,353,0.001,14,0.15,0.035,2,0.0064,0.1,0.01,0.35
71.25,352,0.02,14,0.15,0.035,2,0.0064,0.1,0.01,0.35
71.2,352,0.001,14,0.15,0.035,2,0.0064,0.1,0.01,0.35
71.15,352,0.001,14,0.15,0.035,2,0.0064,0.1,0.01,0.35
71.1,352,0.001,14,0.15,0.035,2,0.0064,0.1,0.01,0.35
71.05,351,0.02,14,0.15,0.035,2,0.0064,0.1,0.01,0.35
71,351,0.001,14,0.15,0.035,2,0.0064,0.1,0.01,0.35
70.95,351,0.001,14,0.15,0.035,2,0.0064,0.1,0.01,0.35
70.9,351,0.001,14,0.15,0.035,2,0.0064,0.1,0.01,0.35
70.85,351,0.001,14,0.15,0.035,2,0.0064,0.1,0.01,0.35
70.8,350,0.02,12,0.15,0.035,2,0.0064,0.1,0.01,0.35
70.75,350,0.001,12,0.15,0.05,2,0.0064,0.1,0.01,0.35
70.7,350,0.001,12,0.15,0.05,2,0.0064,0.1,0.01,0.35
70.65,350,0.001,12,0.15,0.05,2,0.0064,0.1,0.01,0.35
70.6,350,0.001,12,0.15,0.05,2,0.0064,0.1,0.01,0.35
70.55,349,0.02,12,0.15,0.05,2,0.0064,0.1,0.01,0.35
70.5,349,0.001,12,0.15,0.05,2,0.0064,0.1,0.01,0.35
70.45,349,0.001,12,0.15,0.05,2,0.0064,0.1,0.01,0.35
70.4,348,0.02,12,0.15,0.05,2,0.0064,0.1,0.01,0.35
70.35,348,0.001,12,0.15,0.05,2,0.0064,0.1,0.01,0.35
70.3,347,0.02,12,0.15,0.05,2,0.0064,0.1,0.01,0.35
70.25,347,0.001,12,0.15,0.05,2,0.0064,0.1,0.01,0.35
70.2,347,0.001,12,0.15,0.05,2,0.0064,0.1,0.01,0.35
70.15,347,0.001,12,0.15,0.05,2,0.0064,0.1,0.01,0.35
70.1,346,0.02,12,0.15,0.05,2,0.0064,0.1,0.01,0.35
70.05,346,0.001,12,0.15,0.05,2,0.0064,0.1,0.01,0.35
70,346,0.001,12,0.15,0.05,2,0.0064,0.1,0.01,0.35
69.95,346,0.001,12,0.15,0.05,2,0.0064,0.1,0.01,0.35
69.9,346,0.001,12,0.15,0.05,2,0.0064,0.1,0.01,0.35
69.85,346,0.001,12,0.15,0.05,2,0.0064,0.1,0.01,0.35
69.8,345,0.02,12,0.15,0.05,2,0.0064,0.1,0.01,0.35
69.75,345,0.001,12,0.15,0.05,2,0.0064,0.1,0.01,0.35
69.7,345,0.001,12,0.15,0.05,2,0.0064,0.1,0.01,0.35
69.65,345,0.001,12,0.15,0.05,2,0.0064,0.1,0.01,0.35
69.6,345,0.001,12,0.15,0.05,2,0.0064,0.1,0.01,0.35
69.55,345,0.001,12,0.15,0.05,2,0.0064,0.1,0.01,0.35
69.5,344,0.02,12,0.15,0.05,2,0.0064,0.1,0.01,0.35
69.45,344,0.001,12,0.15,0.05,2,0.0064,0.1,0.01,0.35
69.4,344,0.001,12,0.15,0.05,2,0.0064,0.1,0.01,0.35
69.35,344,0.001,12,0.15,0.05,2,0.0064,0.1,0.01,0.35
69.3,344,0.001,12,0.15,0.05,2,0.0064,0.1,0.01,0.35
69.25,343,0.02,12,0.15,0.05,2,0.0064,0.1,0.01,0.35
69.2,345,0.001,12,0.15,0.05,2,0.0064,0.1,0.01,0.35
69.15,343,0.04,12,0.15,0.035,2,0.0064,0.1,0.01,0.35
69.1,343,0.001,12,0.15,0.035,2,0.0064,0.1,0.01,0.35
69.05,343,0.001,12,0.15,0.035,2,0.0064,0.1,0.01,0.35
69,343,0.001,12,0.15,0.035,2,0.0064,0.1,0.01,0.35
68.95,343,0.001,12,0.15,0.035,2,0.0064,0.1,0.01,0.35
68.9,343,0.001,12,0.15,0.035,2,0.0064,0.1,0.01,0.35
68.85,343,0.001,12,0.15,0.035,2,0.0064,0.1,0.01,0.35
68.8,341,0.04,12,0.15,0.035,2,0.0064,0.1,0.01,0.35
68.75,340,0.02,12,0.15,0.035,2,0.0064,0.1,0.01,0.35
68.7,340,0.001,12,0.15,0.035,2,0.0064,0.1,0.01,0.35
68.65,340,0.001,12,0.15,0.035,2,0.0064,0.1,0.01,0.35
68.6,340,0.001,12,0.15,0.035,2,0.0064,0.1,0.01,0.35
68.55,339,0.02,12,0.15,0.035,2,0.0064,0.1,0.01,0.35
68.5,339,0.001,12,0.15,0.035,2,0.0064,0.1,0.01,0.35
68.45,339,0.001,12,0.15,0.035,2,0.0064,0.1,0.01,0.35
68.4,338,0.02,12,0.15,0.035,2,0.0064,0.1,0.01,0.35
68.35,337,0.02,12,0.15,0.035,2,0.0064,0.1,0.01,0.35
68.3,337,0.001,12,0.15,0.035,2,0.0064,0.1,0.01,0.35
68.25,337,0.001,12,0.15,0.035,2,0.0064,0.1,0.01,0.35
68.2,337,0.001,12,0.15,0.035,2,0.0064,0.1,0.01,0.35
68.15,336,0.02,12,0.15,0.035,2,0.0064,0.1,0.01,0.35
68.1,336,0.001,12,0.15,0.035,2,0.0064,0.1,0.01,0.35
68.05,336,0.001,12,0.15,0.035,2,0.0064,0.1,0.01,0.35
68,336,0.001,12,0.15,0.035,2,0.0064,0.1,0.01,0.35
67.95,335,0.02,12,0.15,0.035,2,0.0064,0.1,0.01,0.35
67.9,335,0.001,12,0.15,0.035,2,0.0064,0.1,0.01,0.35
67.85,335,0.001,12,0.15,0.035,2,0.0064,0.1,0.01,0.35
67.8,335,0.001,12,0.15,0.035,2,0.0064,0.1,0.01,0.35
67.75,334,0.02,12,0.15,0.035,2,0.0064,0.1,0.01,0.35
67.7,334,0.001,12,0.15,0.035,2,0.0064,0.1,0.01,0.35
67.65,334,0.001,12,0.15,0.035,2,0.0064,0.1,0.01,0.35
67.6,334,0.001,12,0.15,0.035,2,0.0064,0.1,0.01,0.35
67.55,334,0.001,12,0.15,0.035,2,0.0064,0.1,0.01,0.35
67.5,334,0.001,12,0.15,0.035,2,0.0064,0.1,0.01,0.35
67.45,333,0.02,12,0.15,0.035,2,0.0064,0.1,0.01,0.35
67.4,333,0.001,12,0.15,0.035,2,0.0064,0.1,0.01,0.35
67.35,333,0.001,12,0.15,0.035,2,0.0064,0.1,0.01,0.35
67.3,333,0.001,12,0.15,0.035,2,0.0064,0.1,0.01,0.35
67.25,333,0.001,12,0.15,0.035,2,0.0064,0.1,0.01,0.35
67.2,333,0.001,12,0.15,0.035,2,0.0064,0.1,0.01,0.35
67.15,331,0.04,12,0.15,0.035,2,0.0064,0.1,0.01,0.35
67.1,331,0.001,12,0.15,0.035,2,0.0064,0.1,0.01,0.35
67.05,331,0.001,12,0.15,0.035,2,0.0064,0.1,0.01,0.35
67,331,0.001,12,0.15,0.035,2,0.0064,0.1,0.01,0.35
66.95,330,0.02,12,0.15,0.035,2,0.0064,0.1,0.01,0.35
66.9,329,0.02,12,0.15,0.035,2,0.0064,0.1,0.01,0.35
66.85,329,0.001,12,0.15,0.035,2,0.0064,0.1,0.01,0.35
66.8,329,0.001,12,0.15,0.035,2,0.0064,0.1,0.01,0.35
66.75,328,0.02,12,0.15,0.035,2,0.0064,0.1,0.01,0.35
66.7,328,0.001,12,0.15,0.035,2,0.0064,0.1,0.01,0.35
66.65,328,0.001,12,0.15,0.035,2,0.0064,0.1,0.01,0.35
66.6,328,0.001,12,0.15,0.035,2,0.0064,0.1,0.01,0.35
66.55,328,0.001,12,0.15,0.035,2,0.0064,0.1,0.01,0.35
66.5,326,0.04,12,0.15,0.035,2,0.0064,0.1,0.01,0.35
66.45,326,0.001,12,0.15,0.035,2,0.0064,0.1,0.01,0.35
66.4,326,0.001,12,0.15,0.035,2,0.0064,0.1,0.01,0.35
66.35,325,0.02,12,0.15,0.035,2,0.0064,0.1,0.01,0.35
66.3,325,0.001,12,0.15,0.035,2,0.0064,0.1,0.01,0.35
66.25,325,0.001,12,0.15,0.035,2,0.0064,0.1,0.01,0.35
66.2,325,0.001,12,0.15,0.035,2,0.0064,0.1,0.01,0.35
66.15,325,0.001,12,0.15,0.035,2,0.0064,0.1,0.01,0.35
66.1,325,0.001,12,0.15,0.035,2,0.0064,0.1,0.01,0.35
66.05,325,0.001,12,0.15,0.035,2,0.0064,0.1,0.01,0.35
66,323,0.04,12,0.15,0.035,2,0.0064,0.1,0.01,0.35
65.95,323,0.001,12,0.15,0.035,2,0.0064,0.1,0.01,0.35
65.9,323,0.001,12,0.15,0.035,2,0.0064,0.1,0.01,0.35
65.85,323,0.001,12,0.15,0.035,2,0.0064,0.1,0.01,0.35
65.8,323,0.001,6,0.75,0.035,2,0.0064,0.1,0.01,0.35
65.75,323,0.001,6,0.75,0.035,2,0.0064,0.1,0.01,0.35
65.7,322,0.02,6,0.75,0.035,2,0.0064,0.1,0.01,0.35
65.65,322,0.001,6,0.75,0.035,2,0.0064,0.1,0.01,0.35
65.6,322,0.001,6,0.75,0.035,2,0.0064,0.1,0.01,0.35
65.55,322,0.001,6,0.75,0.035,2,0.0064,0.1,0.01,0.35
65.5,322,0.001,6,0.75,0.035,2,0.0064,0.1,0.01,0.35
65.45,322,0.001,6,0.75,0.035,2,0.0064,0.1,0.01,0.35
65.4,321,0.02,6,0.75,0.035,2,0.0064,0.1,0.01,0.35
65.35,320,0.02,6,0.75,0.035,2,0.0064,0.1,0.01,0.35
65.3,320,0.001,6,0.75,0.035,2,0.0064,0.1,0.01,0.35
65.25,320,0.001,6,0.75,0.035,2,0.0064,0.1,0.01,0.35
65.2,319,0.02,6,0.75,0.035,2,0.0064,0.1,0.01,0.35
65.15,319,0.001,6,0.75,0.035,2,0.0064,0.1,0.01,0.35
65.1,320,0.001,6,0.75,0.035,2,0.0064,0.1,0.01,0.35
65.05,320,0.001,6,0.75,0.035,2,0.0064,0.1,0.01,0.35
65,319,0.02,6,0.75,0.035,2,0.0064,0.1,0.01,0.35
64.95,317,0.04,6,0.75,0.035,2,0.0064,0.1,0.01,0.35
64.9,317,0.001,6,0.75,0.035,2,0.0064,0.1,0.01,0.35
64.85,317,0.001,6,0.75,0.035,2,0.0064,0.1,0.01,0.35
64.8,317,0.001,6,0.75,0.035,2,0.0064,0.1,0.01,0.35
64.75,317,0.001,6,0.75,0.035,2,0.0064,0.1,0.01,0.35
64.7,316,0.02,6,0.75,0.035,2,0.0064,0.1,0.01,0.35
64.65,315,0.02,6,0.75,0.035,2,0.0064,0.1,0.01,0.35
64.6,315,0.001,6,0.75,0.035,2,0.0064,0.1,0.01,0.35
64.55,315,0.001,6,0.75,0.015,2,0.0064,0.1,0.01,0.1
64.5,315,0.001,6,0.75,0.015,2,0.0064,0.1,0.01,0.1
64.45,314,0.02,6,0.75,0.015,2,0.0064,0.1,0.01,0.1
64.4,314,0.001,6,0.75,0.015,2,0.0064,0.1,0.01,0.1
64.35,317,0.001,6,0.75,0.015,2,0.0064,0.1,0.01,0.1
64.3,314,0.06,6,0.75,0.015,2,0.0064,0.1,0.01,0.1
64.25,314,0.001,6,0.75,0.015,2,0.0064,0.1,0.01,0.1
64.2,314,0.001,6,0.75,0.015,2,0.0064,0.1,0.01,0.1
64.15,313,0.02,6,0.75,0.015,2,0.0064,0.1,0.01,0.1
64.1,313,0.001,6,0.75,0.015,2,0.0064,0.1,0.01,0.1
64.05,313,0.001,6,0.75,0.015,2,0.0064,0.1,0.01,0.1
64,314,0.001,6,0.75,0.015,2,0.0064,0.1,0.01,0.1
63.95,313,0.02,6,0.75,0.015,2,0.0064,0.1,0.01,0.1
63.9,313,0.001,6,0.75,0.03,2,0.0064,0.1,0.01,0.35
63.85,313,0.001,6,0.75,0.03,2,0.0064,0.1,0.01,0.35
63.8,314,0.001,6,0.75,0.03,2,0.0064,0.1,0.01,0.35
63.75,312,0.04,6,0.75,0.03,2,0.0064,0.1,0.01,0.35
63.7,312,0.001,6,0.75,0.03,2,0.0064,0.1,0.01,0.35
63.65,312,0.001,6,0.75,0.03,2,0.0064,0.1,0.01,0.35
63.6,311,0.02,6,0.75,0.03,2,0.0064,0.1,0.01,0.35
63.55,310,0.02,6,0.75,0.03,2,0.0064,0.1,0.01,0.35
63.5,310,0.001,6,0.75,0.03,2,0.0064,0.1,0.01,0.35
63.45,309,0.02,6,0.75,0.03,2,0.0064,0.1,0.01,0.35
63.4,309,0.001,6,0.75,0.03,2,0.0064,0.1,0.01,0.35
63.35,309,0.001,6,0.75,0.03,2,0.0064,0.1,0.01,0.35
63.3,309,0.001,6,0.75,0.03,2,0.0064,0.1,0.01,0.35
63.25,309,0.001,6,0.75,0.03,2,0.0064,0.1,0.01,0.35
63.2,308,0.02,6,0.75,0.03,2,0.0064,0.1,0.01,0.35
63.15,308,0.001,6,0.75,0.03,2,0.0064,0.1,0.01,0.35
63.1,308,0.001,6,0.75,0.03,2,0.0064,0.1,0.01,0.35
63.05,308,0.001,6,0.75,0.03,2,0.0064,0.1,0.01,0.35
63,308,0.001,6,0.75,0.03,2,0.0064,0.1,0.01,0.35
62.95,308,0.001,6,0.75,0.03,2,0.0064,0.1,0.01,0.35
62.9,308,0.001,6,0.75,0.03,2,0.0064,0.1,0.01,0.35
62.85,307,0.02,6,0.75,0.03,2,0.0064,0.1,0.01,0.35
62.8,307,0.001,6,0.75,0.03,2,0.0064,0.1,0.01,0.35
62.75,307,0.001,6,0.75,0.03,2,0.0064,0.1,0.01,0.35
62.7,306,0.02,6,0.75,0.03,2,0.0064,0.1,0.01,0.35
62.65,306,0.001,6,0.75,0.03,2,0.0064,0.1,0.01,0.35
62.6,306,0.001,6,0.75,0.03,2,0.0064,0.1,0.01,0.35
62.55,306,0.001,6,0.75,0.03,2,0.0064,0.1,0.01,0.35
62.5,305,0.02,2,0.325,0.03,2,0.0064,0.1,0.01,0.35
62.45,305,0.001,2,0.325,0.03,2,0.0064,0.1,0.01,0.35
62.4,305,0.001,2,0.325,0.03,2,0.0064,0.1,0.01,0.35
62.35,305,0.001,2,0.325,0.03,2,0.0064,0.1,0.01,0.35
62.3,304,0.02,2,0.325,0.03,2,0.0064,0.1,0.01,0.35
62.25,304,0.001,2,0.325,0.03,2,0.0064,0.1,0.01,0.35
62.2,304,0.001,2,0.325,0.03,2,0.0064,0.1,0.01,0.35
62.15,304,0.001,2,0.325,0.03,2,0.0064,0.1,0.01,0.35
62.1,304,0.001,2,0.325,0.03,2,0.0064,0.1,0.01,0.35
62.05,303,0.02,2,0.325,0.03,2,0.0064,0.1,0.01,0.35
62,303,0.001,2,0.325,0.03,2,0.0064,0.1,0.01,0.35
61.95,303,0.001,2,0.325,0.03,2,0.0064,0.1,0.01,0.35
61.9,303,0.001,2,0.325,0.03,2,0.0064,0.1,0.01,0.35
61.85,302,0.02,2,0.325,0.03,2,0.0064,0.1,0.01,0.35
61.8,302,0.001,2,0.325,0.03,2,0.0064,0.1,0.01,0.35
61.75,302,0.001,4,0.15,0.03,2,0.0064,0.1,0.01,0.35
61.7,302,0.001,4,0.15,0.03,2,0.0064,0.1,0.01,0.35
61.65,302,0.001,4,0.15,0.03,2,0.0064,0.1,0.01,0.35
61.6,301,0.02,4,0.15,0.03,2,0.0064,0.1,0.01,0.35
61.55,301,0.001,4,0.15,0.03,2,0.0064,0.1,0.01,0.35
61.5,301,0.001,4,0.15,0.03,2,0.0064,0.1,0.01,0.35
61.45,301,0.001,4,0.15,0.03,2,0.0064,0.1,0.01,0.35
61.4,301,0.001,4,0.15,0.03,2,0.0064,0.1,0.01,0.35
61.35,300,0.02,5,2.075,0.03,2,0.0064,0.1,0.01,0.35
61.3,300,0.001,5,2.075,0.03,2,0.0064,0.1,0.01,0.35
61.25,300,0.001,5,2.075,0.03,2,0.0064,0.1,0.01,0.35
61.2,300,0.001,5,2.075,0.03,2,0.0064,0.1,0.01,0.35
61.15,300,0.001,5,2.075,0.03,2,0.0064,0.1,0.01,0.35
61.1,299,0.02,5,2.075,0.03,2,0.0064,0.1,0.01,0.35
61.05,299,0.001,5,2.075,0.03,2,0.0064,0.1,0.01,0.35
61,299,0.001,5,2.075,0.03,2,0.0064,0.1,0.01,0.35
60.95,299,0.001,5,2.075,0.03,2,0.0064,0.1,0.01,0.35
60.9,298,0.02,5,2.075,0.03,2,0.0064,0.1,0.01,0.35
60.85,298,0.001,5,2.075,0.03,2,0.0064,0.1,0.01,0.35
60.8,298,0.001,5,2.075,0.03,2,0.0064,0.1,0.01,0.35
60.75,298,0.001,5,2.075,0.03,2,0.0064,0.1,0.01,0.35
60.7,298,0.001,5,2.075,0.03,2,0.0064,0.1,0.01,0.35
60.65,298,0.001,5,2.075,0.03,2,0.0064,0.1,0.01,0.35
60.6,298,0.001,5,2.075,0.03,2,0.0064,0.1,0.01,0.35
60.55,297,0.02,5,2.075,0.03,2,0.0064,0.1,0.01,0.35
60.5,297,0.001,5,2.075,0.03,2,0.0064,0.1,0.01,0.35
60.45,297,0.001,5,2.075,1,2,0.0064,0.1,0.01,0.3
60.4,297,0.001,5,2.075,1,2,0.0064,0.1,0.01,0.3
60.35,297,0.001,5,2.075,1,2,0.0064,0.1,0.01,0.3
60.3,297,0.001,5,2.075,1,2,0.0064,0.1,0.01,0.3
60.25,297,0.001,5,2.075,1,2,0.0064,0.1,0.01,0.3
60.2,297,0.001,5,2.075,1,2,0.0064,0.1,0.01,0.3
60.15,297,0.001,5,2.075,1,2,0.0064,0.1,0.01,0.3
60.1,297,0.001,5,2.075,1,2,0.0064,0.1,0.01,0.3
60.05,297,0.001,5,2.075,1,2,0.0064,0.1,0.01,0.3
60,297,0.001,8,0.15,1,2,0.0064,0.1,0.01,0.3
59.95,297,0.001,8,0.15,1,2,0.0064,0.1,0.01,0.3
59.9,297,0.001,8,0.15,1,2,0.0064,0.1,0.01,0.3
59.85,297,0.001,8,0.15,1,2,0.0064,0.1,0.01,0.3
59.8,297,0.001,8,0.15,1,2,0.0064,0.1,0.01,0.3
59.75,299,0.001,8,0.15,1,2,0.0064,0.1,0.01,0.3
59.7,297,0.04,8,0.15,1,2,0.0064,0.1,0.01,0.3
59.65,294,0.06,8,0.15,1,2,0.0064,0.1,0.01,0.3
59.6,294,0.001,8,0.15,1,2,0.0064,0.1,0.01,0.3
59.55,294,0.001,8,0.15,0.035,2,0.0064,0.1,0.01,0.2
59.5,293,0.02,8,0.15,0.035,2,0.0064,0.1,0.01,0.2
59.45,294,0.001,8,0.15,0.035,2,0.0064,0.1,0.01,0.2
59.4,294,0.001,8,0.15,0.035,2,0.0064,0.1,0.01,0.2
59.35,293,0.02,8,0.15,0.035,2,0.0064,0.1,0.01,0.2
59.3,292,0.02,8,0.15,0.035,2,0.0064,0.1,0.01,0.2
59.25,292,0.001,8,0.15,0.035,2,0.0064,0.1,0.01,0.2
59.2,292,0.001,8,0.15,0.035,2,0.0064,0.1,0.01,0.2
59.15,293,0.001,8,0.15,0.035,2,0.0064,0.1,0.01,0.2
59.1,293,0.001,8,0.15,0.035,2,0.0064,0.1,0.01,0.2
59.05,292,0.02,8,0.15,0.035,2,0.0064,0.1,0.01,0.2
59,291,0.02,3,1.15,0.035,2,0.0064,0.1,0.01,0.2
58.95,291,0.001,3,1.15,0.035,2,0.0064,0.1,0.01,0.2
58.9,291,0.001,3,1.15,0.035,2,0.0064,0.1,0.01,0.2
58.85,291,0.001,3,1.15,0.035,2,0.0064,0.1,0.01,0.2
58.8,291,0.001,3,1.15,0.035,2,0.0064,0.1,0.01,0.2
58.75,291,0.001,3,1.15,0.035,2,0.0064,0.1,0.01,0.2
58.7,291,0.001,3,1.15,0.035,2,0.0064,0.1,0.01,0.2
58.65,290,0.02,3,1.15,1,2,0.0064,0.1,0.01,0.35
58.6,290,0.001,3,1.15,1,2,0.0064,0.1,0.01,0.35
58.55,290,0.001,3,1.15,1,2,0.0064,0.1,0.01,0.35
58.5,290,0.001,3,1.15,1,2,0.0064,0.1,0.01,0.35
58.45,290,0.001,3,1.15,1,2,0.0064,0.1,0.01,0.35
58.4,289,0.02,3,1.15,1,2,0.0064,0.1,0.01,0.35
58.35,289,0.001,3,1.15,1,2,0.0064,0.1,0.01,0.35
58.3,289,0.001,3,1.15,1,2,0.0064,0.1,0.01,0.35
58.25,288,0.02,3,1.15,1,2,0.0064,0.1,0.01,0.35
58.2,288,0.001,3,1.15,1,2,0.0064,0.1,0.01,0.35
58.15,288,0.001,3,1.15,1,2,0.0064,0.1,0.01,0.35
58.1,288,0.001,3,1.15,1,2,0.0064,0.1,0.01,0.35
58.05,288,0.001,3,1.15,1,2,0.0064,0.1,0.01,0.35
58,288,0.001,3,1.15,1,2,0.0064,0.1,0.01,0.35
57.95,288,0.001,3,1.15,1,2,0.0064,0.1,0.01,0.35
57.9,287,0.02,3,1.15,1,2,0.0064,0.1,0.01,0.35
57.85,286,0.02,3,1.15,1,2,0.0064,0.1,0.01,0.35
57.8,286,0.001,3,1.15,1,2,0.0064,0.1,0.01,0.35
57.75,286,0.001,3,1.15,1,2,0.0064,0.1,0.01,0.35
57.7,286,0.001,3,1.15,1,2,0.0064,0.1,0.01,0.35
57.65,286,0.001,3,1.15,1,2,0.0064,0.1,0.01,0.35
57.6,286,0.001,3,1.15,1,2,0.0064,0.1,0.01,0.35
57.55,285,0.02,3,1.15,1,2,0.0064,0.1,0.01,0.35
57.5,285,0.001,3,1.15,1,2,0.0064,0.1,0.01,0.35
57.45,285,0.001,3,1.15,1,2,0.0064,0.1,0.01,0.35
57.4,285,0.001,3,1.15,1,2,0.0064,0.1,0.01,0.35
57.35,285,0.001,3,1.15,1,2,0.0064,0.1,0.01,0.35
57.3,285,0.001,3,1.15,1,2,0.0064,0.1,0.01,0.35
57.25,285,0.001,3,1.15,1,2,0.0064,0.1,0.01,0.35
57.2,285,0.001,3,1.15,1,2,0.0064,0.1,0.01,0.35
57.15,284,0.02,3,1.15,1,2,0.0064,0.1,0.01,0.35
57.1,284,0.001,3,1.15,1,2,0.0064,0.1,0.01,0.35
57.05,284,0.001,3,1.15,1,2,0.0064,0.1,0.01,0.35
57,284,0.001,3,1.15,1,2,0.0064,0.1,0.01,0.35
56.95,283,0.02,3,1.15,1,2,0.0064,0.1,0.01,0.35
56.9,283,0.001,3,1.15,1,2,0.0064,0.1,0.01,0.35
56.85,283,0.001,3,1.15,1,2,0.0064,0.1,0.01,0.35
56.8,285,0.001,3,1.15,1,2,0.0064,0.1,0.01,0.35
56.75,283,0.04,3,1.15,1,2,0.0064,0.1,0.01,0.35
56.7,283,0.001,3,1.15,1,2,0.0064,0.1,0.01,0.35
56.65,282,0.02,3,1.15,1,2,0.0064,0.1,0.01,0.35
56.6,282,0.001,3,1.15,1,2,0.0064,0.1,0.01,0.35
56.55,282,0.001,3,1.15,1,2,0.0064,0.1,0.01,0.35
56.5,282,0.001,6,0.325,1,2,0.0064,0.1,0.01,0.35
56.45,281,0.02,6,0.325,1,2,0.0064,0.1,0.01,0.35
56.4,281,0.001,6,0.325,1,2,0.0064,0.1,0.01,0.35
56.35,281,0.001,6,0.325,1,2,0.0064,0.1,0.01,0.35
56.3,281,0.001,6,0.325,1,2,0.0064,0.1,0.01,0.35
56.25,281,0.001,6,0.325,1,2,0.0064,0.1,0.01,0.35
56.2,281,0.001,6,0.325,1,2,0.0064,0.1,0.01,0.35
56.15,281,0.001,6,0.325,1,2,0.0064,0.1,0.01,0.35
56.1,280,0.02,6,0.325,1,2,0.0064,0.1,0.01,0.35
56.05,281,0.001,6,0.325,1,2,0.0064,0.1,0.01,0.35
56,280,0.02,6,0.325,1,2,0.0064,0.1,0.01,0.35
55.95,280,0.001,6,0.325,1,2,0.0064,0.1,0.01,0.35
55.9,280,0.001,6,0.325,1,2,0.0064,0.1,0.01,0.35
55.85,280,0.001,6,0.325,1,2,0.0064,0.1,0.01,0.35
55.8,280,0.001,6,0.325,1,2,0.0064,0.1,0.01,0.35
55.75,280,0.001,6,0.325,1,2,0.0064,0.1,0.01,0.35
55.7,279,0.02,6,0.325,1,2,0.0064,0.1,0.01,0.35
55.65,279,0.001,6,0.325,1,2,0.0064,0.1,0.01,0.35
55.6,279,0.001,6,0.325,1,2,0.0064,0.1,0.01,0.35
55.55,279,0.001,6,0.325,1,2,0.0064,0.1,0.01,0.35
55.5,279,0.001,6,0.325,1,2,0.0064,0.1,0.01,0.35
55.45,278,0.02,6,0.325,1,2,0.0064,0.1,0.01,0.35
55.4,278,0.001,6,0.325,1,2,0.0064,0.1,0.01,0.35
55.35,278,0.001,6,0.325,1,2,0.0064,0.1,0.01,0.35
55.3,278,0.001,6,0.325,1,2,0.0064,0.1,0.01,0.35
55.25,278,0.001,6,0.325,1,2,0.0064,0.1,0.01,0.35
55.2,277,0.02,6,0.325,1,2,0.0064,0.1,0.01,0.35
55.15,277,0.001,6,0.325,1,2,0.0064,0.1,0.01,0.35
55.1,277,0.001,6,0.325,1,2,0.0064,0.1,0.01,0.35
55.05,277,0.001,6,0.325,1,2,0.0064,0.1,0.01,0.35
55,277,0.001,6,0.325,1,2,0.0064,0.1,0.01,0.35
54.95,277,0.001,6,0.325,1,2,0.0064,0.1,0.01,0.35
54.9,277,0.001,6,0.325,1,2,0.0064,0.1,0.01,0.35
54.85,277,0.001,6,0.325,1,2,0.0064,0.1,0.01,0.35
54.8,277,0.001,6,0.325,1,2,0.0064,0.1,0.01,0.35
54.75,277,0.001,6,0.325,1,2,0.0064,0.1,0.01,0.35
54.7,277,0.001,6,0.325,1,2,0.0064,0.1,0.01,0.35
54.65,277,0.001,6,0.325,1,2,0.0064,0.1,0.01,0.35
54.6,277,0.001,6,0.325,1,2,0.0064,0.1,0.01,0.35
54.55,277,0.001,6,0.325,1,2,0.0064,0.1,0.01,0.35
54.5,277,0.001,6,0.325,1,2,0.0064,0.1,0.01,0.35
54.45,277,0.001,6,0.325,1,2,0.0064,0.1,0.01,0.35
54.4,278,0.001,6,0.325,1,2,0.0064,0.1,0.01,0.35
54.35,277,0.02,6,0.325,1,2,0.0064,0.1,0.01,0.35
54.3,277,0.001,6,0.325,1,2,0.0064,0.1,0.01,0.35
54.25,277,0.001,6,0.325,1,2,0.0064,0.1,0.01,0.35
54.2,277,0.001,6,0.325,1,2,0.0064,0.1,0.01,0.35
54.15,277,0.001,6,0.325,1,2,0.0064,0.1,0.01,0.35
54.1,278,0.001,6,0.325,1,2,0.0064,0.1,0.01,0.35
54.05,273,0.1,6,0.325,1,2,0.0064,0.1,0.01,0.35
54,274,0.001,6,0.325,1,2,0.0064,0.1,0.01,0.35
53.95,275,0.001,6,0.325,1,2,0.0064,0.1,0.01,0.35
53.9,273,0.04,6,0.325,0.045,2,0.0064,0.1,0.01,0.4
53.85,273,0.001,6,0.325,0.045,2,0.0064,0.1,0.01,0.4
53.8,273,0.001,6,0.325,0.045,2,0.0064,0.1,0.01,0.4
53.75,273,0.001,6,0.325,0.045,2,0.0064,0.1,0.01,0.4
53.7,273,0.001,6,0.325,0.045,2,0.0064,0.1,0.01,0.4
53.65,273,0.001,6,0.325,0.045,2,0.0064,0.1,0.01,0.4
53.6,273,0.001,6,0.325,0.045,2,0.0064,0.1,0.01,0.4
53.55,274,0.001,6,0.325,0.045,2,0.0064,0.1,0.01,0.4
53.5,272,0.04,8,0.15,0.045,2,0.0064,0.1,0.01,0.4
53.45,272,0.001,8,0.15,0.045,2,0.0064,0.1,0.01,0.4
53.4,272,0.001,8,0.15,0.045,2,0.0064,0.1,0.01,0.4
53.35,271,0.02,8,0.15,0.045,2,0.0064,0.1,0.01,0.4
53.3,271,0.001,8,0.15,0.045,2,0.0064,0.1,0.01,0.4
53.25,271,0.001,8,0.15,0.045,2,0.0064,0.1,0.01,0.4
53.2,271,0.001,8,0.15,0.045,2,0.0064,0.1,0.01,0.4
53.15,271,0.001,8,0.15,0.045,2,0.0064,0.1,0.01,0.4
53.1,271,0.001,8,0.15,0.045,2,0.0064,0.1,0.01,0.4
53.05,271,0.001,8,0.15,0.045,2,0.0064,0.1,0.01,0.4
53,271,0.001,8,0.15,0.045,2,0.0064,0.1,0.01,0.4
52.95,270,0.02,8,0.15,0.045,2,0.0064,0.1,0.01,0.4
52.9,270,0.001,8,0.15,0.045,2,0.0064,0.1,0.01,0.4
52.85,270,0.001,8,0.15,0.045,2,0.0064,0.1,0.01,0.4
52.8,270,0.001,8,0.15,0.045,2,0.0064,0.1,0.01,0.4
52.75,270,0.001,8,0.15,0.045,2,0.0064,0.1,0.01,0.4
52.7,269,0.02,8,0.15,0.045,2,0.0064,0.1,0.01,0.4
52.65,269,0.001,8,0.15,0.045,2,0.0064,0.1,0.01,0.4
52.6,269,0.001,8,0.15,0.045,2,0.0064,0.1,0.01,0.4
52.55,269,0.001,8,0.15,0.045,2,0.0064,0.1,0.01,0.4
52.5,269,0.001,8,0.15,0.045,2,0.0064,0.1,0.01,0.4
52.45,269,0.001,8,0.15,0.045,2,0.0064,0.1,0.01,0.4
52.4,269,0.001,8,0.15,0.045,2,0.0064,0.1,0.01,0.4
52.35,269,0.001,8,0.15,0.045,2,0.0064,0.1,0.01,0.4
52.3,269,0.001,8,0.15,0.045,2,0.0064,0.1,0.01,0.4
52.25,268,0.02,8,0.15,0.045,2,0.0064,0.1,0.01,0.4
52.2,268,0.001,8,0.15,0.045,2,0.0064,0.1,0.01,0.4
52.15,268,0.001,8,0.15,0.045,2,0.0064,0.1,0.01,0.4
52.1,268,0.001,8,0.15,0.045,2,0.0064,0.1,0.01,0.4
52.05,268,0.001,8,0.15,0.045,2,0.0064,0.1,0.01,0.4
52,268,0.001,8,0.15,0.045,2,0.0064,0.1,0.01,0.4
51.95,267,0.02,8,0.15,0.045,2,0.0064,0.1,0.01,0.4
51.9,267,0.001,8,0.15,0.045,2,0.0064,0.1,0.01,0.4
51.85,268,0.001,8,0.15,0.045,2,0.0064,0.1,0.01,0.4
51.8,267,0.02,8,0.15,0.045,2,0.0064,0.1,0.01,0.4
51.75,267,0.001,8,0.15,0.045,2,0.0064,0.1,0.01,0.4
51.7,268,0.001,8,0.15,0.045,2,0.0064,0.1,0.01,0.4
51.65,268,0.001,8,0.15,0.045,2,0.0064,0.1,0.01,0.4
51.6,267,0.02,8,0.15,0.045,2,0.0064,0.1,0.01,0.4
51.55,267,0.001,8,0.15,0.045,2,0.0064,0.1,0.01,0.4
51.5,266,0.02,8,0.15,0.045,2,0.0064,0.1,0.01,0.4
51.45,266,0.001,8,0.15,0.045,2,0.0064,0.1,0.01,0.4
51.4,266,0.001,8,0.15,0.045,2,0.0064,0.1,0.01,0.4
51.35,266,0.001,8,0.15,0.045,2,0.0064,0.1,0.01,0.4
51.3,266,0.001,8,0.15,0.045,2,0.0064,0.1,0.01,0.4
51.25,266,0.001,8,0.15,0.045,2,0.0064,0.1,0.01,0.4
51.2,266,0.001,8,0.15,0.045,2,0.0064,0.1,0.01,0.4
51.15,266,0.001,8,0.15,0.045,2,0.0064,0.1,0.01,0.4
51.1,265,0.02,8,0.15,0.045,2,0.0064,0.1,0.01,0.4
51.05,265,0.001,8,0.15,0.045,2,0.0064,0.1,0.01,0.4
51,265,0.001,8,0.15,0.045,2,0.0064,0.1,0.01,0.4
50.95,265,0.001,8,0.15,0.045,2,0.0064,0.1,0.01,0.4
50.9,265,0.001,8,0.15,0.045,2,0.0064,0.1,0.01,0.4
50.85,265,0.001,8,0.15,0.045,2,0.0064,0.1,0.01,0.4
50.8,265,0.001,8,0.15,0.045,2,0.0064,0.1,0.01,0.4
50.75,266,0.001,8,0.15,0.045,2,0.0064,0.1,0.01,0.4
50.7,265,0.02,8,0.15,0.045,2,0.0064,0.1,0.01,0.4
50.65,265,0.001,8,0.15,0.045,2,0.0064,0.1,0.01,0.4
50.6,264,0.02,8,0.15,0.045,2,0.0064,0.1,0.01,0.4
50.55,264,0.001,8,0.15,0.045,2,0.0064,0.1,0.01,0.4
50.5,264,0.001,8,0.15,0.045,2,0.0064,0.1,0.01,0.4
50.45,264,0.001,8,0.15,0.045,2,0.0064,0.1,0.01,0.4
50.4,264,0.001,8,0.15,0.045,2,0.0064,0.1,0.01,0.4
50.35,264,0.001,8,0.15,0.045,2,0.0064,0.1,0.01,0.4
50.3,264,0.001,8,0.15,0.045,2,0.0064,0.1,0.01,0.4
50.25,263,0.02,8,0.15,0.045,2,0.0064,0.1,0.01,0.4
50.2,265,0.001,8,0.15,0.045,2,0.0064,0.1,0.01,0.4
50.15,263,0.04,8,0.15,0.045,2,0.0064,0.1,0.01,0.4
50.1,263,0.001,10,0.15,0.045,2,0.0064,0.1,0.01,0.4
50.05,263,0.001,10,0.15,0.045,2,0.0064,0.1,0.01,0.4
50,263,0.001,10,0.15,0.045,2,0.0064,0.1,0.01,0.4
49.95,265,0.001,10,0.15,0.045,2,0.0064,0.1,0.01,0.4
49.9,263,0.04,10,0.15,0.045,2,0.0064,0.1,0.01,0.4
49.85,263,0.001,10,0.15,1,2,0.0064,0.1,0.01,0.35
49.8,263,0.001,10,0.15,1,2,0.0064,0.1,0.01,0.35
49.75,263,0.001,10,0.15,1,2,0.0064,0.1,0.01,0.35
49.7,262,0.02,10,0.15,1,2,0.0064,0.1,0.01,0.35
49.65,262,0.001,10,0.15,1,2,0.0064,0.1,0.01,0.35
49.6,264,0.001,10,0.15,1,2,0.0064,0.1,0.01,0.35
49.55,263,0.02,10,0.15,1,2,0.0064,0.1,0.01,0.35
49.5,262,0.02,10,0.15,1,2,0.0064,0.1,0.01,0.35
49.45,262,0.001,10,0.15,1,2,0.0064,0.1,0.01,0.35
49.4,262,0.001,10,0.15,1,2,0.0064,0.1,0.01,0.35
49.35,262,0.001,10,0.15,1,2,0.0064,0.1,0.01,0.35
49.3,261,0.02,10,0.15,1,2,0.0064,0.1,0.01,0.35
49.25,261,0.001,10,0.15,1,2,0.0064,0.1,0.01,0.35
49.2,261,0.001,10,0.15,1,2,0.0064,0.1,0.01,0.35
49.15,261,0.001,10,0.15,1,2,0.0064,0.1,0.01,0.35
49.1,261,0.001,10,0.15,1,2,0.0064,0.1,0.01,0.35
49.05,261,0.001,10,0.15,1,2,0.0064,0.1,0.01,0.35
49,261,0.001,10,0.15,1,2,0.0064,0.1,0.01,0.35
48.95,261,0.001,10,0.15,1,2,0.0064,0.1,0.01,0.35
48.9,261,0.001,10,0.15,1,2,0.0064,0.1,0.01,0.35
48.85,261,0.001,10,0.15,1,2,0.0064,0.1,0.01,0.35
48.8,261,0.001,10,0.15,1,2,0.0064,0.1,0.01,0.35
48.75,261,0.001,10,0.15,1,2,0.0064,0.1,0.01,0.35
48.7,261,0.001,10,0.15,1,2,0.0064,0.1,0.01,0.35
48.65,260,0.02,10,0.15,1,2,0.0064,0.1,0.01,0.35
48.6,261,0.001,10,0.15,1,2,0.0064,0.1,0.01,0.35
48.55,261,0.001,10,0.15,1,2,0.0064,0.1,0.01,0.35
48.5,260,0.02,10,0.15,1,2,0.0064,0.1,0.01,0.35
48.45,260,0.001,10,0.15,1,2,0.0064,0.1,0.01,0.35
48.4,260,0.001,10,0.15,1,2,0.0064,0.1,0.01,0.35
48.35,260,0.001,10,0.15,1,2,0.0064,0.1,0.01,0.35
48.3,260,0.001,10,0.15,1,2,0.0064,0.1,0.01,0.35
48.25,260,0.001,10,0.15,1,2,0.0064,0.1,0.01,0.35
48.2,260,0.001,10,0.15,1,2,0.0064,0.1,0.01,0.35
48.15,260,0.001,10,0.15,1,2,0.0064,0.1,0.01,0.35
48.1,260,0.001,10,0.15,1,2,0.0064,0.1,0.01,0.35
48.05,260,0.001,10,0.15,1,2,0.0064,0.1,0.01,0.35
48,260,0.001,10,0.15,1,2,0.0064,0.1,0.01,0.35
47.95,257,0.06,10,0.15,1,2,0.0064,0.1,0.01,0.35
47.9,257,0.001,10,0.15,1,2,0.0064,0.1,0.01,0.35
47.85,257,0.001,10,0.15,1,2,0.0064,0.1,0.01,0.35
47.8,257,0.001,10,0.15,1,2,0.0064,0.1,0.01,0.35
47.75,258,0.001,10,0.15,1,2,0.0064,0.1,0.01,0.35
47.7,257,0.02,10,0.15,1,2,0.0064,0.1,0.01,0.35
47.65,257,0.001,10,0.15,1,2,0.0064,0.1,0.01,0.35
47.6,257,0.001,10,0.15,1,2,0.0064,0.1,0.01,0.35
47.55,259,0.001,10,0.15,1,2,0.0064,0.1,0.01,0.35
47.5,257,0.04,10,0.15,1,2,0.0064,0.1,0.01,0.35
47.45,257,0.001,10,0.15,1,2,0.0064,0.1,0.01,0.35
47.4,257,0.001,10,0.15,1,2,0.0064,0.1,0.01,0.35
47.35,258,0.001,10,0.15,1,2,0.0064,0.1,0.01,0.35
47.3,258,0.001,10,0.15,1,2,0.0064,0.1,0.01,0.35
47.25,258,0.001,10,0.15,1,2,0.0064,0.1,0.01,0.35
47.2,256,0.04,10,0.15,1,2,0.0064,0.1,0.01,0.35
47.15,256,0.001,10,0.15,1,2,0.0064,0.1,0.01,0.35
47.1,257,0.001,10,0.15,1,2,0.0064,0.1,0.01,0.35
47.05,256,0.02,10,0.15,1,2,0.0064,0.1,0.01,0.35
47,257,0.001,10,0.15,1,2,0.0064,0.1,0.01,0.35
46.95,256,0.02,10,0.15,1,2,0.0064,0.1,0.01,0.35
46.9,256,0.001,10,0.15,1,2,0.0064,0.1,0.01,0.35
46.85,256,0.001,10,0.15,1,2,0.0064,0.1,0.01,0.35
46.8,256,0.001,10,0.15,1,2,0.0064,0.1,0.01,0.35
46.75,256,0.001,10,0.15,1,2,0.0064,0.1,0.01,0.35
46.7,256,0.001,10,0.15,1,2,0.0064,0.1,0.01,0.35
46.65,256,0.001,10,0.15,1,2,0.0064,0.1,0.01,0.35
46.6,256,0.001,10,0.15,1,2,0.0064,0.1,0.01,0.35
46.55,256,0.001,10,0.15,1,2,0.0064,0.1,0.01,0.35
46.5,256,0.001,10,0.15,1,2,0.0064,0.1,0.01,0.35
46.45,256,0.001,10,0.15,0.04,2,0.0064,0.1,0.01,0.35
46.4,253,0.06,10,0.15,0.04,2,0.0064,0.1,0.01,0.35
46.35,253,0.001,10,0.15,0.04,2,0.0064,0.1,0.01,0.35
46.3,253,0.001,10,0.15,0.04,2,0.0064,0.1,0.01,0.35
46.25,253,0.001,10,0.15,0.04,2,0.0064,0.1,0.01,0.35
46.2,252,0.02,10,0.15,0.04,2,0.0064,0.1,0.01,0.35
46.15,252,0.001,10,0.15,0.04,2,0.0064,0.1,0.01,0.35
46.1,252,0.001,10,0.15,0.04,2,0.0064,0.1,0.01,0.35
46.05,253,0.001,10,0.5,0.04,2,0.0064,0.1,0.01,0.35
46,252,0.02,10,0.5,0.04,2,0.0064,0.1,0.01,0.35
45.95,252,0.001,10,0.5,0.04,2,0.0064,0.1,0.01,0.35
45.9,252,0.001,10,0.5,0.04,2,0.0064,0.1,0.01,0.35
45.85,252,0.001,10,0.5,0.04,2,0.0064,0.1,0.01,0.35
45.8,252,0.001,10,0.5,0.04,2,0.0064,0.1,0.01,0.35
45.75,251,0.02,10,0.5,0.04,2,0.0064,0.1,0.01,0.35
45.7,254,0.001,10,0.5,0.04,2,0.0064,0.1,0.01,0.35
45.65,251,0.06,10,0.5,0.04,2,0.0064,0.1,0.01,0.35
45.6,251,0.001,10,0.5,0.04,2,0.0064,0.1,0.01,0.35
45.55,251,0.001,10,0.5,0.04,2,0.0064,0.1,0.01,0.35
45.5,251,0.001,10,0.5,0.04,2,0.0064,0.1,0.01,0.35
45.45,251,0.001,10,0.5,0.04,2,0.0064,0.1,0.01,0.35
45.4,251,0.001,10,0.5,0.04,2,0.0064,0.1,0.01,0.35
45.35,251,0.001,10,0.5,0.04,2,0.0064,0.1,0.01,0.35
45.3,250,0.02,10,0.5,0.04,2,0.0064,0.1,0.01,0.35
45.25,250,0.001,10,0.5,0.04,2,0.0064,0.1,0.01,0.35
45.2,250,0.001,10,0.5,0.04,2,0.0064,0.1,0.01,0.35
45.15,250,0.001,10,0.5,0.04,2,0.0064,0.1,0.01,0.35
45.1,250,0.001,10,0.5,0.04,2,0.0064,0.1,0.01,0.35
45.05,251,0.001,10,0.5,0.04,2,0.0064,0.1,0.01,0.35
45,250,0.02,10,0.5,0.04,2,0.0064,0.1,0.01,0.35
44.95,251,0.001,10,0.5,0.04,2,0.0064,0.1,0.01,0.35
44.9,250,0.02,10,0.5,0.04,2,0.0064,0.1,0.01,0.35
44.85,250,0.001,10,0.5,0.04,2,0.0064,0.1,0.01,0.35
44.8,250,0.001,10,0.5,0.04,2,0.0064,0.1,0.01,0.35
44.75,250,0.001,10,0.5,0.04,2,0.0064,0.1,0.01,0.35
44.7,250,0.001,10,0.5,0.04,2,0.0064,0.1,0.01,0.35
44.65,249,0.02,10,0.5,0.04,2,0.0064,0.1,0.01,0.35
44.6,251,0.001,10,0.5,0.04,2,0.0064,0.1,0.01,0.35
44.55,249,0.04,10,0.5,0.04,2,0.0064,0.1,0.01,0.35
44.5,249,0.001,10,0.5,0.04,2,0.0064,0.1,0.01,0.35
44.45,249,0.001,10,0.5,0.04,2,0.0064,0.1,0.01,0.35
44.4,249,0.001,10,0.5,0.04,2,0.0064,0.1,0.01,0.35
44.35,249,0.001,10,0.5,0.04,2,0.0064,0.1,0.01,0.35
44.3,249,0.001,10,0.5,0.04,2,0.0064,0.1,0.01,0.35
44.25,249,0.001,10,0.5,0.04,2,0.0064,0.1,0.01,0.35
44.2,249,0.001,10,0.5,0.04,2,0.0064,0.1,0.01,0.35
44.15,248,0.02,10,0.5,0.04,2,0.0064,0.1,0.01,0.35
44.1,248,0.001,10,0.5,0.04,2,0.0064,0.1,0.01,0.35
44.05,248,0.001,10,0.5,0.04,2,0.0064,0.1,0.01,0.35
44,248,0.001,10,0.5,0.04,2,0.0064,0.1,0.01,0.35
43.95,248,0.001,10,0.5,0.04,2,0.0064,0.1,0.01,0.35
43.9,248,0.001,10,0.5,0.04,2,0.0064,0.1,0.01,0.35
43.85,248,0.001,10,0.5,0.04,2,0.0064,0.1,0.01,0.35
43.8,248,0.001,10,0.5,0.04,2,0.0064,0.1,0.01,0.35
43.75,248,0.001,10,0.5,0.04,2,0.0064,0.1,0.01,0.35
43.7,248,0.001,10,0.5,0.04,2,0.0064,0.1,0.01,0.35
43.65,248,0.001,10,0.5,0.04,2,0.0064,0.1,0.01,0.35
43.6,249,0.001,10,0.5,0.04,2,0.0064,0.1,0.01,0.35
43.55,248,0.02,10,0.5,0.04,2,0.0064,0.1,0.01,0.35
43.5,248,0.001,10,0.5,0.04,2,0.0064,0.1,0.01,0.35
43.45,248,0.001,10,0.5,0.035,2,0.0064,0.1,0.01,0.5
43.4,248,0.001,10,0.5,0.035,2,0.0064,0.1,0.01,0.5
43.35,248,0.001,10,0.5,0.035,2,0.0064,0.1,0.01,0.5
43.3,248,0.001,10,0.5,0.035,2,0.0064,0.1,0.01,0.5
43.25,246,0.04,10,0.5,0.035,2,0.0064,0.1,0.01,0.5
43.2,246,0.001,10,0.5,0.035,2,0.0064,0.1,0.01,0.5
43.15,246,0.001,10,0.5,0.035,2,0.0064,0.1,0.01,0.5
43.1,246,0.001,10,0.5,0.035,2,0.0064,0.1,0.01,0.5
43.05,246,0.001,10,0.5,0.035,2,0.0064,0.1,0.01,0.5
43,246,0.001,10,0.5,0.035,2,0.0064,0.1,0.01,0.5
42.95,246,0.001,10,0.5,0.035,2,0.0064,0.1,0.01,0.5
42.9,246,0.001,10,0.5,0.035,2,0.0064,0.1,0.01,0.5
42.85,246,0.001,10,0.5,0.035,2,0.0064,0.1,0.01,0.5
42.8,246,0.001,10,0.5,0.035,2,0.0064,0.1,0.01,0.5
42.75,245,0.02,10,0.5,0.035,2,0.0064,0.1,0.01,0.5
42.7,245,0.001,10,0.5,0.035,2,0.0064,0.1,0.01,0.5
42.65,245,0.001,10,0.5,0.035,2,0.0064,0.1,0.01,0.5
42.6,245,0.001,10,0.5,0.035,2,0.0064,0.1,0.01,0.5
42.55,245,0.001,10,0.5,0.035,2,0.0064,0.1,0.01,0.5
42.5,245,0.001,10,0.5,0.035,2,0.0064,0.1,0.01,0.5
42.45,245,0.001,10,0.5,0.035,2,0.0064,0.1,0.01,0.5
42.4,245,0.001,10,0.5,0.035,2,0.0064,0.1,0.01,0.5
42.35,245,0.001,10,0.5,0.035,2,0.0064,0.1,0.01,0.5
42.3,246,0.001,10,0.5,0.035,2,0.0064,0.1,0.01,0.5
42.25,245,0.02,10,0.5,0.035,2,0.0064,0.1,0.01,0.5
42.2,245,0.001,10,0.5,0.035,2,0.0064,0.1,0.01,0.5
42.15,245,0.001,10,0.5,0.035,2,0.0064,0.1,0.01,0.5
42.1,245,0.001,10,0.5,0.035,2,0.0064,0.1,0.01,0.5
42.05,245,0.001,10,0.5,0.035,2,0.0064,0.1,0.01,0.5
42,245,0.001,11,0.15,0.035,2,0.0064,0.1,0.01,0.5
41.95,245,0.001,11,0.15,0.035,2,0.0064,0.1,0.01,0.5
41.9,245,0.001,11,0.15,0.035,2,0.0064,0.1,0.01,0.5
41.85,245,0.001,11,0.15,0.035,2,0.0064,0.1,0.01,0.5
41.8,244,0.02,11,0.15,0.035,2,0.0064,0.1,0.01,0.5
41.75,244,0.001,11,0.15,0.035,2,0.0064,0.1,0.01,0.5
41.7,244,0.001,11,0.15,0.035,2,0.0064,0.1,0.01,0.5
41.65,244,0.001,11,0.15,0.035,2,0.0064,0.1,0.01,0.5
41.6,245,0.001,11,0.15,0.035,2,0.0064,0.1,0.01,0.5
41.55,244,0.02,11,0.15,0.035,2,0.0064,0.1,0.01,0.5
41.5,244,0.001,11,0.15,0.035,2,0.0064,0.1,0.01,0.5
41.45,244,0.001,11,0.15,0.035,2,0.0064,0.1,0.01,0.5
41.4,244,0.001,11,0.15,0.035,2,0.0064,0.1,0.01,0.5
41.35,244,0.001,11,0.15,0.035,2,0.0064,0.1,0.01,0.5
41.3,244,0.001,9,0.15,0.035,2,0.0064,0.1,0.01,0.5
41.25,244,0.001,9,0.15,0.035,2,0.0064,0.1,0.01,0.5
41.2,244,0.001,9,0.15,0.035,2,0.0064,0.1,0.01,0.5
41.15,244,0.001,9,0.15,0.035,2,0.0064,0.1,0.01,0.5
41.1,244,0.001,9,0.15,0.035,2,0.0064,0.1,0.01,0.5
41.05,244,0.001,9,0.15,0.035,2,0.0064,0.1,0.01,0.5
41,244,0.001,9,0.15,0.035,2,0.0064,0.1,0.01,0.5
40.95,244,0.001,9,0.15,0.045,2,0.0064,0.1,0.01,0.5
40.9,244,0.001,9,0.15,0.045,2,0.0064,0.1,0.01,0.5
40.85,243,0.02,9,0.15,0.045,2,0.0064,0.1,0.01,0.5
40.8,243,0.001,9,0.15,0.045,2,0.0064,0.1,0.01,0.5
40.75,246,0.001,9,0.15,0.045,2,0.0064,0.1,0.01,0.5
40.7,243,0.06,9,0.15,0.045,2,0.0064,0.1,0.01,0.5
40.65,243,0.001,9,0.15,0.045,2,0.0064,0.1,0.01,0.5
40.6,243,0.001,9,0.15,0.045,2,0.0064,0.1,0.01,0.5
40.55,243,0.001,9,0.15,0.045,2,0.0064,0.1,0.01,0.5
40.5,243,0.001,9,0.15,0.045,2,0.0064,0.1,0.01,0.5
40.45,243,0.001,9,0.15,0.045,2,0.0064,0.1,0.01,0.5
40.4,243,0.001,12,0.15,0.045,2,0.0064,0.1,0.01,0.5
40.35,243,0.001,12,0.15,0.045,2,0.0064,0.1,0.01,0.5
40.3,243,0.001,12,0.15,0.045,2,0.0064,0.1,0.01,0.5
40.25,243,0.001,12,0.15,0.045,2,0.0064,0.1,0.01,0.5
40.2,243,0.001,12,0.15,0.045,2,0.0064,0.1,0.01,0.5
40.15,243,0.001,12,0.15,0.045,2,0.0064,0.1,0.01,0.5
40.1,243,0.001,12,0.15,0.045,2,0.0064,0.1,0.01,0.5
40.05,243,0.001,12,0.15,0.045,2,0.0064,0.1,0.01,0.5
40,243,0.001,12,0.15,0.045,2,0.0064,0.1,0.01,0.5
39.95,242,0.02,12,0.15,0.05,2,0.0064,0.1,0.01,0.45
39.9,242,0.001,12,0.15,0.05,2,0.0064,0.1,0.01,0.45
39.85,242,0.001,12,0.15,0.05,2,0.0064,0.1,0.01,0.45
39.8,242,0.001,12,0.15,0.05,2,0.0064,0.1,0.01,0.45
39.75,242,0.001,12,0.15,0.05,2,0.0064,0.1,0.01,0.45
39.7,242,0.001,12,0.15,0.05,2,0.0064,0.1,0.01,0.45
39.65,242,0.001,12,0.15,0.05,2,0.0064,0.1,0.01,0.45
39.6,242,0.001,12,0.15,0.05,2,0.0064,0.1,0.01,0.45
39.55,242,0.001,12,0.15,0.05,2,0.0064,0.1,0.01,0.45
39.5,242,0.001,7,0.15,0.05,2,0.0064,0.1,0.01,0.45
39.45,242,0.001,7,0.15,0.05,2,0.0064,0.1,0.01,0.45
39.4,242,0.001,7,0.15,0.05,2,0.0064,0.1,0.01,0.45
39.35,242,0.001,7,0.15,0.05,2,0.0064,0.1,0.01,0.45
39.3,242,0.001,7,0.15,0.05,2,0.0064,0.1,0.01,0.45
39.25,242,0.001,7,0.15,0.05,2,0.0064,0.1,0.01,0.45
39.2,243,0.001,7,0.15,0.05,2,0.0064,0.1,0.01,0.45
39.15,242,0.02,7,0.15,0.05,2,0.0064,0.1,0.01,0.45
39.1,241,0.02,7,0.15,0.05,2,0.0064,0.1,0.01,0.45
39.05,241,0.001,7,0.15,0.05,2,0.0064,0.1,0.01,0.45
39,241,0.001,7,0.15,0.05,2,0.0064,0.1,0.01,0.45
38.95,241,0.001,7,0.15,0.05,2,0.0064,0.1,0.01,0.45
38.9,241,0.001,7,0.15,0.05,2,0.0064,0.1,0.01,0.45
38.85,241,0.001,7,0.15,0.05,2,0.0064,0.1,0.01,0.45
38.8,241,0.001,7,0.15,0.05,2,0.0064,0.1,0.01,0.45
38.75,241,0.001,7,0.15,0.05,2,0.0064,0.1,0.01,0.45
38.7,241,0.001,7,0.15,0.05,2,0.0064,0.1,0.01,0.45
38.65,241,0.001,7,0.15,0.05,2,0.0064,0.1,0.01,0.45
38.6,241,0.001,7,0.15,0.035,2,0.0064,0.1,0.01,0.35
38.55,241,0.001,7,0.15,0.035,2,0.0064,0.1,0.01,0.35
38.5,241,0.001,7,0.15,0.035,2,0.0064,0.1,0.01,0.35
38.45,241,0.001,7,0.15,0.035,2,0.0064,0.1,0.01,0.35
38.4,240,0.02,7,0.15,0.035,2,0.0064,0.1,0.01,0.35
38.35,240,0.001,7,0.15,0.035,2,0.0064,0.1,0.01,0.35
38.3,240,0.001,7,0.15,0.035,2,0.0064,0.1,0.01,0.35
38.25,240,0.001,7,0.15,0.035,2,0.0064,0.1,0.01,0.35
38.2,240,0.001,7,0.15,0.03,2,0.0064,0.1,0.01,0.45
38.15,240,0.001,7,0.15,0.03,2,0.0064,0.1,0.01,0.45
38.1,240,0.001,7,0.15,0.03,2,0.0064,0.1,0.01,0.45
38.05,239,0.02,7,0.15,0.03,2,0.0064,0.1,0.01,0.45
38,239,0.001,7,0.15,0.03,2,0.0064,0.1,0.01,0.45
37.95,239,0.001,7,0.15,0.03,2,0.0064,0.1,0.01,0.45
37.9,240,0.001,7,0.15,0.03,2,0.0064,0.1,0.01,0.45
37.85,240,0.001,7,0.15,0.03,2,0.0064,0.1,0.01,0.45
37.8,240,0.001,7,0.15,0.03,2,0.0064,0.1,0.01,0.45
37.75,239,0.02,7,0.15,0.03,2,0.0064,0.1,0.01,0.45
37.7,239,0.001,7,0.15,0.03,2,0.0064,0.1,0.01,0.45
37.65,239,0.001,7,0.15,0.03,2,0.0064,0.1,0.01,0.45
37.6,239,0.001,7,0.15,0.03,2,0.0064,0.1,0.01,0.45
37.55,239,0.001,7,0.15,0.03,2,0.0064,0.1,0.01,0.45
37.5,239,0.001,7,0.15,0.03,2,0.0064,0.1,0.01,0.45
37.45,239,0.001,7,0.15,1,2,0.0064,0.1,0.01,0.5
37.4,239,0.001,7,0.15,1,2,0.0064,0.1,0.01,0.5
37.35,239,0.001,7,0.15,1,2,0.0064,0.1,0.01,0.5
37.3,239,0.001,7,0.15,1,2,0.0064,0.1,0.01,0.5
37.25,239,0.001,7,0.15,1,2,0.0064,0.1,0.01,0.5
37.2,239,0.001,7,0.15,1,2,0.0064,0.1,0.01,0.5
37.15,238,0.02,7,0.15,1,2,0.0064,0.1,0.01,0.5
37.1,239,0.001,7,0.15,1,2,0.0064,0.1,0.01,0.5
37.05,239,0.001,7,0.15,1,2,0.0064,0.1,0.01,0.5
37,239,0.001,7,0.15,1,2,0.0064,0.1,0.01,0.5
36.95,239,0.001,7,0.15,1,2,0.0064,0.1,0.01,0.5
36.9,238,0.02,7,0.15,1,2,0.0064,0.1,0.01,0.5
36.85,238,0.001,7,0.15,1,2,0.0064,0.1,0.01,0.5
36.8,238,0.001,7,0.15,1,2,0.0064,0.1,0.01,0.5
36.75,238,0.001,7,0.15,1,2,0.0064,0.1,0.01,0.5
36.7,239,0.001,7,0.15,1,2,0.0064,0.1,0.01,0.5
36.65,238,0.02,7,0.15,1,2,0.0064,0.1,0.01,0.5
36.6,238,0.001,7,0.15,1,2,0.0064,0.1,0.01,0.5
36.55,238,0.001,7,0.15,1,2,0.0064,0.1,0.01,0.5
36.5,238,0.001,7,0.15,1,2,0.0064,0.1,0.01,0.5
36.45,238,0.001,7,0.15,1,2,0.0064,0.1,0.01,0.5
36.4,238,0.001,7,0.15,1,2,0.0064,0.1,0.01,0.5
36.35,238,0.001,7,0.15,1,2,0.0064,0.1,0.01,0.5
36.3,238,0.001,7,0.15,1,2,0.0064,0.1,0.01,0.5
36.25,238,0.001,7,0.15,1,2,0.0064,0.1,0.01,0.5
36.2,238,0.001,7,0.15,1,2,0.0064,0.1,0.01,0.5
36.15,238,0.001,7,0.15,1,2,0.0064,0.1,0.01,0.5
36.1,238,0.001,7,0.15,1,2,0.0064,0.1,0.01,0.5
36.05,238,0.001,6,0.15,1,2,0.0064,0.1,0.01,0.5
36,238,0.001,6,0.15,1,2,0.0064,0.1,0.01,0.5
35.95,238,0.001,6,0.15,1,2,0.0064,0.1,0.01,0.5
35.9,238,0.001,6,0.15,1,2,0.0064,0.1,0.01,0.5
35.85,238,0.001,6,0.15,1,2,0.0064,0.1,0.01,0.5
35.8,238,0.001,6,0.15,1,2,0.0064,0.1,0.01,0.5
35.75,238,0.001,6,0.15,1,2,0.0064,0.1,0.01,0.5
35.7,238,0.001,6,0.15,1,2,0.0064,0.1,0.01,0.5
35.65,238,0.001,6,0.15,1,2,0.0064,0.1,0.01,0.5
35.6,237,0.02,6,0.15,1,2,0.0064,0.1,0.01,0.5
35.55,238,0.001,6,0.15,1,2,0.0064,0.1,0.01,0.5
35.5,238,0.001,6,0.15,1,2,0.0064,0.1,0.01,0.5
35.45,237,0.02,6,0.15,1,2,0.0064,0.1,0.01,0.5
35.4,237,0.001,5,0.15,1,2,0.0064,0.1,0.01,0.5
35.35,237,0.001,5,0.15,1,2,0.0064,0.1,0.01,0.5
35.3,237,0.001,5,0.15,1,2,0.0064,0.1,0.01,0.5
35.25,237,0.001,5,0.15,1,2,0.0064,0.1,0.01,0.5
35.2,237,0.001,5,0.15,1,2,0.0064,0.1,0.01,0.5
35.15,237,0.001,5,0.15,1,2,0.0064,0.1,0.01,0.5
35.1,237,0.001,5,0.15,1,2,0.0064,0.1,0.01,0.5
35.05,237,0.001,5,0.15,1,2,0.0064,0.1,0.01,0.5
35,237,0.001,5,0.15,1,2,0.0064,0.1,0.01,0.5
34.95,237,0.001,5,0.15,1,2,0.0064,0.1,0.01,0.5
34.9,237,0.001,5,0.15,1,2,0.0064,0.1,0.01,0.5
34.85,237,0.001,5,0.15,1,2,0.0064,0.1,0.01,0.5
34.8,237,0.001,5,0.15,1,2,0.0064,0.1,0.01,0.5
34.75,237,0.001,5,0.15,1,2,0.0064,0.1,0.01,0.5
34.7,237,0.001,5,0.15,1,2,0.0064,0.1,0.01,0.5
34.65,237,0.001,5,0.15,1,2,0.0064,0.1,0.01,0.5
34.6,236,0.02,5,0.15,1,2,0.0064,0.1,0.01,0.5
34.55,237,0.001,5,0.15,1,2,0.0064,0.1,0.01,0.5
34.5,238,0.001,5,0.15,1,2,0.0064,0.1,0.01,0.5
34.45,239,0.001,5,0.15,1,2,0.0064,0.1,0.01,0.5
34.4,239,4.78,5,0.15,1,2,0.0064,0.1,0.01,0.5
34.35,239,0.001,5,0.15,1,2,0.0064,0.1,0.01,0.5
34.3,240,0.001,5,0.15,1,2,0.0064,0.1,0.01,0.5
34.25,236,0.08,5,0.15,1,2,0.0064,0.1,0.01,0.5
34.2,238,0.001,5,0.15,1,2,0.0064,0.1,0.01,0.5
34.15,234,0.08,5,0.15,0.035,2,0.0064,0.1,0.01,0.5
34.1,234,0.001,5,0.15,0.035,2,0.0064,0.1,0.01,0.5
34.05,233,0.02,5,0.15,0.035,2,0.0064,0.1,0.01,0.5
34,233,0.001,5,0.15,0.035,2,0.0064,0.1,0.01,0.5
33.95,232,0.02,5,0.15,0.035,2,0.0064,0.1,0.01,0.5
33.9,232,0.001,5,0.15,0.035,2,0.0064,0.1,0.01,0.5
33.85,232,0.001,5,0.15,0.035,2,0.0064,0.1,0.01,0.5
33.8,232,0.001,5,0.15,0.035,2,0.0064,0.1,0.01,0.5
33.75,232,0.001,5,0.15,0.035,2,0.0064,0.1,0.01,0.5
33.7,232,0.001,5,0.15,0.035,2,0.0064,0.1,0.01,0.5
33.65,231,0.02,5,0.15,0.035,2,0.0064,0.1,0.01,0.5
33.6,231,0.001,5,0.15,0.035,2,0.0064,0.1,0.01,0.5
33.55,231,0.001,5,0.15,0.035,2,0.0064,0.1,0.01,0.5
33.5,231,0.001,5,0.15,0.035,2,0.0064,0.1,0.01,0.5
33.45,232,0.001,5,0.15,0.035,2,0.0064,0.1,0.01,0.5
33.4,231,0.02,5,0.15,0.035,2,0.0064,0.1,0.01,0.5
33.35,231,0.001,5,0.15,0.035,2,0.0064,0.1,0.01,0.5
33.3,231,0.001,5,0.15,0.035,2,0.0064,0.1,0.01,0.5
33.25,231,0.001,5,0.15,0.035,2,0.0064,0.1,0.01,0.5
33.2,231,0.001,5,0.15,0.035,2,0.0064,0.1,0.01,0.5
33.15,231,0.001,5,0.15,0.035,2,0.0064,0.1,0.01,0.5
33.1,232,0.001,5,0.15,0.035,2,0.0064,0.1,0.01,0.5
33.05,232,0.001,5,0.15,0.035,2,0.0064,0.1,0.01,0.5
33,231,0.02,5,0.15,0.035,2,0.0064,0.1,0.01,0.5
32.95,231,0.001,5,0.15,0.035,2,0.0064,0.1,0.01,0.5
32.9,231,0.001,5,0.15,0.035,2,0.0064,0.1,0.01,0.5
32.85,232,0.001,5,0.15,0.035,2,0.0064,0.1,0.01,0.5
32.8,231,0.02,5,0.15,0.035,2,0.0064,0.1,0.01,0.5
32.75,231,0.001,5,0.15,1,2,0.0064,0.1,0.01,0.5
32.7,231,0.001,5,0.15,1,2,0.0064,0.1,0.01,0.5
32.65,231,0.001,5,0.15,1,2,0.0064,0.1,0.01,0.5
32.6,231,0.001,7,0.5,1,2,0.0064,0.1,0.01,0.5
32.55,231,0.001,7,0.5,1,2,0.0064,0.1,0.01,0.5
32.5,231,0.001,7,0.5,1,2,0.0064,0.1,0.01,0.5
32.45,231,0.001,7,0.5,1,2,0.0064,0.1,0.01,0.5
32.4,231,0.001,7,0.5,1,2,0.0064,0.1,0.01,0.5
32.35,231,0.001,7,0.5,1,2,0.0064,0.1,0.01,0.5
32.3,231,0.001,7,0.5,1,2,0.0064,0.1,0.01,0.5
32.25,231,0.001,7,0.5,1,2,0.0064,0.1,0.01,0.5
32.2,231,0.001,7,0.5,1,2,0.0064,0.1,0.01,0.5
32.15,231,0.001,7,0.5,1,2,0.0064,0.1,0.01,0.5
32.1,231,0.001,7,0.5,1,2,0.0064,0.1,0.01,0.5
32.05,231,0.001,7,0.5,1,2,0.0064,0.1,0.01,0.5
32,231,0.001,7,0.5,1,2,0.0064,0.1,0.01,0.5
31.95,231,0.001,7,0.5,1,2,0.0064,0.1,0.01,0.5
31.9,231,0.001,7,0.5,1,2,0.0064,0.1,0.01,0.5
31.85,231,0.001,7,0.5,1,2,0.0064,0.1,0.01,0.5
31.8,230,0.02,7,0.5,1,2,0.0064,0.1,0.01,0.5
31.75,229,0.02,7,0.5,1,2,0.0064,0.1,0.01,0.5
31.7,228,0.02,7,0.5,1,2,0.0064,0.1,0.01,0.5
31.65,229,0.001,7,0.5,0.035,2,0.0064,0.1,0.01,0.4
31.6,228,0.02,7,0.5,0.035,2,0.0064,0.1,0.01,0.4
31.55,228,0.001,7,0.5,0.035,2,0.0064,0.1,0.01,0.4
31.5,228,0.001,7,0.5,0.035,2,0.0064,0.1,0.01,0.4
31.45,228,0.001,7,0.5,0.035,2,0.0064,0.1,0.01,0.4
31.4,228,0.001,7,0.5,0.035,2,0.0064,0.1,0.01,0.4
31.35,228,0.001,7,0.5,0.035,2,0.0064,0.1,0.01,0.4
31.3,228,0.001,7,0.5,0.035,2,0.0064,0.1,0.01,0.4
31.25,228,0.001,7,0.5,0.035,2,0.0064,0.1,0.01,0.4
31.2,228,0.001,7,0.5,0.035,2,0.0064,0.1,0.01,0.4
31.15,228,0.001,7,0.5,0.035,2,0.0064,0.1,0.01,0.4
31.1,228,0.001,7,0.5,0.035,2,0.0064,0.1,0.01,0.4
31.05,228,0.001,7,0.5,0.035,2,0.0064,0.1,0.01,0.4
31,228,0.001,7,0.5,0.035,2,0.0064,0.1,0.01,0.4
30.95,228,0.001,7,0.5,0.035,2,0.0064,0.1,0.01,0.4
30.9,228,0.001,7,0.5,0.035,2,0.0064,0.1,0.01,0.4
30.85,228,0.001,7,0.5,0.035,2,0.0064,0.1,0.01,0.4
30.8,228,0.001,4,0.15,0.035,2,0.0064,0.1,0.01,0.4
30.75,228,0.001,4,0.15,0.035,2,0.0064,0.1,0.01,0.4
30.7,228,0.001,4,0.15,0.035,2,0.0064,0.1,0.01,0.4
30.65,228,0.001,4,0.15,0.035,2,0.0064,0.1,0.01,0.4
30.6,228,0.001,4,0.15,0.035,2,0.0064,0.1,0.01,0.4
30.55,228,0.001,4,0.15,0.035,2,0.0064,0.1,0.01,0.4
30.5,228,0.001,4,0.15,0.035,2,0.0064,0.1,0.01,0.4
30.45,228,0.001,4,0.15,0.035,2,0.0064,0.1,0.01,0.4
30.4,228,0.001,4,0.15,0.035,2,0.0064,0.1,0.01,0.4
30.35,228,0.001,4,0.15,0.035,2,0.0064,0.1,0.01,0.4
30.3,228,0.001,4,0.15,0.035,2,0.0064,0.1,0.01,0.4
30.25,228,0.001,4,0.15,0.035,2,0.0064,0.1,0.01,0.4
30.2,228,0.001,4,0.15,0.035,2,0.0064,0.1,0.01,0.4
30.15,229,0.001,4,0.15,0.035,2,0.0064,0.1,0.01,0.4
30.1,228,0.02,4,0.15,0.035,2,0.0064,0.1,0.01,0.4
30.05,228,0.001,4,0.15,0.035,2,0.0064,0.1,0.01,0.4
30,228,0.001,4,0.15,0.035,2,0.0064,0.1,0.01,0.4
29.95,228,0.001,4,0.15,0.035,2,0.0064,0.1,0.01,0.4
29.9,228,0.001,4,0.15,0.035,2,0.0064,0.1,0.01,0.4
29.85,228,0.001,4,0.15,0.035,2,0.0064,0.1,0.01,0.4
29.8,228,0.001,4,0.15,0.035,2,0.0064,0.1,0.01,0.4
29.75,228,0.001,4,0.15,0.035,2,0.0064,0.1,0.01,0.4
29.7,228,0.001,4,0.15,0.035,2,0.0064,0.1,0.01,0.4
29.65,228,0.001,4,0.15,0.035,2,0.0064,0.1,0.01,0.4
29.6,228,0.001,4,0.15,0.035,2,0.0064,0.1,0.01,0.4
29.55,228,0.001,4,0.15,0.035,2,0.0064,0.1,0.01,0.4
29.5,228,0.001,4,0.15,0.035,2,0.0064,0.1,0.01,0.4
29.45,228,0.001,4,0.15,0.035,2,0.0064,0.1,0.01,0.4
29.4,228,0.001,4,0.15,0.035,2,0.0064,0.1,0.01,0.4
29.35,228,0.001,4,0.15,0.035,2,0.0064,0.1,0.01,0.4
29.3,228,0.001,4,0.15,0.035,2,0.0064,0.1,0.01,0.4
29.25,228,0.001,4,0.15,0.035,2,0.0064,0.1,0.01,0.4
29.2,228,0.001,4,0.15,0.035,2,0.0064,0.1,0.01,0.4
29.15,228,0.001,4,0.15,1,2,0.0064,0.1,0.01,0.4
29.1,228,0.001,4,0.15,1,2,0.0064,0.1,0.01,0.4
29.05,228,0.001,4,0.15,1,2,0.0064,0.1,0.01,0.4
29,228,0.001,4,0.15,1,2,0.0064,0.1,0.01,0.4
28.95,228,0.001,4,0.15,1,2,0.0064,0.1,0.01,0.4
28.9,225,0.06,4,0.15,1,2,0.0064,0.1,0.01,0.4
28.85,225,0.001,4,0.15,1,2,0.0064,0.1,0.01,0.4
28.8,225,0.001,4,0.15,1,2,0.0064,0.1,0.01,0.4
28.75,225,0.001,4,0.15,1,2,0.0064,0.1,0.01,0.4
28.7,225,0.001,4,0.15,1,2,0.0064,0.1,0.01,0.4
28.65,225,0.001,4,0.15,1,2,0.0064,0.1,0.01,0.4
28.6,225,0.001,4,0.15,1,2,0.0064,0.1,0.01,0.4
28.55,225,0.001,4,0.15,1,2,0.0064,0.1,0.01,0.4
28.5,225,0.001,4,0.15,1,2,0.0064,0.1,0.01,0.4
28.45,225,0.001,4,0.15,1,2,0.0064,0.1,0.01,0.4
28.4,225,0.001,4,0.15,1,2,0.0064,0.1,0.01,0.4
28.35,225,0.001,4,0.15,1,2,0.0064,0.1,0.01,0.4
28.3,225,0.001,4,0.15,1,2,0.0064,0.1,0.01,0.4
28.25,225,0.001,4,0.15,1,2,0.0064,0.1,0.01,0.4
28.2,225,0.001,4,0.15,1,2,0.0064,0.1,0.01,0.4
28.15,225,0.001,4,0.15,1,2,0.0064,0.1,0.01,0.4
28.1,225,0.001,4,0.15,1,2,0.0064,0.1,0.01,0.4
28.05,225,0.001,4,0.15,1,2,0.0064,0.1,0.01,0.4
28,225,0.001,4,0.15,1,2,0.0064,0.1,0.01,0.4
27.95,225,0.001,4,0.15,1,2,0.0064,0.1,0.01,0.4
27.9,225,0.001,6,0.15,1,2,0.0064,0.1,0.01,0.4
27.85,225,0.001,6,0.15,1,2,0.0064,0.1,0.01,0.4
27.8,225,0.001,6,0.15,1,2,0.0064,0.1,0.01,0.4
27.75,225,0.001,6,0.15,1,2,0.0064,0.1,0.01,0.4
27.7,225,0.001,6,0.15,1,2,0.0064,0.1,0.01,0.4
27.65,225,0.001,6,0.15,1,2,0.0064,0.1,0.01,0.4
27.6,225,0.001,6,0.15,1,2,0.0064,0.1,0.01,0.4
27.55,225,0.001,6,0.15,1,2,0.0064,0.1,0.01,0.5
27.5,225,0.001,6,0.15,1,2,0.0064,0.1,0.01,0.5
27.45,225,0.001,6,0.15,1,2,0.0064,0.1,0.01,0.5
27.4,225,0.001,6,0.15,1,2,0.0064,0.1,0.01,0.5
27.35,225,0.001,6,0.15,1,2,0.0064,0.1,0.01,0.5
27.3,225,0.001,6,0.15,1,2,0.0064,0.1,0.01,0.5
27.25,225,0.001,6,0.15,1,2,0.0064,0.1,0.01,0.5
27.2,220,0.1,6,0.15,1,2,0.0064,0.1,0.01,0.5
27.15,220,0.001,6,0.15,1,2,0.0064,0.1,0.01,0.5
27.1,220,0.001,6,0.15,0.03,2,0.0064,0.1,0.01,0.45
27.05,220,0.001,6,0.15,0.03,2,0.0064,0.1,0.01,0.45
27,220,0.001,6,0.15,0.03,2,0.0064,0.1,0.01,0.45
26.95,219,0.02,6,0.15,0.03,2,0.0064,0.1,0.01,0.45
26.9,219,0.001,6,0.15,0.03,2,0.0064,0.1,0.01,0.45
26.85,220,0.001,6,0.15,0.03,2,0.0064,0.1,0.01,0.45
26.8,219,0.02,6,0.15,0.03,2,0.0064,0.1,0.01,0.45
26.75,219,0.001,6,0.15,0.03,2,0.0064,0.1,0.01,0.45
26.7,220,0.001,6,0.15,0.03,2,0.0064,0.1,0.01,0.45
26.65,219,0.02,6,0.15,0.03,2,0.0064,0.1,0.01,0.45
26.6,220,0.001,6,0.15,0.03,2,0.0064,0.1,0.01,0.45
26.55,219,0.02,6,0.15,0.03,2,0.0064,0.1,0.01,0.45
26.5,219,0.001,6,0.15,0.03,2,0.0064,0.1,0.01,0.45
26.45,220,0.001,6,0.15,0.03,2,0.0064,0.1,0.01,0.45
26.4,220,0.001,6,0.15,0.03,2,0.0064,0.1,0.01,0.45
26.35,220,0.001,6,0.15,0.03,2,0.0064,0.1,0.01,0.45
26.3,219,0.02,6,0.15,0.03,2,0.0064,0.1,0.01,0.45
26.25,220,0.001,6,0.15,0.03,2,0.0064,0.1,0.01,0.45
26.2,220,0.001,6,0.15,0.03,2,0.0064,0.1,0.01,0.45
26.15,220,0.001,6,0.15,0.03,2,0.0064,0.1,0.01,0.45
26.1,219,0.02,6,0.15,0.03,2,0.0064,0.1,0.01,0.45
26.05,220,0.001,6,0.15,0.03,2,0.0064,0.1,0.01,0.45
26,219,0.02,6,0.15,0.03,2,0.0064,0.1,0.01,0.45
25.95,219,0.001,6,0.15,0.03,2,0.0064,0.1,0.01,0.45
25.9,220,0.001,6,0.15,0.03,2,0.0064,0.1,0.01,0.45
25.85,219,0.02,6,0.15,0.03,2,0.0064,0.1,0.01,0.45
25.8,219,0.001,6,0.15,0.03,2,0.0064,0.1,0.01,0.45
25.75,219,0.001,6,0.15,0.03,2,0.0064,0.1,0.01,0.45
25.7,219,0.001,6,0.15,1,2,0.0064,0.1,0.01,0.5
25.65,220,0.001,6,0.15,1,2,0.0064,0.1,0.01,0.5
25.6,220,0.001,6,0.15,1,2,0.0064,0.1,0.01,0.5
25.55,219,0.02,6,0.15,1,2,0.0064,0.1,0.01,0.5
25.5,219,0.001,6,0.15,1,2,0.0064,0.1,0.01,0.5
25.45,219,0.001,6,0.15,1,2,0.0064,0.1,0.01,0.5
25.4,219,0.001,6,0.15,1,2,0.0064,0.1,0.01,0.5
25.35,219,0.001,6,0.15,1,2,0.0064,0.1,0.01,0.5
25.3,219,0.001,6,0.15,1,2,0.0064,0.1,0.01,0.5
25.25,219,0.001,6,0.15,1,2,0.0064,0.1,0.01,0.5
25.2,219,0.001,6,0.15,1,2,0.0064,0.1,0.01,0.5
25.15,219,0.001,6,0.15,1,2,0.0064,0.1,0.01,0.5
25.1,219,0.001,6,0.15,1,2,0.0064,0.1,0.01,0.5
25.05,219,0.001,6,0.15,1,2,0.0064,0.1,0.01,0.5
25,219,0.001,6,0.15,1,2,0.0064,0.1,0.01,0.5
24.95,219,0.001,6,0.15,1,2,0.0064,0.1,0.01,0.5
24.9,219,0.001,6,0.5,1,2,0.0064,0.1,0.01,0.5
24.85,219,0.001,6,0.5,1,2,0.0064,0.1,0.01,0.5
24.8,219,0.001,6,0.5,1,2,0.0064,0.1,0.01,0.5
24.75,219,0.001,6,0.5,1,2,0.0064,0.1,0.01,0.5
24.7,219,0.001,6,0.5,1,2,0.0064,0.1,0.01,0.5
24.65,219,0.001,6,0.5,1,2,0.0064,0.1,0.01,0.5
24.6,219,0.001,6,0.5,1,2,0.0064,0.1,0.01,0.5
24.55,219,0.001,6,0.5,1,2,0.0064,0.1,0.01,0.5
24.5,219,0.001,6,0.5,1,2,0.0064,0.1,0.01,0.5
24.45,219,0.001,6,0.5,1,2,0.0064,0.1,0.01,0.5
24.4,219,0.001,6,0.5,1,2,0.0064,0.1,0.01,0.5
24.35,219,0.001,6,0.5,1,2,0.0064,0.1,0.01,0.5
24.3,219,0.001,6,0.5,1,2,0.0064,0.1,0.01,0.5
24.25,219,0.001,6,0.5,1,2,0.0064,0.1,0.01,0.5
24.2,219,0.001,6,0.5,1,2,0.0064,0.1,0.01,0.5
24.15,219,0.001,6,0.5,1,2,0.0064,0.1,0.01,0.5
24.1,219,0.001,6,0.5,1,2,0.0064,0.1,0.01,0.5
24.05,215,0.08,6,0.5,1,2,0.0064,0.1,0.01,0.5
24,215,0.001,6,0.5,1,2,0.0064,0.1,0.01,0.5
23.95,215,0.001,6,0.5,1,2,0.0064,0.1,0.01,0.5
23.9,215,0.001,6,0.5,1,2,0.0064,0.1,0.01,0.5
23.85,215,0.001,6,0.5,0.035,2,0.0064,0.1,0.01,0.5
23.8,215,0.001,6,0.5,0.035,2,0.0064,0.1,0.01,0.5
23.75,215,0.001,6,0.5,0.035,2,0.0064,0.1,0.01,0.5
23.7,218,0.001,6,0.5,0.035,2,0.0064,0.1,0.01,0.5
23.65,214,0.08,6,0.5,0.035,2,0.0064,0.1,0.01,0.5
23.6,214,0.001,6,0.5,0.035,2,0.0064,0.1,0.01,0.5
23.55,214,0.001,6,0.5,0.035,2,0.0064,0.1,0.01,0.5
23.5,214,0.001,6,0.5,0.035,2,0.0064,0.1,0.01,0.5
23.45,215,0.001,6,0.15,0.035,2,0.0064,0.1,0.01,0.5
23.4,214,0.02,6,0.15,0.035,2,0.0064,0.1,0.01,0.5
23.35,214,0.001,6,0.15,0.035,2,0.0064,0.1,0.01,0.5
23.3,214,0.001,6,0.15,0.035,2,0.0064,0.1,0.01,0.5
23.25,214,0.001,6,0.15,0.035,2,0.0064,0.1,0.01,0.5
23.2,214,0.001,6,0.15,0.035,2,0.0064,0.1,0.01,0.5
23.15,214,0.001,6,0.15,0.035,2,0.0064,0.1,0.01,0.5
23.1,214,0.001,10,0.15,0.035,2,0.0064,0.1,0.01,0.5
23.05,214,0.001,10,0.15,0.035,2,0.0064,0.1,0.01,0.5
23,214,0.001,10,0.15,0.035,2,0.0064,0.1,0.01,0.5
22.95,214,0.001,10,0.15,0.035,2,0.0064,0.1,0.01,0.5
22.9,214,0.001,10,0.15,0.035,2,0.0064,0.1,0.01,0.5
22.85,214,0.001,10,0.15,0.035,2,0.0064,0.1,0.01,0.5
22.8,214,0.001,10,0.15,0.035,2,0.0064,0.1,0.01,0.5
22.75,214,0.001,10,0.15,0.035,2,0.0064,0.1,0.01,0.5
22.7,214,0.001,10,0.15,0.035,2,0.0064,0.1,0.01,0.5
22.65,214,0.001,10,0.15,0.035,2,0.0064,0.1,0.01,0.5
22.6,214,0.001,10,0.15,0.035,2,0.0064,0.1,0.01,0.5
22.55,214,0.001,10,0.15,0.035,2,0.0064,0.1,0.01,0.5
22.5,214,0.001,10,0.15,0.035,2,0.0064,0.1,0.01,0.5
22.45,214,0.001,10,0.15,0.035,2,0.0064,0.1,0.01,0.5
22.4,214,0.001,10,0.15,0.035,2,0.0064,0.1,0.01,0.5
22.35,214,0.001,10,0.15,0.035,2,0.0064,0.1,0.01,0.5
22.3,213,0.02,10,0.15,0.035,2,0.0064,0.1,0.01,0.5
22.25,213,0.001,10,0.15,0.035,2,0.0064,0.1,0.01,0.5
22.2,213,0.001,10,0.15,0.035,2,0.0064,0.1,0.01,0.5
22.15,214,0.001,10,0.15,0.035,2,0.0064,0.1,0.01,0.5
22.1,214,0.001,10,0.15,0.03,2,0.0064,0.1,0.01,0.5
22.05,213,0.02,10,0.15,0.03,2,0.0064,0.1,0.01,0.5
22,213,0.001,10,0.15,0.03,2,0.0064,0.1,0.01,0.5
21.95,213,0.001,10,0.15,0.03,2,0.0064,0.1,0.01,0.5
21.9,213,0.001,10,0.15,0.03,2,0.0064,0.1,0.01,0.5
21.85,214,0.001,10,0.15,0.03,2,0.0064,0.1,0.01,0.5
21.8,214,0.001,10,0.15,0.03,2,0.0064,0.1,0.01,0.5
21.75,213,0.02,10,0.15,0.03,2,0.0064,0.1,0.01,0.5
21.7,214,0.001,10,0.15,0.03,2,0.0064,0.1,0.01,0.5
21.65,213,0.02,10,0.15,0.03,2,0.0064,0.1,0.01,0.5
21.6,213,0.001,10,0.15,0.03,2,0.0064,0.1,0.01,0.5
21.55,213,0.001,10,0.15,0.03,2,0.0064,0.1,0.01,0.5
21.5,214,0.001,10,0.15,0.03,2,0.0064,0.1,0.01,0.5
21.45,213,0.02,10,0.15,0.03,2,0.0064,0.1,0.01,0.5
21.4,214,0.001,10,0.15,0.03,2,0.0064,0.1,0.01,0.5
21.35,213,0.02,10,0.15,0.03,2,0.0064,0.1,0.01,0.5
21.3,213,0.001,10,0.15,0.03,2,0.0064,0.1,0.01,0.5
21.25,213,0.001,10,0.15,0.03,2,0.0064,0.1,0.01,0.5
21.2,213,0.001,10,0.15,0.03,2,0.0064,0.1,0.01,0.5
21.15,214,0.001,10,0.15,0.03,2,0.0064,0.1,0.01,0.5
21.1,213,0.02,10,0.15,0.03,2,0.0064,0.1,0.01,0.5
21.05,213,0.001,10,0.15,0.03,2,0.0064,0.1,0.01,0.5
21,213,0.001,10,0.15,0.03,2,0.0064,0.1,0.01,0.5
20.95,213,0.001,10,0.15,0.03,2,0.0064,0.1,0.01,0.5
20.9,214,0.001,10,0.15,0.03,2,0.0064,0.1,0.01,0.5
20.85,213,0.02,10,0.15,1,2,0.0064,0.1,0.01,0.5
20.8,214,0.001,10,0.15,1,2,0.0064,0.1,0.01,0.5
20.75,214,0.001,10,0.15,1,2,0.0064,0.1,0.01,0.5
20.7,213,0.02,10,0.15,1,2,0.0064,0.1,0.01,0.5
20.65,214,0.001,10,0.15,1,2,0.0064,0.1,0.01,0.5
20.6,213,0.02,10,0.15,1,2,0.0064,0.1,0.01,0.5
20.55,213,0.001,10,0.15,0.04,2,0.0064,0.1,0.01,0.45
20.5,211,0.04,10,0.15,0.04,2,0.0064,0.1,0.01,0.45
20.45,210,0.02,10,0.15,0.04,2,0.0064,0.1,0.01,0.45
20.4,210,0.001,10,0.15,0.04,2,0.0064,0.1,0.01,0.45
20.35,210,0.001,10,0.15,0.04,2,0.0064,0.1,0.01,0.45
20.3,211,0.001,10,0.15,0.04,2,0.0064,0.1,0.01,0.45
20.25,210,0.02,10,0.15,0.04,2,0.0064,0.1,0.01,0.45
20.2,210,0.001,10,0.15,0.04,2,0.0064,0.1,0.01,0.45
20.15,210,0.001,10,0.15,0.04,2,0.0064,0.1,0.01,0.45
20.1,209,0.02,10,0.15,0.04,2,0.0064,0.1,0.01,0.45
20.05,210,0.001,10,0.15,0.04,2,0.0064,0.1,0.01,0.45
20,209,0.02,10,0.15,0.04,2,0.0064,0.1,0.01,0.45
19.95,213,0.001,10,0.15,0.04,2,0.0064,0.1,0.01,0.45
19.9,209,0.08,10,0.15,0.04,2,0.0064,0.1,0.01,0.45
19.85,209,0.001,10,0.15,0.04,2,0.0064,0.1,0.01,0.45
19.8,210,0.001,10,0.15,0.04,2,0.0064,0.1,0.01,0.45
19.75,210,0.001,10,0.15,0.04,2,0.0064,0.1,0.01,0.45
19.7,209,0.02,10,0.15,0.04,2,0.0064,0.1,0.01,0.45
19.65,211,0.001,10,0.15,0.04,2,0.0064,0.1,0.01,0.45
19.6,209,0.04,10,0.15,0.04,2,0.0064,0.1,0.01,0.45
19.55,209,0.001,10,0.15,0.04,2,0.0064,0.1,0.01,0.45
19.5,209,0.001,10,0.15,0.04,2,0.0064,0.1,0.01,0.45
19.45,209,0.001,10,0.15,0.04,2,0.0064,0.1,0.01,0.45
19.4,209,0.001,10,0.15,0.04,2,0.0064,0.1,0.01,0.45
19.35,210,0.001,10,0.15,0.04,2,0.0064,0.1,0.01,0.45
19.3,209,0.02,10,0.15,0.04,2,0.0064,0.1,0.01,0.45
19.25,210,0.001,10,0.15,0.04,2,0.0064,0.1,0.01,0.45
19.2,209,0.02,10,0.15,0.04,2,0.0064,0.1,0.01,0.45
19.15,210,0.001,10,0.15,0.04,2,0.0064,0.1,0.01,0.45
19.1,210,0.001,10,0.15,0.04,2,0.0064,0.1,0.01,0.45
19.05,209,0.02,10,0.15,0.04,2,0.0064,0.1,0.01,0.45
19,209,0.001,10,0.15,0.04,2,0.0064,0.1,0.01,0.45
18.95,209,0.001,10,0.15,0.04,2,0.0064,0.1,0.01,0.45
18.9,209,0.001,10,0.15,0.04,2,0.0064,0.1,0.01,0.45
18.85,209,0.001,10,0.15,0.04,2,0.0064,0.1,0.01,0.45
18.8,209,0.001,10,0.15,0.04,2,0.0064,0.1,0.01,0.45
18.75,209,0.001,10,0.15,0.04,2,0.0064,0.1,0.01,0.45
18.7,209,0.001,10,0.15,0.04,2,0.0064,0.1,0.01,0.45
18.65,209,0.001,10,0.15,0.04,2,0.0064,0.1,0.01,0.45
18.6,209,0.001,10,0.15,0.04,2,0.0064,0.1,0.01,0.45
18.55,209,0.001,10,0.15,0.04,2,0.0064,0.1,0.01,0.45
18.5,209,0.001,10,0.15,0.04,2,0.0064,0.1,0.01,0.45
18.45,209,0.001,10,0.15,0.04,2,0.0064,0.1,0.01,0.45
18.4,209,0.001,10,0.15,0.04,2,0.0064,0.1,0.01,0.45
18.35,209,0.001,10,0.15,0.04,2,0.0064,0.1,0.01,0.45
18.3,209,0.001,10,0.15,0.04,2,0.0064,0.1,0.01,0.45
18.25,209,0.001,10,0.15,0.04,2,0.0064,0.1,0.01,0.45
18.2,209,0.001,10,0.15,0.04,2,0.0064,0.1,0.01,0.45
18.15,209,0.001,10,0.15,0.04,2,0.0064,0.1,0.01,0.45
18.1,209,0.001,10,0.15,0.04,2,0.0064,0.1,0.01,0.45
18.05,209,0.001,10,0.15,0.04,2,0.0064,0.1,0.01,0.45
18,209,0.001,10,0.15,0.04,2,0.0064,0.1,0.01,0.45
17.95,209,0.001,10,0.15,0.04,2,0.0064,0.1,0.01,0.45
17.9,209,0.001,10,0.15,0.04,2,0.0064,0.1,0.01,0.45
17.85,209,0.001,10,0.15,0.04,2,0.0064,0.1,0.01,0.45
17.8,209,0.001,10,0.15,0.04,2,0.0064,0.1,0.01,0.45
17.75,209,0.001,10,0.15,0.04,2,0.0064,0.1,0.01,0.45
17.7,209,0.001,10,0.15,0.04,2,0.0064,0.1,0.01,0.45
17.65,210,0.001,10,0.15,0.04,2,0.0064,0.1,0.01,0.45
17.6,209,0.02,10,0.15,0.04,2,0.0064,0.1,0.01,0.45
17.55,209,0.001,10,0.15,1,2,0.0064,0.1,0.01,0.5
17.5,209,0.001,5,0.15,1,2,0.0064,0.1,0.01,0.5
17.45,209,0.001,5,0.15,1,2,0.0064,0.1,0.01,0.5
17.4,209,0.001,5,0.15,1,2,0.0064,0.1,0.01,0.5
17.35,209,0.001,5,0.15,1,2,0.0064,0.1,0.01,0.5
17.3,205,0.08,5,0.15,0.02,2,0.0064,0.1,0.01,0.35
17.25,205,0.001,5,0.15,0.02,2,0.0064,0.1,0.01,0.35
17.2,205,0.001,5,0.15,0.02,2,0.0064,0.1,0.01,0.35
17.15,205,0.001,5,0.15,0.02,2,0.0064,0.1,0.01,0.35
17.1,205,0.001,5,0.15,0.02,2,0.0064,0.1,0.01,0.35
17.05,205,0.001,5,0.15,0.02,2,0.0064,0.1,0.01,0.35
17,205,0.001,5,0.15,0.02,2,0.0064,0.1,0.01,0.35
16.95,205,0.001,5,0.15,0.02,2,0.0064,0.1,0.01,0.35
16.9,205,0.001,5,0.15,0.02,2,0.0064,0.1,0.01,0.35
16.85,205,0.001,5,0.15,0.02,2,0.0064,0.1,0.01,0.35
16.8,205,0.001,5,0.15,0.02,2,0.0064,0.1,0.01,0.35
16.75,204,0.02,5,0.15,0.02,2,0.0064,0.1,0.01,0.35
16.7,205,0.001,5,0.15,0.02,2,0.0064,0.1,0.01,0.35
16.65,204,0.02,5,0.15,0.02,2,0.0064,0.1,0.01,0.35
16.6,204,0.001,5,0.15,0.02,2,0.0064,0.1,0.01,0.35
16.55,204,0.001,5,0.15,0.02,2,0.0064,0.1,0.01,0.35
16.5,204,0.001,5,0.15,0.02,2,0.0064,0.1,0.01,0.35
16.45,204,0.001,5,0.15,0.02,2,0.0064,0.1,0.01,0.35
16.4,204,0.001,5,0.15,0.02,2,0.0064,0.1,0.01,0.35
16.35,204,0.001,5,0.15,0.02,2,0.0064,0.1,0.01,0.35
16.3,204,0.001,5,0.15,0.02,2,0.0064,0.1,0.01,0.35
16.25,204,0.001,5,0.15,0.02,2,0.0064,0.1,0.01,0.35
16.2,204,0.001,5,0.15,0.02,2,0.0064,0.1,0.01,0.35
16.15,204,0.001,5,0.15,0.02,2,0.0064,0.1,0.01,0.35
16.1,204,0.001,5,0.15,0.02,2,0.0064,0.1,0.01,0.35
16.05,204,0.001,5,0.15,0.02,2,0.0064,0.1,0.01,0.35
16,204,0.001,5,0.15,0.02,2,0.0064,0.1,0.01,0.35
15.95,204,0.001,5,0.15,0.02,2,0.0064,0.1,0.01,0.35
15.9,204,0.001,5,0.15,0.02,2,0.0064,0.1,0.01,0.35
15.85,203,0.02,5,0.15,0.02,2,0.0064,0.1,0.01,0.35
15.8,203,0.001,5,0.15,0.02,2,0.0064,0.1,0.01,0.35
15.75,203,0.001,5,0.15,0.02,2,0.0064,0.1,0.01,0.35
15.7,203,0.001,5,0.15,0.02,2,0.0064,0.1,0.01,0.35
15.65,204,0.001,8,0.15,0.02,2,0.0064,0.1,0.01,0.35
15.6,203,0.02,8,0.15,0.02,2,0.0064,0.1,0.01,0.35
15.55,203,0.001,8,0.15,0.02,2,0.0064,0.1,0.01,0.35
15.5,203,0.001,8,0.15,0.02,2,0.0064,0.1,0.01,0.35
15.45,204,0.001,8,0.15,0.02,2,0.0064,0.1,0.01,0.35
15.4,203,0.02,8,0.15,0.02,2,0.0064,0.1,0.01,0.35
15.35,203,0.001,8,0.15,0.02,2,0.0064,0.1,0.01,0.35
15.3,203,0.001,8,0.15,0.02,2,0.0064,0.1,0.01,0.35
15.25,203,0.001,8,0.15,0.02,2,0.0064,0.1,0.01,0.35
15.2,203,0.001,8,0.15,0.02,2,0.0064,0.1,0.01,0.35
15.15,203,0.001,8,0.15,0.02,2,0.0064,0.1,0.01,0.35
15.1,203,0.001,8,0.15,0.02,2,0.0064,0.1,0.01,0.35
15.05,202,0.02,8,0.15,0.02,2,0.0064,0.1,0.01,0.35
15,203,0.001,8,0.15,0.02,2,0.0064,0.1,0.01,0.35
14.95,202,0.02,8,0.15,0.02,2,0.0064,0.1,0.01,0.35
14.9,202,0.001,8,0.15,0.02,2,0.0064,0.1,0.01,0.35
14.85,202,0.001,8,0.15,0.02,2,0.0064,0.1,0.01,0.35
14.8,202,0.001,8,0.15,0.02,2,0.0064,0.1,0.01,0.35
14.75,202,0.001,8,0.15,0.02,2,0.0064,0.1,0.01,0.35
14.7,202,0.001,8,0.15,0.02,2,0.0064,0.1,0.01,0.35
14.65,202,0.001,8,0.15,0.02,2,0.0064,0.1,0.01,0.35
14.6,202,0.001,8,0.15,0.02,2,0.0064,0.1,0.01,0.35
14.55,203,0.001,8,0.15,0.02,2,0.0064,0.1,0.01,0.35
14.5,202,0.02,8,0.15,0.02,2,0.0064,0.1,0.01,0.35
14.45,202,0.001,8,0.15,0.02,2,0.0064,0.1,0.01,0.35
14.4,202,0.001,8,0.15,0.02,2,0.0064,0.1,0.01,0.35
14.35,202,0.001,8,0.15,0.02,2,0.0064,0.1,0.01,0.35
14.3,203,0.001,8,0.15,0.02,2,0.0064,0.1,0.01,0.35
14.25,202,0.02,8,0.15,0.02,2,0.0064,0.1,0.01,0.35
14.2,202,0.001,8,0.15,0.02,2,0.0064,0.1,0.01,0.35
14.15,202,0.001,8,0.15,0.02,2,0.0064,0.1,0.01,0.35
14.1,201,0.02,8,0.15,0.02,2,0.0064,0.1,0.01,0.35
14.05,201,0.001,8,0.15,0.02,2,0.0064,0.1,0.01,0.35
14,201,0.001,8,0.15,0.02,2,0.0064,0.1,0.01,0.35
13.95,201,0.001,8,0.15,0.02,2,0.0064,0.1,0.01,0.35
13.9,201,0.001,8,0.15,0.02,2,0.0064,0.1,0.01,0.35
13.85,201,0.001,8,0.15,0.02,2,0.0064,0.1,0.01,0.35
13.8,201,0.001,8,0.15,0.02,2,0.0064,0.1,0.01,0.35
13.75,201,0.001,8,0.15,0.02,2,0.0064,0.1,0.01,0.35
13.7,201,0.001,8,0.15,0.02,2,0.0064,0.1,0.01,0.35
13.65,201,0.001,8,0.15,0.02,2,0.0064,0.1,0.01,0.35
13.6,201,0.001,8,0.15,0.02,2,0.0064,0.1,0.01,0.35
13.55,200,0.02,8,0.15,0.02,2,0.0064,0.1,0.01,0.35
13.5,200,0.001,8,0.15,0.02,2,0.0064,0.1,0.01,0.35
13.45,200,0.001,8,0.15,0.02,2,0.0064,0.1,0.01,0.35
13.4,200,0.001,8,0.15,0.02,2,0.0064,0.1,0.01,0.35
13.35,200,0.001,8,0.15,0.02,2,0.0064,0.1,0.01,0.35
13.3,200,0.001,8,0.15,0.02,2,0.0064,0.1,0.01,0.35
13.25,200,0.001,8,0.15,0.02,2,0.0064,0.1,0.01,0.35
13.2,200,0.001,8,0.15,0.02,2,0.0064,0.1,0.01,0.35
13.15,200,0.001,8,0.15,0.02,2,0.0064,0.1,0.01,0.35
13.1,200,0.001,8,0.15,0.02,2,0.0064,0.1,0.01,0.35
13.05,200,0.001,8,0.15,0.02,2,0.0064,0.1,0.01,0.35
13,200,0.001,8,0.15,0.02,2,0.0064,0.1,0.01,0.35
12.95,200,0.001,8,0.15,0.02,2,0.0064,0.1,0.01,0.35
12.9,200,0.001,8,0.15,0.02,2,0.0064,0.1,0.01,0.35
12.85,199,0.02,8,0.15,0.02,2,0.0064,0.1,0.01,0.35
12.8,199,0.001,8,0.15,0.02,2,0.0064,0.1,0.01,0.35
12.75,199,0.001,8,0.15,0.02,2,0.0064,0.1,0.01,0.35
12.7,199,0.001,8,0.15,0.02,2,0.0064,0.1,0.01,0.35
12.65,199,0.001,8,0.15,0.02,2,0.0064,0.1,0.01,0.35
12.6,199,0.001,8,0.15,0.02,2,0.0064,0.1,0.01,0.35
12.55,199,0.001,8,0.15,0.02,2,0.0064,0.1,0.01,0.35
12.5,199,0.001,6,0.15,0.02,2,0.0064,0.1,0.01,0.35
12.45,199,0.001,6,0.15,0.02,2,0.0064,0.1,0.01,0.35
12.4,199,0.001,6,0.15,0.02,2,0.0064,0.1,0.01,0.35
12.35,199,0.001,6,0.15,0.02,2,0.0064,0.1,0.01,0.35
12.3,199,0.001,1.5,0.15,0.02,2,0.0064,0.1,0.01,0.35
12.25,199,0.001,1.5,0.15,0.02,2,0.0064,0.1,0.01,0.35
12.2,199,0.001,1.5,0.15,0.02,2,0.0064,0.1,0.01,0.35
12.15,199,0.001,1.5,0.15,0.02,2,0.0064,0.1,0.01,0.35
12.1,199,0.001,1.5,0.15,0.02,2,0.0064,0.1,0.01,0.35
12.05,199,0.001,1.5,0.15,0.02,2,0.0064,0.1,0.01,0.35
12,198,0.02,1.5,0.15,0.02,2,0.0064,0.1,0.01,0.35
11.95,198,0.001,1.5,0.15,0.02,2,0.0064,0.1,0.01,0.35
11.9,198,0.001,1.5,0.15,0.02,2,0.0064,0.1,0.01,0.35
11.85,198,0.001,1.5,0.15,0.02,2,0.0064,0.1,0.01,0.35
11.8,198,0.001,1.5,0.15,0.02,2,0.0064,0.1,0.01,0.35
11.75,198,0.001,1.5,0.15,0.02,2,0.0064,0.1,0.01,0.35
11.7,198,0.001,1.5,0.15,0.02,2,0.0064,0.1,0.01,0.35
11.65,198,0.001,1.5,0.15,0.02,2,0.0064,0.1,0.01,0.35
11.6,198,0.001,1.5,0.15,0.02,2,0.0064,0.1,0.01,0.35
11.55,197,0.02,1.5,0.15,0.02,2,0.0064,0.1,0.01,0.35
11.5,198,0.001,1.5,0.15,0.02,2,0.0064,0.1,0.01,0.35
11.45,198,0.001,1.5,0.15,0.02,2,0.0064,0.1,0.01,0.35
11.4,197,0.02,1.5,0.15,0.02,2,0.0064,0.1,0.01,0.35
11.35,197,0.001,1.5,0.15,0.02,2,0.0064,0.1,0.01,0.35
11.3,197,0.001,1.5,0.15,0.02,2,0.0064,0.1,0.01,0.35
11.25,197,0.001,1.5,0.15,0.02,2,0.0064,0.1,0.01,0.35
11.2,197,0.001,1.5,0.15,0.02,2,0.0064,0.1,0.01,0.35
11.15,197,0.001,1.5,0.15,0.02,2,0.0064,0.1,0.01,0.35
11.1,197,0.001,1.5,0.15,0.02,2,0.0064,0.1,0.01,0.35
11.05,197,0.001,1.5,0.15,0.02,2,0.0064,0.1,0.01,0.35
11,197,0.001,1.5,0.15,0.02,2,0.0064,0.1,0.01,0.35
10.95,197,0.001,1.5,0.15,0.02,2,0.0064,0.1,0.01,0.35
10.9,197,0.001,1.5,0.15,0.02,2,0.0064,0.1,0.01,0.35
10.85,197,0.001,1.5,0.15,0.02,2,0.0064,0.1,0.01,0.35
10.8,197,0.001,1.5,0.15,0.02,2,0.0064,0.1,0.01,0.35
10.75,197,0.001,1.5,0.15,0.02,2,0.0064,0.1,0.01,0.35
10.7,197,0.001,1.5,0.15,0.02,2,0.0064,0.1,0.01,0.35
10.65,197,0.001,1.5,0.15,0.02,2,0.0064,0.1,0.01,0.35
10.6,197,0.001,1.5,0.15,0.02,2,0.0064,0.1,0.01,0.35
10.55,197,0.001,1.5,0.15,0.02,2,0.0064,0.1,0.01,0.35
10.5,197,0.001,1.5,0.15,0.02,2,0.0064,0.1,0.01,0.35
10.45,197,0.001,1.5,0.15,0.02,2,0.0064,0.1,0.01,0.35
10.4,197,0.001,1.5,0.15,0.02,2,0.0064,0.1,0.01,0.35
10.35,197,0.001,1.5,0.15,0.02,2,0.0064,0.1,0.01,0.35
10.3,197,0.001,1.5,0.15,0.02,2,0.0064,0.1,0.01,0.35
10.25,197,0.001,1.5,0.15,0.02,2,0.0064,0.1,0.01,0.35
10.2,197,0.001,1.5,0.15,0.02,2,0.0064,0.1,0.01,0.35
10.15,197,0.001,1.5,0.15,0.02,2,0.0064,0.1,0.01,0.35
10.1,197,0.001,1.5,0.15,0.02,2,0.0064,0.1,0.01,0.35
10.05,197,0.001,1.5,0.15,0.02,2,0.0064,0.1,0.01,0.35
10,197,0.001,1.5,0.15,0.02,2,0.0064,0.1,0.01,0.35
9.95,197,0.001,1.5,0.15,0.02,2,0.0064,0.1,0.01,0.35
9.9,197,0.001,1.5,0.15,0.02,2,0.0064,0.1,0.01,0.35
9.85,197,0.001,1.5,0.15,0.02,2,0.0064,0.1,0.01,0.35
9.8,196,0.02,1.5,0.15,0.02,2,0.0064,0.1,0.01,0.35
9.75,196,0.001,1.5,0.15,0.02,2,0.0064,0.1,0.01,0.35
9.7,197,0.001,1.5,0.15,0.02,2,0.0064,0.1,0.01,0.35
9.65,196,0.02,1.5,0.15,0.02,2,0.0064,0.1,0.01,0.35
9.6,196,0.001,1.5,0.15,0.02,2,0.0064,0.1,0.01,0.35
9.55,196,0.001,1.5,0.15,0.02,2,0.0064,0.1,0.01,0.35
9.5,197,0.001,1.5,0.15,0.02,2,0.0064,0.1,0.01,0.35
9.45,196,0.02,1.5,0.15,0.02,2,0.0064,0.1,0.01,0.35
9.4,196,0.001,1.5,0.15,0.02,2,0.0064,0.1,0.01,0.35
9.35,196,0.001,1.5,0.15,0.02,2,0.0064,0.1,0.01,0.35
9.3,196,0.001,1.5,0.15,0.02,2,0.0064,0.1,0.01,0.35
9.25,196,0.001,1.5,0.15,0.02,2,0.0064,0.1,0.01,0.35
9.2,196,0.001,1.5,0.15,0.02,2,0.0064,0.1,0.01,0.35
9.15,196,0.001,1.5,0.15,0.02,2,0.0064,0.1,0.01,0.35
9.1,195,0.02,1.5,0.15,0.02,2,0.0064,0.1,0.01,0.35
9.05,195,0.001,1.5,0.15,0.02,2,0.0064,0.1,0.01,0.35
9,195,0.001,1.5,0.15,0.02,2,0.0064,0.1,0.01,0.35
8.95,195,0.001,1.5,0.15,0.02,2,0.0064,0.1,0.01,0.35
8.9,195,0.001,1.5,0.15,0.02,2,0.0064,0.1,0.01,0.35
8.85,195,0.001,1.5,0.15,0.02,2,0.0064,0.1,0.01,0.35
8.8,195,0.001,1.5,0.15,0.02,2,0.0064,0.1,0.01,0.35
8.75,195,0.001,1.5,0.15,0.02,2,0.0064,0.1,0.01,0.35
8.7,195,0.001,1.5,0.15,0.02,2,0.0064,0.1,0.01,0.35
8.65,195,0.001,1.5,0.15,0.02,2,0.0064,0.1,0.01,0.35
8.6,195,0.001,1.5,0.15,0.02,2,0.0064,0.1,0.01,0.35
8.55,196,0.001,1.5,0.15,0.02,2,0.0064,0.1,0.01,0.35
8.5,195,0.02,1.5,0.15,0.02,2,0.0064,0.1,0.01,0.35
8.45,195,0.001,1.5,0.15,0.02,2,0.0064,0.1,0.01,0.35
8.4,194,0.02,1.5,0.15,0.02,2,0.0064,0.1,0.01,0.35
8.35,194,0.001,1.5,0.15,0.02,2,0.0064,0.1,0.01,0.35
8.3,195,0.001,1.5,0.15,0.02,2,0.0064,0.1,0.01,0.35
8.25,194,0.02,1.5,0.15,0.02,2,0.0064,0.1,0.01,0.35
8.2,194,0.001,1.5,0.15,0.02,2,0.0064,0.1,0.01,0.35
8.15,194,0.001,1.5,0.15,0.02,2,0.0064,0.1,0.01,0.35
8.1,194,0.001,1.5,0.15,0.02,2,0.0064,0.1,0.01,0.35
8.05,195,0.001,1.5,0.15,0.02,2,0.0064,0.1,0.01,0.35
8,195,0.02,1.5,0.15,0.02,2,0.0064,0.1,0.01,0.35
7.95,194,0.001,1.5,0.15,0.02,2,0.0064,0.1,0.01,0.35
7.9,194,0.001,1.5,0.15,0.02,2,0.0064,0.1,0.01,0.35
7.85,194,0.001,1.5,0.15,0.02,2,0.0064,0.1,0.01,0.35
7.8,194,0.001,1.5,0.15,0.02,2,0.0064,0.1,0.01,0.35
7.75,195,0.001,1.5,0.15,0.02,2,0.0064,0.1,0.01,0.35
7.7,195,0.001,1.5,0.15,0.02,2,0.0064,0.1,0.01,0.35
7.65,193,0.04,1.5,0.15,0.02,2,0.0064,0.1,0.01,0.35
7.6,193,0.001,1.5,0.15,0.02,2,0.0064,0.1,0.01,0.35
7.55,194,0.001,1.5,0.15,0.02,2,0.0064,0.1,0.01,0.35
7.5,194,0.001,1.5,0.15,0.02,2,0.0064,0.1,0.01,0.35
