DateTime,GloRad (W/m2),Wind Speed (m/s),Relative Humidity (0 - 0.99),Air Temp (*C)
07/01/2013 0:00,0,0.65999975,0.884653,10.153
07/01/2013 1:00,0.100063365,0.61138775,0.845031,10.905
07/01/2013 2:00,0,0.92923475,0.875292,10.129
07/01/2013 3:00,0.100063365,1.00402225,0.874478,9.788
07/01/2013 4:00,1.9012035,0.459943,0.977064,8.071
07/01/2013 5:00,45.52882021,0.8881015,0.964843,8.539
07/01/2013 6:00,247.1564379,1.217831378,0.828531,11.871
07/01/2013 7:00,411.9607922,0.339650804,0.681681,14.434
07/01/2013 8:00,577.7657331,0.438851091,0.644017,16.268
07/01/2013 9:00,759.5808294,1.04452803,0.634535,17.171
07/01/2013 10:00,314.0988036,0.803056418,0.647108,17.1
07/01/2013 11:00,381.5415054,0.91845823,0.604725,18.313
07/01/2013 12:00,454.787866,0.751605073,0.568744,18.884
07/01/2013 13:00,769.1868884,0.82585608,0.557612,20.434
07/01/2013 14:00,631.4997569,0.699797851,0.587719,20.291
07/01/2013 15:00,566.358447,0.567058013,0.51205,22.062
07/01/2013 16:00,331.7099832,0.34028325,0.575773,20.792
07/01/2013 17:00,381.7416227,0.7142205,0.554257,20.984
07/01/2013 18:00,250.3584861,0.871402881,0.546997,21.247
07/01/2013 19:00,108.3686184,0.734808658,0.614438,19.909
07/01/2013 20:00,3.602280271,0.001869688,0.811371,17.385
07/01/2013 21:00,0,0,0.895961,16.078
07/01/2013 22:00,0,0,0.965305,13.311
07/01/2013 23:00,0.100063365,0.3683285,0.99,12.135
07/02/2013 0:00,0,0.38702525,0.99,11.413
07/02/2013 1:00,0.100063365,0,0.99,10.153
07/02/2013 2:00,0,0,0.99,9.885
07/02/2013 3:00,0.100063365,0,0.99,9.3
07/02/2013 4:00,1.801139707,0,0.99,8.81
07/02/2013 5:00,40.72578213,0,0.99,8.981
07/02/2013 6:00,228.9449064,0.185099075,0.99,11.581
07/02/2013 7:00,396.751106,0.0467422,0.861498,15.244
07/02/2013 8:00,559.1538813,0.785647061,0.752598,17.861
07/02/2013 9:00,698.8423572,1.209086645,0.726011,19.909
07/02/2013 10:00,804.7093807,2.285731674,0.648329,21.534
07/02/2013 11:00,884.960361,1.517754442,0.613239,22.76
07/02/2013 12:00,896.3671333,1.695312749,0.556853,23.702
07/02/2013 13:00,884.3600947,1.471587775,0.557315,24.26
07/02/2013 14:00,826.7233124,1.857597205,0.490215,25.699
07/02/2013 15:00,122.7777497,0.52581772,0.538351,24.26
07/02/2013 16:00,129.6820966,0.378735239,0.727408,22.014
07/02/2013 17:00,122.0772963,0.31784675,0.779174,21.702
07/02/2013 18:00,92.85879897,0,0.859881,21.319
07/02/2013 19:00,54.03419979,0,0.866712,20.864
07/02/2013 20:00,3.001900083,0,0.954162,17.576
07/02/2013 21:00,0,0.001869688,0.99,15.887
07/02/2013 22:00,0,0,0.99,14.649
07/02/2013 23:00,0.100063365,0.412976683,0.99,14.028
07/03/2013 0:00,0.100063365,0,0.99,12.976
07/03/2013 1:00,0,0.179499738,0.99,12.592
07/03/2013 2:00,0,0.034475334,0.99,11.943
07/03/2013 3:00,0,0,0.99,11.219
07/03/2013 4:00,1.100696583,0.001869688,0.99,10.542
07/03/2013 5:00,38.62444762,0,0.99,10.372
07/03/2013 6:00,226.8435462,0,0.99,12.904
07/03/2013 7:00,397.4515594,0.145835625,0.929654,16.815
07/03/2013 8:00,547.1463289,0.73960499,0.783552,19.599
07/03/2013 9:00,419.0652564,0.714230466,0.747978,20.434
07/03/2013 10:00,598.5788752,1.385901288,0.68057,22.062
07/03/2013 11:00,729.2615584,2.59877758,0.59136,23.968
07/03/2013 12:00,648.2102801,1.82389525,0.575971,24.357
07/03/2013 13:00,888.5628151,2.335244997,0.564091,25.773
07/03/2013 14:00,802.0076686,1.919845106,0.541915,25.528
07/03/2013 15:00,699.142576,1.893805306,0.483065,25.724
07/03/2013 16:00,551.0488305,2.200462361,0.40656,26.092
07/03/2013 17:00,236.6498082,1.742614862,0.450472,25.308
07/03/2013 18:00,99.86324734,0.417677417,0.534633,23.872
07/03/2013 19:00,49.73148067,0.35711025,0.685047,21.942
07/03/2013 20:00,2.601646625,0.0467422,0.777854,19.337
07/03/2013 21:00,0,0,0.91421,16.696
07/03/2013 22:00,0,0,0.963644,15.03
07/03/2013 23:00,0.100063365,0.185099075,0.986183,14.434
07/04/2013 0:00,0,0,0.991056,14.506
07/04/2013 1:00,0,0.59082125,0.968077,14.696
07/04/2013 2:00,0,0.58708175,0.969188,15.006
07/04/2013 3:00,0,0.001869688,0.953942,15.292
07/04/2013 4:00,1.400887105,0,0.989197,14.792
07/04/2013 5:00,42.42685634,0,0.99,14.41
07/04/2013 6:00,217.7378233,0.170141575,0.949619,16.743
07/04/2013 7:00,338.2140955,1.149299747,0.779779,20.267
07/04/2013 8:00,547.7466808,1.669735682,0.664301,22.375
07/04/2013 9:00,692.4382607,1.57160771,0.613492,23.339
07/04/2013 10:00,389.346423,0.495308415,0.634623,22.664
07/04/2013 11:00,440.4788361,0.155858386,0.596387,24.527
07/04/2013 12:00,358.1266669,0.4874008,0.577896,24.478
07/04/2013 13:00,769.587123,1.315304853,0.636405,25.381
07/04/2013 14:00,356.7257601,1.103274187,0.635569,24.673
07/04/2013 15:00,170.3077944,1.288517221,0.627286,24.43
07/04/2013 16:00,434.6750916,1.022575503,0.596992,25.136
07/04/2013 17:00,395.650418,1.962535188,0.587972,24.917
07/04/2013 18:00,204.1292468,1.931578253,0.615582,24.211
07/04/2013 19:00,57.63648263,0.198583338,0.643346,23.194
07/04/2013 20:00,3.902469937,1.06011275,0.74866,19.956
07/04/2013 21:00,0,0.108441875,0.849431,18.099
07/04/2013 22:00,0,0.27110475,0.911647,16.767
07/04/2013 23:00,0,0,0.931172,15.744
07/05/2013 0:00,0,0.005609063,0.957022,15.221
07/05/2013 1:00,0.100063365,0.7273085,0.982905,14.195
07/05/2013 2:00,0,0.75909325,0.980925,14.219
07/05/2013 3:00,0,0.170141575,0.961994,15.078
07/05/2013 4:00,0.80050666,0.248668425,0.99,13.167
07/05/2013 5:00,27.01710417,0,0.99,13.598
07/05/2013 6:00,226.543413,0.335675362,0.868461,19.051
07/05/2013 7:00,137.4870142,1.284805825,0.730576,20.744
07/05/2013 8:00,180.3141737,2.473195156,0.734327,20.816
07/05/2013 9:00,692.0380261,2.700380665,0.614933,23.17
07/05/2013 10:00,797.2045963,2.64326812,0.578171,23.968
07/05/2013 11:00,870.2508396,2.153576441,0.546194,24.819
07/05/2013 12:00,941.1961509,3.127309261,0.493724,25.65
07/05/2013 13:00,680.830943,4.054692345,0.494747,25.332
07/05/2013 14:00,801.8074656,2.875766894,0.51282,25.773
07/05/2013 15:00,674.3268307,2.609754302,0.499708,26.387
07/05/2013 16:00,446.4826123,2.752592078,0.546359,25.185
07/05/2013 17:00,404.4560077,1.840514475,0.581075,24.503
07/05/2013 18:00,255.5617931,3.078759709,0.57156,23.968
07/05/2013 19:00,63.84041038,1.520396236,0.614229,22.519
07/05/2013 20:00,2.601646625,1.071396254,0.690756,21.223
07/05/2013 21:00,0.100063365,1.589504828,0.718707,20.912
07/05/2013 22:00,0,2.729773401,0.717233,20.482
07/05/2013 23:00,0,1.251569744,0.764016,19.837
07/06/2013 0:00,0,0.865534061,0.793518,19.456
07/06/2013 1:00,0.100063365,1.47103049,0.800525,19.289
07/06/2013 2:00,0.100063365,0.3514465,0.822019,18.789
07/06/2013 3:00,0.100063365,0.587129562,0.845746,18.408
07/06/2013 4:00,0.400253373,1.5803018,0.838695,18.622
07/06/2013 5:00,5.503483771,0.848222247,0.834548,18.598
07/06/2013 6:00,44.12793054,2.48319077,0.838948,18.598
07/06/2013 7:00,72.04560542,1.423573833,0.953249,17.338
07/06/2013 8:00,97.46166836,0.998017409,0.969914,17.195
07/06/2013 9:00,427.9709477,1.047634259,0.888481,19.503
07/06/2013 10:00,878.3557191,2.753059767,0.772255,22.134
07/06/2013 11:00,901.2703071,2.513870549,0.715583,23.122
07/06/2013 12:00,736.8664443,1.737938562,0.701107,23.049
07/06/2013 13:00,422.3673205,1.856412393,0.723162,23.267
07/06/2013 14:00,785.3971612,2.538502091,0.654049,24.284
07/06/2013 15:00,670.7245479,3.24198066,0.616627,24.649
07/06/2013 16:00,528.234344,3.444758168,0.618288,24.819
07/06/2013 17:00,389.346423,2.549980213,0.608806,24.503
07/06/2013 18:00,224.6421702,2.393998156,0.619421,23.823
07/06/2013 19:00,80.45092634,1.107789449,0.683837,22.76
07/06/2013 20:00,3.902469937,0.384996714,0.76186,21.343
07/06/2013 21:00,0.100063365,0.931421507,0.829862,20.195
07/06/2013 22:00,0,0.604866185,0.83545,19.575
07/06/2013 23:00,0.100063365,1.130664897,0.831182,19.503
07/07/2013 0:00,0,0.738242444,0.833393,19.217
07/07/2013 1:00,0,1.706124616,0.824648,19.265
07/07/2013 2:00,0,1.961158703,0.829026,19.098
07/07/2013 3:00,0,1.351482758,0.879032,18.123
07/07/2013 4:00,1.100696583,0.474152895,0.908776,17.457
07/07/2013 5:00,29.81887496,0.169966832,0.903947,17.481
07/07/2013 6:00,192.9221636,0.254421821,0.870342,18.789
07/07/2013 7:00,382.4420761,1.012806336,0.804408,20.362
07/07/2013 8:00,542.7435768,2.096793534,0.750816,21.702
07/07/2013 9:00,658.5168782,2.519030411,0.731775,22.567
07/07/2013 10:00,775.891118,2.431741773,0.699039,23.75
07/07/2013 11:00,858.3431318,2.453725334,0.653279,24.43
07/07/2013 12:00,703.4452266,2.512262567,0.632181,24.697
07/07/2013 13:00,832.82719,2.712623099,0.643038,25.039
07/07/2013 14:00,787.1983026,3.76995784,0.616924,25.259
07/07/2013 15:00,618.7916655,3.161097838,0.588027,25.405
07/07/2013 16:00,500.1165347,2.485041915,0.594297,25.185
07/07/2013 17:00,207.6314281,1.56253655,0.643203,24.527
07/07/2013 18:00,222.9411302,2.751447675,0.636339,23.896
07/07/2013 19:00,65.24130005,2.554780343,0.653631,23.049
07/07/2013 20:00,4.00253373,0.694721695,0.694925,21.678
07/07/2013 21:00,0,0.114708033,0.758516,20.004
07/07/2013 22:00,0.100063365,0.187761696,0.755953,19.694
07/07/2013 23:00,0,0.108908282,0.779911,18.932
07/08/2013 0:00,0.100063365,0.080396575,0.774433,18.456
07/08/2013 1:00,0.100063365,0.452920067,0.779196,18.123
07/08/2013 2:00,0,0.460493891,0.772673,17.599
07/08/2013 3:00,0.100063365,0.428611303,0.758373,17.362
07/08/2013 4:00,2.10133023,0.37956492,0.758901,17.148
07/08/2013 5:00,44.52818228,0.701362249,0.76043,17.267
07/08/2013 6:00,208.8322176,0.721227017,0.741983,18.551
07/08/2013 7:00,381.8417242,1.311134828,0.652773,20.386
07/08/2013 8:00,533.7378697,1.423952146,0.578908,21.942
07/08/2013 9:00,675.9278548,2.348339409,0.562694,22.929
07/08/2013 10:00,781.4946596,3.04084624,0.544632,23.484
07/08/2013 11:00,857.6426784,2.891486661,0.523908,24.017
07/08/2013 12:00,861.2451325,2.608251582,0.501699,24.649
07/08/2013 13:00,848.5371267,2.859411186,0.492932,25.039
07/08/2013 14:00,778.9930647,2.722429363,0.477477,25.283
07/08/2013 15:00,672.7258066,2.460398053,0.488213,25.259
07/08/2013 16:00,533.937987,2.355758765,0.502733,25.161
07/08/2013 17:00,376.238097,2.565442923,0.519101,24.381
07/08/2013 18:00,213.0348524,2.608703486,0.543851,23.436
07/08/2013 19:00,68.94364155,1.500758346,0.584529,22.231
07/08/2013 20:00,3.502216478,0.158923425,0.658702,20.314
07/08/2013 21:00,0,0,0.774147,17.695
07/08/2013 22:00,0,0,0.930094,15.554
07/08/2013 23:00,0,0,0.935528,14.506
07/09/2013 0:00,0,0.6319545,0.854986,15.768
07/09/2013 1:00,0,1.065722,0.8833,15.125
07/09/2013 2:00,0,0.58147275,0.901659,14.792
07/09/2013 3:00,0,0.2112747,0.926431,13.861
07/09/2013 4:00,0.700443381,0.733384773,0.904079,14.052
07/09/2013 5:00,27.81760767,1.03393725,0.892309,14.315
07/09/2013 6:00,196.9246811,0,0.90904,15.578
07/09/2013 7:00,376.238097,0.25240775,0.760507,18.099
07/09/2013 8:00,541.6428888,0.360389293,0.646965,21.127
07/09/2013 9:00,680.4307084,0.427946167,0.669867,22.664
07/09/2013 10:00,785.3971612,0.761706529,0.593692,23.242
07/09/2013 11:00,901.5708684,0.858103054,0.594011,24.333
07/09/2013 12:00,967.1120704,1.302344351,0.552937,25.112
07/09/2013 13:00,903.8717465,0.773085887,0.533566,25.626
07/09/2013 14:00,820.3192159,1.023539114,0.50831,25.871
07/09/2013 15:00,737.1666631,0.4038914,0.469975,26.191
07/09/2013 16:00,554.7511292,0.843483876,0.490094,26.166
07/09/2013 17:00,311.0969583,0.841668917,0.486299,25.724
07/09/2013 18:00,98.06210592,1.057555871,0.550308,24.746
07/09/2013 19:00,31.11969742,0.550145697,0.621093,22.953
07/09/2013 20:00,2.701710417,0.132747825,0.812042,19.456
07/09/2013 21:00,0.100063365,0.06917845,0.885181,18.503
07/09/2013 22:00,0,0.170141575,0.876304,17.885
07/09/2013 23:00,0,0,0.915332,17.029
07/10/2013 0:00,0,0.071048125,0.922999,16.696
07/10/2013 1:00,0,0,0.971223,15.887
07/10/2013 2:00,0.100063365,0.65626025,0.949531,15.197
07/10/2013 3:00,0,0.413201,0.974787,14.339
07/10/2013 4:00,0.80050666,1.1966,0.967703,14.219
07/10/2013 5:00,33.02089749,0.6973935,0.979242,14.028
07/10/2013 6:00,115.4730826,0.91053775,0.928345,15.816
07/10/2013 7:00,387.5452816,0.6076485,0.81136,19.432
07/10/2013 8:00,534.538339,0.782097295,0.598906,23.484
07/10/2013 9:00,672.7258066,0.6378266,0.544181,24.892
07/10/2013 10:00,762.0824242,1.007594984,0.470536,25.479
07/10/2013 11:00,800.0064099,0.729398619,0.447524,25.871
07/10/2013 12:00,393.5491434,0.751049012,0.485474,25.356
07/10/2013 13:00,645.7086853,1.829792767,0.451319,26.314
07/10/2013 14:00,763.5833468,1.395404479,0.466642,27.005
07/10/2013 15:00,690.7372208,0.467287238,0.449174,26.955
07/10/2013 16:00,563.3566017,0.433803764,0.417516,27.055
07/10/2013 17:00,369.9341876,1.345007147,0.433103,26.609
07/10/2013 18:00,137.0867796,0.311065658,0.495715,25.528
07/10/2013 19:00,25.41608863,0.133797018,0.578963,23.799
07/10/2013 20:00,2.201393166,0,0.776534,20.577
07/10/2013 21:00,0.300190008,1.238983722,0.686279,20.96
07/10/2013 22:00,0,0.57400618,0.735339,18.813
07/10/2013 23:00,0,0.50107625,0.861641,16.91
07/11/2013 0:00,0,0,0.919732,15.625
07/11/2013 1:00,0,0.7516145,0.940104,15.364
07/11/2013 2:00,0.100063365,0.628217782,0.913209,15.554
07/11/2013 3:00,0,0.0747875,0.806795,17.314
07/11/2013 4:00,0.200126644,0.4281585,0.860442,15.721
07/11/2013 5:00,16.110197,0.18066445,0.810447,16.957
07/11/2013 6:00,36.62318033,0.297515339,0.845449,17.171
07/11/2013 7:00,29.41862321,0.468978477,0.99,14.887
07/11/2013 8:00,174.7106321,0.258990527,0.995423,16.553
07/11/2013 9:00,107.4680476,0.199671771,0.969375,17.219
07/11/2013 10:00,191.9214914,0.386120966,0.915189,18.456
07/11/2013 11:00,755.1779917,0.001869688,0.899305,19.503
07/11/2013 12:00,372.5357983,1.336336106,0.800646,21.008
07/11/2013 13:00,566.7587672,1.267256566,0.894421,17.599
07/11/2013 14:00,135.7859743,0.617461459,0.868186,18.932
07/11/2013 15:00,294.6865682,1.858623733,0.688248,20.577
07/11/2013 16:00,539.8417474,1.619776503,0.641454,21.271
07/11/2013 17:00,435.3756307,2.271216957,0.626648,21.343
07/11/2013 18:00,192.5218434,2.529712689,0.620851,19.265
07/11/2013 19:00,20.01266437,1.776931046,0.600655,18.099
07/11/2013 20:00,3.402153542,0.024305938,0.659967,16.839
07/11/2013 21:00,0.100063365,0,0.766062,15.006
07/11/2013 22:00,0,0,0.935737,12.256
07/11/2013 23:00,0.100063365,0.138356875,0.965624,11.002
07/12/2013 0:00,0.200126644,0.92362575,0.8635,12.688
07/12/2013 1:00,0,0.36271925,0.82214,12.88
07/12/2013 2:00,0.200126644,0.722244216,0.956285,10.444
07/12/2013 3:00,0.100063365,0.841361327,0.979187,9.593
07/12/2013 4:00,0.400253373,0.34215275,0.99,8.589
07/12/2013 5:00,33.12096471,0,0.99,8.293
07/12/2013 6:00,205.0298175,0.39637375,0.982432,11.002
07/12/2013 7:00,381.7416227,0.12713875,0.820303,14.434
07/12/2013 8:00,553.95066,0.170674932,0.658559,17.171
07/12/2013 9:00,689.7366342,0.115027584,0.624151,19.217
07/12/2013 10:00,533.2375336,0.864687643,0.544467,19.98
07/12/2013 11:00,583.2691732,1.016807506,0.512578,20.123
07/12/2013 12:00,955.2043626,0.243325306,0.475695,21.606
07/12/2013 13:00,947.2998573,0.312774797,0.479017,21.702
07/12/2013 14:00,884.7599868,1.284469807,0.481558,21.75
07/12/2013 15:00,557.5529428,1.739389423,0.470569,22.062
07/12/2013 16:00,325.4059882,0.207947594,0.527714,21.942
07/12/2013 17:00,396.751106,1.056757184,0.485221,22.11
07/12/2013 18:00,94.55983892,0.778466179,0.549087,20.768
07/12/2013 19:00,69.44396051,0.886232,0.627407,19.551
07/12/2013 20:00,2.801773354,0,0.795333,16.696
07/12/2013 21:00,0,0,0.918346,13.861
07/12/2013 22:00,0,0.09535405,0.955757,13.598
07/12/2013 23:00,0,0.143965925,0.947375,13.215
07/13/2013 0:00,0,0,0.983609,13.047
07/13/2013 1:00,0,0,0.982542,13.191
07/13/2013 2:00,0,0.001869688,0.99,11.967
07/13/2013 3:00,0.100063365,0.47677025,0.99,12.063
07/13/2013 4:00,0.300190008,0.7441355,0.990682,12.015
07/13/2013 5:00,36.92337342,0.64691175,0.966339,12.039
07/13/2013 6:00,124.678907,0.4879885,0.937189,13.287
07/13/2013 7:00,404.4560077,0.9067985,0.814517,16.22
07/13/2013 8:00,450.2850125,0.063569375,0.660561,18.694
07/13/2013 9:00,626.096247,0.7592406,0.668877,19.813
07/13/2013 10:00,709.0487681,1.1060983,0.591558,20.768
07/13/2013 11:00,878.7564675,1.231817569,0.588467,21.654
07/13/2013 12:00,103.9657806,1.258338441,0.618365,20.649
07/13/2013 13:00,249.9582515,0.977687465,0.645788,20.243
07/13/2013 14:00,677.9291135,1.366219691,0.565587,22.303
07/13/2013 15:00,765.5846056,0.776931126,0.521862,23.049
07/13/2013 16:00,533.437651,0.914307837,0.543169,22.471
07/13/2013 17:00,218.9386127,0.449196072,0.510807,22.447
07/13/2013 18:00,222.8410287,1.496713691,0.51612,22.207
07/13/2013 19:00,57.43635675,0.033654375,0.639232,20.553
07/13/2013 20:00,2.901837147,0.734689715,0.673552,18.694
07/13/2013 21:00,0,0,0.880605,15.149
07/13/2013 22:00,0.100063365,0.454334,0.922361,13.67
07/13/2013 23:00,0,0.459943,0.951115,13.287
07/14/2013 0:00,0,0.23184125,0.936166,13.119
07/14/2013 1:00,0,0,0.966779,13.311
07/14/2013 2:00,0,0.29541075,0.93016,13.095
07/14/2013 3:00,0.100063365,0.49546725,0.986623,11.798
07/14/2013 4:00,0.200126644,0.7385265,0.994642,11.147
07/14/2013 5:00,29.11843012,0.5590365,0.99,10.808
07/14/2013 6:00,194.5231021,0.63008475,0.934912,12.976
07/14/2013 7:00,371.8353449,0.7871385,0.812262,16.339
07/14/2013 8:00,532.5370802,1.867796353,0.593087,20.434
07/14/2013 9:00,689.9366659,1.402949793,0.545424,21.606
07/14/2013 10:00,846.9361026,1.491443519,0.49731,22.399
07/14/2013 11:00,312.8980997,1.412257735,0.502293,22.158
07/14/2013 12:00,377.0386518,0.172021411,0.532499,22.351
07/14/2013 13:00,427.8708462,0.209079213,0.460229,22.953
07/14/2013 14:00,759.7809467,0.707130087,0.424512,24.503
07/14/2013 15:00,480.6041978,0.426899105,0.422642,24.454
07/14/2013 16:00,438.877812,0.799939935,0.418682,24.819
07/14/2013 17:00,336.5129699,0.390805004,0.42317,24.6
07/14/2013 18:00,217.0373699,0.835013858,0.519156,23.387
07/14/2013 19:00,67.84294496,0.25614725,0.591866,21.846
07/14/2013 20:00,2.401519895,0,0.806751,17.885
07/14/2013 21:00,0,0.018696875,0.8657,15.197
07/14/2013 22:00,0,0.8170535,0.886501,14.935
07/14/2013 23:00,0,0.041133125,0.890758,14.171
07/15/2013 0:00,0,0.08226625,0.903276,13.478
07/15/2013 1:00,0,0.37206775,0.904618,13.167
07/15/2013 2:00,0.100063365,0.51603375,0.884191,13.335
07/15/2013 3:00,0,0,0.959937,13.167
07/15/2013 4:00,0.100063365,0,0.982641,13.119
07/15/2013 5:00,22.61431784,0.003739375,0.963677,13.359
07/15/2013 6:00,46.42939092,0.26175625,0.915442,14.625
07/15/2013 7:00,154.797975,0.5291215,0.846967,16.054
07/15/2013 8:00,415.563075,0.652553022,0.691977,19.885
07/15/2013 9:00,698.8423572,0.434978632,0.601381,21.558
07/15/2013 10:00,638.6042211,1.434459815,0.596145,22.158
07/15/2013 11:00,494.0127427,0.842086219,0.597696,22.495
07/15/2013 12:00,573.6631141,0.638864312,0.592625,23.218
07/15/2013 13:00,363.7302085,0.23221038,0.571879,23.484
07/15/2013 14:00,395.050066,1.349603468,0.724042,21.463
07/15/2013 15:00,311.2970756,0.504417295,0.60665,22.929
07/15/2013 16:00,389.8467591,1.11529012,0.572583,22.567
07/15/2013 17:00,156.2988977,1.528478316,0.643412,21.223
07/15/2013 18:00,218.7384954,1.604236408,0.601722,20.912
07/15/2013 19:00,49.13109449,1.280769978,0.647196,20.076
07/15/2013 20:00,1.601012978,0.766291332,0.648065,19.408
07/15/2013 21:00,0.100063365,0.702375571,0.665357,18.956
07/15/2013 22:00,0.100063365,2.402967506,0.684343,17.695
07/15/2013 23:00,0.100063365,2.620548594,0.648076,16.886
07/16/2013 0:00,0.200126644,2.593637617,0.677446,16.078
07/16/2013 1:00,0.100063365,1.837000897,0.695948,15.435
07/16/2013 2:00,0.200126644,0.563765691,0.733007,14.649
07/16/2013 3:00,0,0.078526875,0.916168,11.437
07/16/2013 4:00,0.300190008,0.188838425,0.983235,9.812
07/16/2013 5:00,23.51487999,0.437686669,0.926101,11.026
07/16/2013 6:00,206.8309589,0.063953154,0.80498,14.291
07/16/2013 7:00,381.6416068,0.879939713,0.728475,16.458
07/16/2013 8:00,549.0475718,1.112223648,0.61743,18.836
07/16/2013 9:00,682.4319671,1.712716352,0.555632,20.028
07/16/2013 10:00,790.700484,1.545869851,0.532906,21.151
07/16/2013 11:00,893.3658018,1.160485723,0.5434,21.654
07/16/2013 12:00,882.8590008,1.304334432,0.509465,22.76
07/16/2013 13:00,872.0516385,1.31110034,0.460856,23.17
07/16/2013 14:00,832.1267366,1.290060051,0.471097,23.629
07/16/2013 15:00,514.02533,0.619907917,0.507067,23.605
07/16/2013 16:00,519.728973,1.497568273,0.49291,23.654
07/16/2013 17:00,391.1475644,1.286726724,0.463661,23.412
07/16/2013 18:00,222.1405753,0.899599577,0.492943,22.856
07/16/2013 19:00,66.34199663,0.28045325,0.566478,21.271
07/16/2013 20:00,2.601646625,0,0.772893,17.552
07/16/2013 21:00,0,0.185099075,0.853094,15.078
07/16/2013 22:00,0,0,0.931623,13.67
07/16/2013 23:00,0,0.79648675,0.89067,13.885
07/17/2013 0:00,0,0.050481575,0.918346,12.904
07/17/2013 1:00,0.100063365,0.484249,0.933427,12.28
07/17/2013 2:00,0,0.71609025,0.951863,11.654
07/17/2013 3:00,0,0.6730875,0.969463,11.026
07/17/2013 4:00,0.200126644,0.6188665,0.968242,10.784
07/17/2013 5:00,24.81571101,0.87501375,0.977856,10.59
07/17/2013 6:00,201.6276519,0.9423225,0.916795,12.52
07/17/2013 7:00,372.2355795,0.228101875,0.792352,16.339
07/17/2013 8:00,536.5395977,0.166402175,0.578622,21.079
07/17/2013 9:00,681.0310603,1.610625894,0.51788,22.977
07/17/2013 10:00,789.4996945,1.537078725,0.457875,23.968
07/17/2013 11:00,861.8453988,1.428995358,0.457952,25.21
07/17/2013 12:00,877.0549994,1.255589363,0.455125,24.966
07/17/2013 13:00,864.7473995,0.144740852,0.420552,26.166
07/17/2013 14:00,791.9012735,1.697121089,0.376574,27.03
07/17/2013 15:00,679.3300203,1.126489434,0.401687,27.03
07/17/2013 16:00,536.8398165,0.583654046,0.423247,26.609
07/17/2013 17:00,377.0386518,0.475003667,0.421927,26.412
07/17/2013 18:00,217.5377059,1.316112532,0.463991,25.136
07/17/2013 19:00,67.74287775,0.35150125,0.516659,23.629
07/17/2013 20:00,2.301456959,0,0.584452,21.51
07/17/2013 21:00,0,0.32719525,0.808742,17.338
07/17/2013 22:00,0.100063365,0,0.878735,15.649
07/17/2013 23:00,0,0.60016975,0.878504,15.554
07/18/2013 0:00,0,0.688045,0.896247,14.935
07/18/2013 1:00,0,0.73104775,0.922603,14.124
07/18/2013 2:00,0,0.69552375,0.943261,13.455
07/18/2013 3:00,0,0,0.97944,12.256
07/18/2013 4:00,0.200126644,0.58521225,0.985281,12.159
07/18/2013 5:00,23.21469546,0.72917825,0.984093,12.256
07/18/2013 6:00,197.4249315,0.58521225,0.903507,14.434
07/18/2013 7:00,365.9316702,0,0.769417,18.361
07/18/2013 8:00,473.2996163,0.4823795,0.669702,22.182
07/18/2013 9:00,669.8239772,0.507412719,0.532895,24.138
07/18/2013 10:00,768.3863335,0.26668455,0.454949,25.724
07/18/2013 11:00,770.7879125,1.341217819,0.414447,26.264
07/18/2013 12:00,930.789537,1.191238994,0.43758,27.005
07/18/2013 13:00,909.4753737,0.662727045,0.402853,27.427
07/18/2013 14:00,851.3388547,0.540135799,0.372988,27.9
07/18/2013 15:00,713.5517073,1.297999462,0.388817,27.775
07/18/2013 16:00,545.0450543,0.958943745,0.412445,27.452
07/18/2013 17:00,153.1969509,0.415432526,0.477191,25.626
07/18/2013 18:00,213.9354231,1.051264885,0.446743,26.437
07/18/2013 19:00,64.94110696,0.568388075,0.49511,25.063
07/18/2013 20:00,1.601012978,0,0.745173,20.171
07/18/2013 21:00,0,0,0.810546,18.028
07/18/2013 22:00,0,0.8525775,0.835505,17.338
07/18/2013 23:00,0,0.6375635,0.86273,16.577
07/19/2013 0:00,0,0.37580725,0.901714,15.435
07/19/2013 1:00,0,0.448725,0.914045,14.792
07/19/2013 2:00,0,0.60016975,0.933372,14.362
07/19/2013 3:00,0,0.7142205,0.948211,13.765
07/19/2013 4:00,0.100063365,0,0.955603,13.311
07/19/2013 5:00,38.42432175,0.57960325,0.943987,13.622
07/19/2013 6:00,132.7840434,0.5478185,0.891418,15.459
07/19/2013 7:00,204.6294972,0.30101975,0.877492,17.076
07/19/2013 8:00,401.9544129,0.77031125,0.696311,20.984
07/19/2013 9:00,655.4148458,0.226239926,0.500236,25.161
07/19/2013 10:00,765.4845897,0.758339873,0.467115,26.215
07/19/2013 11:00,751.7758261,1.077112081,0.488862,26.881
07/19/2013 12:00,932.7907101,0.578298908,0.444917,27.975
07/19/2013 13:00,1001.934366,1.136956088,0.426338,28.701
07/19/2013 14:00,243.5541551,0.772624585,0.469414,26.906
07/19/2013 15:00,232.0468531,0.500189399,0.49115,25.871
07/19/2013 16:00,165.2045889,0.075716573,0.519695,25.601
07/19/2013 17:00,434.8752946,0.995111204,0.491678,26.56
07/19/2013 18:00,155.7986472,0.536759834,0.474716,26.807
07/19/2013 19:00,38.22419588,0.6786965,0.658185,23.726
07/19/2013 20:00,1.400887105,0,0.707124,21.798
07/19/2013 21:00,0,0.28606225,0.786467,20.386
07/19/2013 22:00,0,0.5833425,0.866569,18.503
07/19/2013 23:00,0,0.77965975,0.892364,17.766
07/20/2013 0:00,0,0.568385,0.919567,16.529
07/20/2013 1:00,0.100063365,0.65065125,0.89771,16.672
07/20/2013 2:00,0,0.878753,0.866492,16.862
07/20/2013 3:00,0,0.34589225,0.862213,16.22
07/20/2013 4:00,0,0.121529675,0.888987,15.459
07/20/2013 5:00,25.91640759,0.802096,0.873125,15.744
07/20/2013 6:00,183.7162536,0.52725175,0.827299,17.885
07/20/2013 7:00,362.5295046,0.679296405,0.664818,21.702
07/20/2013 8:00,548.0468996,1.51077343,0.583495,24.041
07/20/2013 9:00,616.5902894,2.41875574,0.564179,24.405
07/20/2013 10:00,763.3832295,1.750101344,0.540419,25.724
07/20/2013 11:00,787.0982868,0.955598803,0.492261,26.733
07/20/2013 12:00,880.2575614,1.571028216,0.473561,27.327
07/20/2013 13:00,409.9595335,2.090671821,0.505527,26.461
07/20/2013 14:00,268.7701349,2.446535273,0.52327,25.871
07/20/2013 15:00,334.8119299,2.215961294,0.513436,25.969
07/20/2013 16:00,151.8961456,1.674723398,0.502018,25.43
07/20/2013 17:00,225.0424048,1.668315566,0.492558,25.577
07/20/2013 18:00,89.05639882,1.91435009,0.516758,24.746
07/20/2013 19:00,33.9214682,1.471473708,0.551639,23.484
07/20/2013 20:00,2.001266437,1.0675915,0.598708,21.822
07/20/2013 21:00,0.200126644,0.846970564,0.635349,20.458
07/20/2013 22:00,0,0,0.753104,18.432
07/20/2013 23:00,0,0,0.863038,16.173
07/21/2013 0:00,0,0.2243625,0.866734,16.173
07/21/2013 1:00,0,0.0149575,0.926981,14.315
07/21/2013 2:00,0,0.013087813,0.89364,14.362
07/21/2013 3:00,0.200126644,1.451050966,0.725175,17.267
07/21/2013 4:00,0,0,0.843359,15.149
07/21/2013 5:00,31.72007503,0,0.92763,14.219
07/21/2013 6:00,195.4236728,0,0.792264,16.743
07/21/2013 7:00,364.0304273,0.645811394,0.642268,19.956
07/21/2013 8:00,532.2368615,2.063867276,0.584287,21.175
07/21/2013 9:00,675.0272841,1.166628129,0.544159,22.182
07/21/2013 10:00,787.9987718,1.616188849,0.523622,23.049
07/21/2013 11:00,859.8442257,1.415275589,0.489148,23.775
07/21/2013 12:00,871.1516672,1.027916749,0.448008,24.454
07/21/2013 13:00,856.8420379,1.697680368,0.407583,25.356
07/21/2013 14:00,786.1976304,2.886703354,0.409167,25.797
07/21/2013 15:00,679.2299189,2.833032218,0.387332,25.994
07/21/2013 16:00,542.5434595,2.312706764,0.403931,25.699
07/21/2013 17:00,385.9442575,2.576168808,0.400598,25.332
07/21/2013 18:00,224.5421543,2.425619682,0.423951,24.649
07/21/2013 19:00,67.74287775,1.467923809,0.444609,23.412
07/21/2013 20:00,1.9012035,0,0.604857,19.456
07/21/2013 21:00,0,0.001869688,0.744447,16.363
07/21/2013 22:00,0,0.340473185,0.832139,14.577
07/21/2013 23:00,0,0.209405,0.846549,14.649
07/22/2013 0:00,0,0.087875325,0.911471,12.784
07/22/2013 1:00,0,0,0.941083,11.919
07/22/2013 2:00,0,0.29915,0.929742,12.111
07/22/2013 3:00,0,0.121529675,0.970013,11.34
07/22/2013 4:00,0.200126644,0.274844,0.935055,11.871
07/22/2013 5:00,17.3109608,0.2898015,0.957792,10.905
07/22/2013 6:00,211.3338124,0.97410725,0.888921,13.287
07/22/2013 7:00,382.0418415,0.7273085,0.740993,17.552
07/22/2013 8:00,545.5453048,0.390889849,0.576697,21.63
07/22/2013 9:00,682.9323032,0.984750528,0.570262,23.339
07/22/2013 10:00,790.3002494,0.683408628,0.481866,24.503
07/22/2013 11:00,865.9479321,0.675267868,0.461978,25.552
07/22/2013 12:00,880.3568922,0.634135657,0.382525,26.338
07/22/2013 13:00,859.9444128,0.479417064,0.369688,27.576
07/22/2013 14:00,784.1963717,0.591655006,0.353111,27.377
07/22/2013 15:00,675.7277375,0.168084796,0.338052,28.075
07/22/2013 16:00,534.8385578,0.24378459,0.352187,27.975
07/22/2013 17:00,380.6409347,0.63234423,0.383768,27.551
07/22/2013 18:00,220.2394181,0.766900015,0.404338,26.758
07/22/2013 19:00,65.74161045,0,0.475739,25.039
07/22/2013 20:00,1.601012978,0,0.621698,20.816
07/22/2013 21:00,0.100063365,0.226239926,0.696806,18.551
07/22/2013 22:00,0,0.001869688,0.839113,15.744
07/22/2013 23:00,0.100063365,0.0467422,0.859529,15.459
07/23/2013 0:00,0.100063365,1.0021525,0.833547,15.483
07/23/2013 1:00,0.100063365,0.4580735,0.891704,14.315
07/23/2013 2:00,0,0.001869688,0.902,13.694
07/23/2013 3:00,0.100063365,0.1047025,0.915057,13.263
07/23/2013 4:00,0.100063365,0.21501405,0.946033,12.352
07/23/2013 5:00,18.61178326,0.149575,0.949047,12.039
07/23/2013 6:00,196.9246811,0.89745,0.845933,14.649
07/23/2013 7:00,367.3324913,0.529124803,0.716958,19.122
07/23/2013 8:00,529.4351335,0.574042719,0.517539,24.017
07/23/2013 9:00,668.1229372,1.268108495,0.496496,25.577
07/23/2013 10:00,775.9911338,1.185436408,0.393679,27.129
07/23/2013 11:00,632.7004607,0.39943544,0.405889,27.85
07/23/2013 12:00,902.5710268,0.670052861,0.328097,29.129
07/23/2013 13:00,801.607434,0.790302927,0.305723,29.965
07/23/2013 14:00,580.2673279,0.309013471,0.309727,29.762
07/23/2013 15:00,175.6111172,0.256719747,0.33462,29.255
07/23/2013 16:00,536.5395977,0.619160224,0.324588,29.863
07/23/2013 17:00,420.5661791,1.16317109,0.346489,29.483
07/23/2013 18:00,112.7713704,0.842457494,0.394977,27.651
07/23/2013 19:00,20.61305055,0.134318525,0.444807,25.724
07/23/2013 20:00,0.600380017,0,0.593483,22.881
07/23/2013 21:00,0,0.2262322,0.62216,20.888
07/23/2013 22:00,0,0.0448725,0.71852,19.599
07/23/2013 23:00,0,0.3496315,0.739706,18.551
07/24/2013 0:00,0,0.80957475,0.707069,18.932
07/24/2013 1:00,0,0,0.754721,17.79
07/24/2013 2:00,0,0.7329175,0.780703,16.696
07/24/2013 3:00,0,0,0.90662,14.839
07/24/2013 4:00,0.100063365,0.25053825,0.881705,14.458
07/24/2013 5:00,23.61494721,0.280459482,0.906719,14.267
07/24/2013 6:00,177.5123601,0.891841,0.738452,18.908
07/24/2013 7:00,374.7371743,0.516751319,0.60049,22.736
07/24/2013 8:00,514.9259007,0.530530211,0.610599,24.114
07/24/2013 9:00,640.0051279,0.535073789,0.555368,25.088
07/24/2013 10:00,614.9892653,0.014602726,0.512875,26.609
07/24/2013 11:00,548.747353,1.476467391,0.509718,26.387
07/24/2013 12:00,802.9082393,1.567685864,0.456005,27.8
07/24/2013 13:00,491.9113825,0.989834944,0.427801,28.375
07/24/2013 14:00,778.9930647,1.337799032,0.369226,29.356
07/24/2013 15:00,208.1317642,0.554175476,0.353617,29.079
07/24/2013 16:00,478.3027203,0.203521291,0.394493,30.016
07/24/2013 17:00,215.8365804,0.74556459,0.414755,28.55
07/24/2013 18:00,96.16086303,0.09722375,0.464508,27.925
07/24/2013 19:00,10.60671408,0.013087813,0.536228,25.503
07/24/2013 20:00,0.500316652,0.039263425,0.591294,23.92
07/24/2013 21:00,0,0.001869688,0.699028,21.558
07/24/2013 22:00,0,0,0.729531,21.055
07/24/2013 23:00,0,0.001869688,0.769747,20.267
07/25/2013 0:00,0,0.28606225,0.759352,19.933
07/25/2013 1:00,0,0.981586,0.72369,20.243
07/25/2013 2:00,0,0.087875325,0.750354,19.003
07/25/2013 3:00,0,0,0.794244,17.98
07/25/2013 4:00,0,0.078526875,0.843788,17.124
07/25/2013 5:00,10.60671408,0.66934825,0.843007,17.195
07/25/2013 6:00,45.22862712,0,0.851411,18.146
07/25/2013 7:00,76.74857628,0,0.832557,18.979
07/25/2013 8:00,58.23686024,0.121529675,0.916608,19.408
07/25/2013 9:00,131.0830034,0.459943,0.883652,19.694
07/25/2013 10:00,306.3939875,0.1047025,0.822041,21.127
07/25/2013 11:00,429.1716515,0.598311685,0.685894,23.533
07/25/2013 12:00,841.1323581,0.722360105,0.550594,26.166
07/25/2013 13:00,870.2508396,0.622212664,0.466136,27.476
07/25/2013 14:00,537.2400511,0.973116278,0.497475,27.427
07/25/2013 15:00,384.4433348,1.021234665,0.503712,27.253
07/25/2013 16:00,437.4769052,1.605548958,0.550495,27.576
07/25/2013 17:00,362.2292858,1.116009385,0.561616,26.955
07/25/2013 18:00,153.1969509,0.8712745,0.608487,26.264
07/25/2013 19:00,49.83153933,0.38141625,0.597333,25.797
07/25/2013 20:00,0.80050666,0.72917825,0.802175,22.495
07/25/2013 21:00,0,0.77965975,0.917488,20.649
07/25/2013 22:00,0,0.46181275,0.930446,19.933
07/25/2013 23:00,0,0,0.926409,19.289
07/26/2013 0:00,0,0,0.978648,18.028
07/26/2013 1:00,0,0.473031,0.994642,17.576
07/26/2013 2:00,0,0.55155775,0.99,16.506
07/26/2013 3:00,0,0.364589,0.99,16.292
07/26/2013 4:00,0.100063365,0.74600525,0.99,16.173
07/26/2013 5:00,29.61874909,0.80583525,0.993113,16.791
07/26/2013 6:00,170.0075756,0.94045275,0.943756,18.337
07/26/2013 7:00,314.4990382,0.5983,0.823746,21.031
07/26/2013 8:00,482.8056595,0.55155775,0.704781,24.503
07/26/2013 9:00,628.2977087,0.609621476,0.622116,26.338
07/26/2013 10:00,746.0722687,1.148085564,0.549538,27.9
07/26/2013 11:00,397.4515594,0.365168622,0.47938,28.801
07/26/2013 12:00,865.54804,0.579452379,0.619806,26.832
07/26/2013 13:00,827.2235628,0.234837513,0.474188,29.584
07/26/2013 14:00,264.1671799,0.650675427,0.468567,29.458
07/26/2013 15:00,353.8240163,1.35828655,0.541464,28.978
07/26/2013 16:00,496.6143533,0.914619204,0.457204,30.016
07/26/2013 17:00,348.8208267,1.134887973,0.457105,29.635
07/26/2013 18:00,75.04750208,0.6843055,0.510048,28.25
07/26/2013 19:00,38.22419588,0,0.592867,27.651
07/26/2013 20:00,0.500316652,0,0.700601,24.235
07/26/2013 21:00,0,0,0.776732,22.255
07/26/2013 22:00,0,0,0.844503,21.079
07/26/2013 23:00,0,0.47490075,0.858473,20.697
07/27/2013 0:00,0,0,0.925441,19.146
07/27/2013 1:00,0,0,0.969001,18.218
07/27/2013 2:00,0,0.003739375,0.948596,18.813
07/27/2013 3:00,0,0.0280453,0.950884,18.408
07/27/2013 4:00,0,0,0.988702,17.124
07/27/2013 5:00,17.11083493,0.06917845,0.99,17.219
07/27/2013 6:00,117.7745601,0.76096275,0.950532,18.86
07/27/2013 7:00,321.3033693,0.155184075,0.873576,21.798
07/27/2013 8:00,480.7042993,0.45059475,0.712844,25.234
07/27/2013 9:00,621.6934949,1.20506122,0.665379,26.511
07/27/2013 10:00,730.2622306,1.173015412,0.631466,28.25
07/27/2013 11:00,802.1076844,0.958188789,0.554829,29.61
07/27/2013 12:00,822.2204588,1.324880438,0.521466,30.86
07/27/2013 13:00,797.4047136,0.817652144,0.476014,31.945
07/27/2013 14:00,696.6409811,1.400400793,0.462374,32.493
07/27/2013 15:00,233.0475253,0.889053695,0.44,31
07/27/2013 16:00,203.9291295,0.283804778,0.475134,30.937
07/27/2013 17:00,296.5877255,0.45277729,0.436447,31.763
07/27/2013 18:00,204.2292626,0.171380101,0.471944,31.014
07/27/2013 19:00,39.82521142,0.50107625,0.554455,28.852
07/27/2013 20:00,0.600380017,0,0.699281,25.724
07/27/2013 21:00,0,0,0.80498,22.905
07/27/2013 22:00,0.100063365,0.992804,0.814165,22.375
07/27/2013 23:00,0,0.48050975,0.854425,21.415
07/28/2013 0:00,0,0.50481575,0.860486,21.031
07/28/2013 1:00,0,0,0.932734,19.503
07/28/2013 2:00,0,0.003739375,0.948354,18.836
07/28/2013 3:00,0,0.168271875,0.990484,17.79
07/28/2013 4:00,0.100063365,0.031784675,0.99,17.267
07/28/2013 5:00,13.60861074,0,0.99,16.648
07/28/2013 6:00,164.9043701,0.46742175,0.988328,18.313
07/28/2013 7:00,318.0013052,0,0.82555,22.447
07/28/2013 8:00,489.8100223,0.4488262,0.77319,24.697
07/28/2013 9:00,631.5997727,0.828279941,0.708521,26.535
07/28/2013 10:00,733.9645292,1.013532784,0.635327,28.701
07/28/2013 11:00,809.2122343,0.837757705,0.574794,30.143
07/28/2013 12:00,823.3211468,1.557270174,0.501182,31.945
07/28/2013 13:00,807.4110928,1.310576233,0.47531,32.86
07/28/2013 14:00,482.8056595,0.672360131,0.448459,33.202
07/28/2013 15:00,262.5662414,0.74600525,0.516439,31.685
07/28/2013 16:00,437.0766706,0.827443979,0.506748,32.31
07/28/2013 17:00,349.7213974,0.351998156,0.492063,33.07
07/28/2013 18:00,174.5104292,0.603709203,0.496793,32.493
07/28/2013 19:00,19.11209366,0.051066787,0.579315,30.322
07/28/2013 20:00,0.400253373,0.60951825,0.702834,27.303
07/28/2013 21:00,0,0.024305938,0.783112,25.381
07/28/2013 22:00,0,0,0.824516,23.896
07/28/2013 23:00,0,0.001869688,0.890307,22.255
07/29/2013 0:00,0,0,0.952237,20.482
07/29/2013 1:00,0,0,0.980914,19.789
07/29/2013 2:00,0,0.048611875,0.995709,19.075
07/29/2013 3:00,0.100063365,0,0.99,17.909
07/29/2013 4:00,0.200126644,0.60016975,0.99,17.932
07/29/2013 5:00,17.41101946,0,0.99,17.481
07/29/2013 6:00,144.3913611,0.3440225,0.99,19.48
07/29/2013 7:00,311.4971929,0.26736525,0.883971,22.76
07/29/2013 8:00,474.6004217,1.13315403,0.753643,25.479
07/29/2013 9:00,615.9899375,1.355234573,0.574937,28.099
07/29/2013 10:00,733.0640442,1.448081178,0.561616,29.382
07/29/2013 11:00,802.9082393,1.542765191,0.51975,30.654
07/29/2013 12:00,811.1133915,0.884032069,0.494736,31.737
07/29/2013 13:00,797.3046977,1.628626666,0.442244,32.624
07/29/2013 14:00,720.1559211,1.886125391,0.413391,33.414
07/29/2013 15:00,608.8853877,2.313014278,0.39215,34.239
07/29/2013 16:00,435.0754119,1.536256217,0.3223,34.185
07/29/2013 17:00,173.109608,3.371870765,0.297484,33.865
07/29/2013 18:00,170.1076771,7.059766999,0.40964,28.927
07/29/2013 19:00,24.91576966,4.533388559,0.406318,25.871
07/29/2013 20:00,0.400253373,1.554440249,0.477499,24.163
07/29/2013 21:00,0,0.516199692,0.514503,22.567
07/29/2013 22:00,0,0.211943747,0.565268,22.086
07/29/2013 23:00,0,0.304759,0.613052,21.582
07/30/2013 0:00,0.100063365,0.001869688,0.72149,19.265
07/30/2013 1:00,0.100063365,0.4823795,0.73997,17.695
07/30/2013 2:00,0,1.462917802,0.599786,20.553
07/30/2013 3:00,0,1.891059281,0.76318,18.146
07/30/2013 4:00,0,0.024305938,0.920458,15.673
07/30/2013 5:00,0.900569854,0,0.99,14.911
07/30/2013 6:00,35.22229066,0,0.99,15.768
07/30/2013 7:00,178.5130323,0.87501375,0.964238,17.076
07/30/2013 8:00,210.0329215,0.05235125,0.898073,18.48
07/30/2013 9:00,423.0677739,0.918033635,0.753247,20.625
07/30/2013 10:00,224.1419197,0.209079224,0.671946,20.984
07/30/2013 11:00,628.2977087,0.646409049,0.553025,23.001
07/30/2013 12:00,592.6752005,2.306022112,0.489764,23.968
07/30/2013 13:00,692.9385968,2.277197946,0.418671,25.136
07/30/2013 14:00,661.2185047,0.656718146,0.449009,24.99
07/30/2013 15:00,491.4110464,1.390899213,0.370887,25.797
07/30/2013 16:00,466.795504,1.543546729,0.380105,26.141
07/30/2013 17:00,377.2387691,1.244747114,0.356411,26.166
07/30/2013 18:00,211.8340629,1.33729723,0.371965,25.405
07/30/2013 19:00,48.23053234,0.931421442,0.418847,23.993
07/30/2013 20:00,0.400253373,0.29541075,0.539341,20.768
07/30/2013 21:00,0,0.24679875,0.669108,17.695
07/30/2013 22:00,0.100063365,0.826402,0.690195,16.934
07/30/2013 23:00,0,0.25801675,0.786005,14.982
07/31/2013 0:00,0,0.2243625,0.862356,13.502
07/31/2013 1:00,0,0.162662825,0.869011,13.215
07/31/2013 2:00,0,0.7273085,0.87461,12.88
07/31/2013 3:00,0.100063365,0.566518335,0.868483,12.736
07/31/2013 4:00,0,0.480742495,0.893981,12.015
07/31/2013 5:00,12.90817447,0.33280425,0.929918,12.063
07/31/2013 6:00,79.95060738,0.28232275,0.84392,14.171
07/31/2013 7:00,241.8531151,0,0.783442,17.243
07/31/2013 8:00,537.2400511,0.284935774,0.584452,22.182
07/31/2013 9:00,674.1267134,0.450563606,0.502667,24.844
07/31/2013 10:00,155.0981938,1.659528497,0.52382,24.211
07/31/2013 11:00,217.0373699,0.66224425,0.507782,24.405
07/31/2013 12:00,155.5985299,0.593304021,0.539165,24.09
07/31/2013 13:00,240.4522083,0.532861,0.461131,25.454
07/31/2013 14:00,304.592846,0.484249,0.471801,25.92
07/31/2013 15:00,289.5832771,0.231456436,0.439626,26.264
07/31/2013 16:00,239.3515203,0.151352335,0.461065,25.699
07/31/2013 17:00,326.806895,1.119094982,0.411763,27.501
07/31/2013 18:00,137.787233,0.902857752,0.428527,26.758
07/31/2013 19:00,38.02407,0.2785835,0.499433,24.284
07/31/2013 20:00,0.400253373,0,0.586883,21.966
07/31/2013 21:00,0.200126644,0.85070775,0.710501,18.836
07/31/2013 22:00,0,0.001869688,0.819544,16.22
07/31/2013 23:00,0.100063365,0,0.907918,14.386
08/01/2013 0:00,0,0.001869688,0.927685,13.885
08/01/2013 1:00,0,0.06730875,0.902154,14.004
08/01/2013 2:00,0.100063365,0.1346175,0.963666,12.688
08/01/2013 3:00,0,0.018696875,0.953711,12.928
08/01/2013 4:00,0.100063365,1.34430525,0.957209,13.024
08/01/2013 5:00,12.50791416,0,0.993707,12.28
08/01/2013 6:00,172.2090373,0.97971625,0.917543,14.744
08/01/2013 7:00,345.7187943,0.8226625,0.811206,18.48
08/01/2013 8:00,526.7334214,0.596477137,0.658548,22.953
08/01/2013 9:00,521.3299971,1.036248954,0.588016,23.823
08/01/2013 10:00,794.2026653,0.827942423,0.524436,25.43
08/01/2013 11:00,873.1528403,0.971584626,0.500874,26.461
08/01/2013 12:00,895.5664928,0.504635549,0.484385,26.758
08/01/2013 13:00,541.2425686,0.484736091,0.463331,27.253
08/01/2013 14:00,752.9766156,0.503626567,0.446556,27.825
08/01/2013 15:00,634.6017036,0.720836672,0.446721,28.275
08/01/2013 16:00,503.2184814,0.918869162,0.467599,28.375
08/01/2013 17:00,347.3198184,0.927432849,0.458722,27.95
08/01/2013 18:00,188.3192086,1.067912344,0.486145,27.005
08/01/2013 19:00,37.52375104,0.47864,0.552519,25.063
08/01/2013 20:00,0.300190008,0,0.651772,21.966
08/01/2013 21:00,0,0.001869688,0.769582,19.075
08/01/2013 22:00,0,0,0.845823,17.338
08/01/2013 23:00,0.100063365,0.28232275,0.887436,16.601
08/02/2013 0:00,0.100063365,0.05422095,0.911284,16.125
08/02/2013 1:00,0,0.64691175,0.899074,16.101
08/02/2013 2:00,0.300190008,0.4580735,0.954239,14.72
08/02/2013 3:00,0,0,0.987426,13.598
08/02/2013 4:00,0.100063365,0,0.996545,13
08/02/2013 5:00,11.60734345,0.64691175,0.969848,14.028
08/02/2013 6:00,175.1108667,0.69926325,0.927278,15.387
08/02/2013 7:00,346.2191304,0.065439075,0.781055,19.17
08/02/2013 8:00,508.6219913,0.233710925,0.634832,24.43
08/02/2013 9:00,645.3084507,0.556102457,0.54065,26.634
08/02/2013 10:00,751.0754584,1.522878462,0.492558,27.8
08/02/2013 11:00,829.525126,1.513523168,0.438317,29.23
08/02/2013 12:00,847.2363214,1.171185682,0.385396,30.578
08/02/2013 13:00,827.3237499,1.303923004,0.373505,31.401
08/02/2013 14:00,751.7758261,1.048639731,0.363682,32.127
08/02/2013 15:00,641.5060505,1.264179808,0.323983,32.624
08/02/2013 16:00,502.4180122,1.34717711,0.329571,32.912
08/02/2013 17:00,339.7150181,1.142195505,0.368984,32.153
08/02/2013 18:00,181.7149949,0.851054887,0.393679,31.014
08/02/2013 19:00,38.42432175,0.360927242,0.502612,28.6
08/02/2013 20:00,0.200126644,0.001869688,0.604659,25.381
08/02/2013 21:00,0,0,0.725054,21.99
08/02/2013 22:00,0,0.29541075,0.781055,20.888
08/02/2013 23:00,0,0.020566563,0.81796,19.837
08/03/2013 0:00,0.200126644,0.05235125,0.914452,17.909
08/03/2013 1:00,0,0,0.889152,17.837
08/03/2013 2:00,0.100063365,0,0.981629,16.244
08/03/2013 3:00,0.100063365,0.573994,0.957946,16.839
08/03/2013 4:00,0.100063365,0.77779,0.94908,16.767
08/03/2013 5:00,11.30715892,0.129008425,0.932316,16.315
08/03/2013 6:00,159.2008127,0,0.940016,17.695
08/03/2013 7:00,326.0063401,0.198186875,0.774477,21.63
08/03/2013 8:00,487.0082943,0.228101875,0.647075,24.795
08/03/2013 9:00,626.3964658,1.026751141,0.59906,26.461
08/03/2013 10:00,722.1570942,1.222737092,0.529969,28.676
08/03/2013 11:00,807.4110928,1.243797639,0.476212,30.629
08/03/2013 12:00,825.6226244,1.537420825,0.426657,31.945
08/03/2013 13:00,800.5066603,2.047376902,0.383284,32.912
08/03/2013 14:00,740.7688603,2.655334177,0.313104,33.282
08/03/2013 15:00,613.7884758,1.666136049,0.287485,33.892
08/03/2013 16:00,473.4997336,1.498743279,0.266717,34.025
08/03/2013 17:00,330.5091937,1.31191463,0.267553,33.07
08/03/2013 18:00,165.8049409,0.85631675,0.305602,31.634
08/03/2013 19:00,37.02343208,0,0.407583,29.762
08/03/2013 20:00,0.100063365,0,0.503382,24.308
08/03/2013 21:00,0.100063365,0.274844,0.652652,21.295
08/03/2013 22:00,0,0.52538225,0.637978,21.415
08/03/2013 23:00,0,0.70487225,0.6501,20.792
08/04/2013 0:00,0.100063365,0.77031125,0.710446,19.503
08/04/2013 1:00,0,0.77779,0.723613,19.003
08/04/2013 2:00,0,0.84883825,0.731049,18.622
08/04/2013 3:00,0,0.6487815,0.732589,18.408
08/04/2013 4:00,0,1.06946125,0.731753,18.313
08/04/2013 5:00,12.30778829,0.64130275,0.714318,18.598
08/04/2013 6:00,123.6783204,1.621052613,0.703384,19.789
08/04/2013 7:00,291.6846373,0.5833425,0.663751,22.832
08/04/2013 8:00,487.3084274,0.959370102,0.581064,25.185
08/04/2013 9:00,593.9760058,1.027139399,0.504768,28.6
08/04/2013 10:00,699.3426076,1.2713875,0.467643,30.194
08/04/2013 11:00,772.8891871,1.185874266,0.443652,31.608
08/04/2013 12:00,794.3027668,1.85397784,0.42922,31.919
08/04/2013 13:00,772.9892886,1.158012896,0.414117,32.362
08/04/2013 14:00,706.3471416,1.081560405,0.388751,32.755
08/04/2013 15:00,599.7796647,1.291975646,0.380776,33.044
08/04/2013 16:00,464.3939251,1.151395164,0.339746,33.229
08/04/2013 17:00,308.9955981,1.060350144,0.369545,32.729
08/04/2013 18:00,155.7986472,1.235864914,0.407924,31.452
08/04/2013 19:00,10.00633647,0.158923425,0.495275,28.5
08/04/2013 20:00,0,2.883745533,0.473198,27.327
08/04/2013 21:00,0,2.301177311,0.992332,18.146
08/04/2013 22:00,0,1.311972019,0.979572,18.265
08/04/2013 23:00,0,0.54033975,0.977196,18.265
08/05/2013 0:00,0,0.564722882,0.963303,18.099
08/05/2013 1:00,0,0.880624735,0.995786,17.124
08/05/2013 2:00,0,0.21501405,0.99,15.84
08/05/2013 3:00,0,0.473031,0.99,15.649
08/05/2013 4:00,0,0.76657175,0.99,15.268
08/05/2013 5:00,10.80683996,0,0.99,15.792
08/05/2013 6:00,151.5959268,0,0.99,16.149
08/05/2013 7:00,291.9847705,0.4225495,0.96052,17.718
08/05/2013 8:00,477.4021496,0.320333667,0.925771,20.267
08/05/2013 9:00,620.3926896,0.232639033,0.829917,22.543
08/05/2013 10:00,723.2577822,0.018414286,0.740047,24.114
08/05/2013 11:00,797.3046977,0.833008207,0.646976,25.552
08/05/2013 12:00,810.9132742,0.450935906,0.594946,27.178
08/05/2013 13:00,783.8961529,0.586751451,0.526207,28.275
08/05/2013 14:00,716.6535684,0.075369524,0.543884,28.927
08/05/2013 15:00,602.4813768,0.895861245,0.554543,29.407
08/05/2013 16:00,471.6985922,0.27235899,0.52118,30.118
08/05/2013 17:00,318.9018759,0.150518553,0.505351,30.143
08/05/2013 18:00,162.3027595,0.020651373,0.538131,29.66
08/05/2013 19:00,30.61937845,0,0.729674,27.055
08/05/2013 20:00,0.100063365,0.001869688,0.861399,23.098
08/05/2013 21:00,0,0,0.950345,21.175
08/05/2013 22:00,0,0,0.966064,20.792
08/05/2013 23:00,0,0.49546725,0.959992,20.076
08/06/2013 0:00,0,0.130878125,0.99,19.027
08/06/2013 1:00,0.100063365,0.7086115,0.99,18.408
08/06/2013 2:00,0,0,0.99,17.932
08/06/2013 3:00,0,0,0.99,17.1
08/06/2013 4:00,0,0.73478725,0.99,17.528
08/06/2013 5:00,10.90690718,0.041133125,0.99,16.934
08/06/2013 6:00,136.9866781,0.7086115,0.99,18.146
08/06/2013 7:00,284.1798529,0,0.889009,21.702
08/06/2013 8:00,433.3742863,0.225613275,0.806707,24.333
08/06/2013 9:00,580.567461,0.114066249,0.680185,27.178
08/06/2013 10:00,686.0342499,1.000883755,0.63195,28.55
08/06/2013 11:00,767.2856455,0.629376904,0.573419,30.169
08/06/2013 12:00,802.1076844,0.817472742,0.474881,31.323
08/06/2013 13:00,783.0956837,1.271080941,0.450395,32.336
08/06/2013 14:00,715.1527314,2.006391619,0.374,33.414
08/06/2013 15:00,600.2799152,0.920093212,0.384912,33.414
08/06/2013 16:00,466.6954026,1.11821848,0.360041,33.044
08/06/2013 17:00,311.0969583,0.896680242,0.413457,32.44
08/06/2013 18:00,158.900594,0.692423371,0.412786,31.143
08/06/2013 19:00,26.8169783,0,0.460757,29.028
08/06/2013 20:00,0.100063365,0,0.725263,24.551
08/06/2013 21:00,0,0,0.844415,21.75
08/06/2013 22:00,0,0,0.902891,20.482
08/06/2013 23:00,0,0,0.923472,19.956
08/07/2013 0:00,0,1.170425743,0.851994,20.338
08/07/2013 1:00,0,0.91053775,0.869572,19.933
08/07/2013 2:00,0,0.21688375,0.942007,18.598
08/07/2013 3:00,0,0.430032065,0.862653,19.646
08/07/2013 4:00,0,0.16118398,0.644369,22.591
08/07/2013 5:00,10.50664687,0.385523159,0.659131,21.534
08/07/2013 6:00,130.0823312,0.32719525,0.679338,21.558
08/07/2013 7:00,300.5902429,0.73665675,0.613492,23.339
08/07/2013 8:00,465.2944958,0.25053825,0.590832,25.871
08/07/2013 9:00,604.1824168,0.990962471,0.590931,26.387
08/07/2013 10:00,712.6511366,0.925155427,0.540771,27.725
08/07/2013 11:00,787.6985531,0.708355023,0.508563,28.751
08/07/2013 12:00,806.5104365,0.516697322,0.501479,30.22
08/07/2013 13:00,782.8955664,1.318600436,0.477983,30.885
08/07/2013 14:00,709.5491899,1.040818153,0.421894,31.997
08/07/2013 15:00,599.4794459,1.840084247,0.391622,32.991
08/07/2013 16:00,459.2907196,1.50942026,0.381645,32.781
08/07/2013 17:00,302.6916031,1.261811784,0.406142,32.571
08/07/2013 18:00,143.6909934,0.134630483,0.451352,31.272
08/07/2013 19:00,24.71564379,0.115980922,0.497365,29.559
08/07/2013 20:00,0,0,0.651442,26.166
08/07/2013 21:00,0,0,0.77352,23.242
08/07/2013 22:00,0,0,0.84315,22.038
08/07/2013 23:00,0,0.5422095,0.871838,20.912
08/08/2013 0:00,0,0,0.964513,19.027
08/08/2013 1:00,0.100063365,0.454334,0.948772,18.884
08/08/2013 2:00,0,0,0.99,17.267
08/08/2013 3:00,0,0.005609063,0.985281,17.504
08/08/2013 4:00,0.100063365,0,0.99,16.315
08/08/2013 5:00,9.005698537,0,0.99,15.625
08/08/2013 6:00,159.8011647,0,0.99,16.743
08/08/2013 7:00,286.5814318,0,0.916729,19.837
08/08/2013 8:00,490.0101396,0.41133125,0.704561,24.746
08/08/2013 9:00,685.6340153,0.913280746,0.637956,26.733
08/08/2013 10:00,640.0051279,0.729180647,0.58828,28.55
08/08/2013 11:00,654.2140563,0.500814505,0.464332,30.475
08/08/2013 12:00,857.6426784,0.961281366,0.408023,32.939
08/08/2013 13:00,784.396489,1.255196806,0.272217,35.154
08/08/2013 14:00,716.153318,2.029778997,0.261338,36.218
08/08/2013 15:00,591.6745283,0.998569012,0.282546,35.971
08/08/2013 16:00,462.2926505,1.23093767,0.253143,35.67
08/08/2013 17:00,303.0918378,0.947509302,0.255189,35.262
08/08/2013 18:00,145.5921506,0.26549575,0.322773,33.414
08/08/2013 19:00,21.41355404,0.125269075,0.391787,30.988
08/08/2013 20:00,0,0,0.582637,25.994
08/08/2013 21:00,0.100063365,0.44498575,0.680845,23.533
08/08/2013 22:00,0.100063365,1.041416,0.688501,22.929
08/08/2013 23:00,0,0,0.761277,21.702
08/09/2013 0:00,0,0.946062,0.729982,21.463
08/09/2013 1:00,0.100063365,0.151444675,0.810634,19.837
08/09/2013 2:00,0,0.40198275,0.812713,19.766
08/09/2013 3:00,0.100063365,0.97410725,0.845834,19.003
08/09/2013 4:00,0,0,0.925166,18.051
08/09/2013 5:00,9.105765755,0.823885387,0.737198,22.303
08/09/2013 6:00,111.9709012,0.951760991,0.704308,23.702
08/09/2013 7:00,165.6048235,0.585510663,0.678469,24.478
08/09/2013 8:00,178.0126962,1.500403084,0.681483,24.844
08/09/2013 9:00,629.0982635,2.396096993,0.599368,27.327
08/09/2013 10:00,691.4376742,2.456096065,0.555874,28.852
08/09/2013 11:00,770.1875606,2.681119496,0.530475,29.559
08/09/2013 12:00,794.1026495,2.58362499,0.516868,30.118
08/09/2013 13:00,746.4725033,1.87944617,0.433653,30.937
08/09/2013 14:00,705.0462507,1.604628792,0.443817,31.117
08/09/2013 15:00,586.4712214,2.228181925,0.482757,30.911
08/09/2013 16:00,111.1703463,2.287618179,0.505252,29.787
08/09/2013 17:00,99.6630444,1.165977634,0.59565,26.511
08/09/2013 18:00,56.53578604,1.316351762,0.560164,24.771
08/09/2013 19:00,0,5.252518368,0.558767,23.581
08/09/2013 20:00,0,0.001869688,0.99,16.387
08/09/2013 21:00,0,0.438659802,0.99,16.886
08/09/2013 22:00,0,1.402006213,0.99,16.696
08/09/2013 23:00,0,1.331658589,0.99,16.529
08/10/2013 0:00,0,2.552770806,0.991276,16.981
08/10/2013 1:00,0,1.461609057,0.918511,16.839
08/10/2013 2:00,0,0.84135925,0.939466,16.292
08/10/2013 3:00,0,0.041175586,0.931898,16.03
08/10/2013 4:00,0.100063365,1.092671993,0.897028,16.268
08/10/2013 5:00,2.401519895,1.529337007,0.868241,16.553
08/10/2013 6:00,37.42369239,0.946948158,0.817586,17.195
08/10/2013 7:00,169.1070049,0.341268012,0.79838,17.98
08/10/2013 8:00,203.7289265,1.073215177,0.770495,18.575
08/10/2013 9:00,242.2533497,2.276755941,0.668899,19.265
08/10/2013 10:00,674.8271668,2.849738644,0.550572,20.84
08/10/2013 11:00,479.0031737,1.694383509,0.542839,21.51
08/10/2013 12:00,576.1647089,2.194880297,0.50413,21.942
08/10/2013 13:00,356.5256428,2.583705872,0.552563,21.486
08/10/2013 14:00,335.1121487,2.368920522,0.537614,21.271
08/10/2013 15:00,615.9899375,4.371560691,0.476091,21.918
08/10/2013 16:00,480.0038459,2.736998079,0.42196,22.567
08/10/2013 17:00,329.2083884,2.457223158,0.45155,22.303
08/10/2013 18:00,153.0969351,1.430949884,0.503899,21.51
08/10/2013 19:00,25.51614728,1.817383376,0.573936,20.267
08/10/2013 20:00,0.100063365,0,0.700161,18.051
08/10/2013 21:00,0,0,0.891935,14.911
08/10/2013 22:00,0,0.7983565,0.895048,14.315
08/10/2013 23:00,0,0.60577875,0.889691,13.98
08/11/2013 0:00,0,0.018696875,0.952941,12.52
08/11/2013 1:00,0,0.158923425,0.97262,12.207
08/11/2013 2:00,0.100063365,0.033654375,0.99,10.832
08/11/2013 3:00,0.100063365,0.837622087,0.985633,11.437
08/11/2013 4:00,0,0,0.99,9.983
08/11/2013 5:00,6.504116562,0.71609025,0.99,9.983
08/11/2013 6:00,145.191916,0.66560875,0.99,11.509
08/11/2013 7:00,317.1007345,0.951788537,0.917796,14.482
08/11/2013 8:00,485.507286,0.039263425,0.735339,18.979
08/11/2013 9:00,630.4990847,0.179820796,0.5786,22.423
08/11/2013 10:00,686.6346019,0.737605443,0.474518,24.065
08/11/2013 11:00,892.0650821,0.716705056,0.427273,25.014
08/11/2013 12:00,817.8176211,0.333538835,0.433653,25.503
08/11/2013 13:00,696.1406451,0.458454709,0.487421,24.649
08/11/2013 14:00,588.1722613,1.82417966,0.473594,25.332
08/11/2013 15:00,287.4820025,0.41694025,0.557315,24.017
08/11/2013 16:00,87.85560933,0.770456455,0.533687,23.702
08/11/2013 17:00,94.25962014,1.151795749,0.541189,23.291
08/11/2013 18:00,75.04750208,0.669246339,0.564828,23.194
08/11/2013 19:00,11.30715892,0,0.696751,21.223
08/11/2013 20:00,0,0,0.806366,19.933
08/11/2013 21:00,0,0,0.853633,19.122
08/11/2013 22:00,0,0,0.885181,18.765
08/11/2013 23:00,0,0,0.87736,18.598
08/12/2013 0:00,0,0,0.894927,18.194
08/12/2013 1:00,0,0.38515575,0.830445,18.456
08/12/2013 2:00,0,0.519773,0.846923,18.099
08/12/2013 3:00,0,0,0.903958,17.362
08/12/2013 4:00,0,0.237450325,0.929038,16.934
08/12/2013 5:00,1.000633647,0.233710925,0.924132,17.029
08/12/2013 6:00,25.6162145,0.47864,0.92213,17.076
08/12/2013 7:00,84.75364545,0.71796,0.873708,18.099
08/12/2013 8:00,230.7460478,0.28232275,0.810777,19.313
08/12/2013 9:00,152.4964975,0.041133125,0.7348,20.386
08/12/2013 10:00,336.3128526,0.18400043,0.71324,20.816
08/12/2013 11:00,721.7568596,0.860107055,0.601788,22.905
08/12/2013 12:00,840.6321076,0.492647474,0.576708,24.381
08/12/2013 13:00,796.3040255,0.743094292,0.53977,25.259
08/12/2013 14:00,734.0646307,1.642784168,0.503965,26.363
08/12/2013 15:00,630.3990689,1.096595197,0.468028,26.955
08/12/2013 16:00,474.7004375,1.289048686,0.434148,26.56
08/12/2013 17:00,316.1000623,1.252507783,0.442123,26.215
08/12/2013 18:00,150.3952229,0.852068945,0.466092,25.381
08/12/2013 19:00,16.110197,0.282421789,0.54758,23.098
08/12/2013 20:00,0.100063365,0,0.800327,19.194
08/12/2013 21:00,0.300190008,0,0.857142,17.243
08/12/2013 22:00,0,0.0448725,0.906521,16.411
08/12/2013 23:00,0.100063365,1.11433375,0.883608,16.411
08/13/2013 0:00,0,0,0.907665,16.506
08/13/2013 1:00,0,0,0.968374,15.03
08/13/2013 2:00,0,0,0.997073,13.933
08/13/2013 3:00,0.300190008,1.12929125,0.994587,13.98
08/13/2013 4:00,0.100063365,0.5983,0.968759,14.506
08/13/2013 5:00,3.702343208,0,0.99,14.028
08/13/2013 6:00,126.0798138,0,0.99,14.744
08/13/2013 7:00,67.04243291,0.47490075,0.92257,16.767
08/13/2013 8:00,47.53008751,0.091614675,0.99,16.743
08/13/2013 9:00,338.113994,0.243059375,0.99,17.599
08/13/2013 10:00,683.5326551,0.228293361,0.80674,21.008
08/13/2013 11:00,486.5079582,0.753484,0.731676,22.519
08/13/2013 12:00,751.5757945,1.179920893,0.670934,24.041
08/13/2013 13:00,127.6808379,1.698444327,0.567369,23.968
08/13/2013 14:00,79.85054016,0.357496767,0.843986,19.861
08/13/2013 15:00,43.82773745,0.731203119,0.954679,18.48
08/13/2013 16:00,71.44521924,0.214289353,0.99,17.076
08/13/2013 17:00,35.72260962,1.274047709,0.99,16.91
08/13/2013 18:00,56.6358447,0.865697555,0.99,16.411
08/13/2013 19:00,5.103230313,0,0.99,16.411
08/13/2013 20:00,0,0.815320963,0.99,16.173
08/13/2013 21:00,0,0.454334,0.99,15.84
08/13/2013 22:00,0,0.093484375,0.99,15.578
08/13/2013 23:00,0,0.603920577,0.99,15.364
08/14/2013 0:00,0,0.693654,0.99,14.935
08/14/2013 1:00,0,0.26549575,0.99,14.601
08/14/2013 2:00,0,0.001869688,0.99,14.267
08/14/2013 3:00,0,0.57586375,0.99,14.124
08/14/2013 4:00,0,0.584312493,0.99,13.837
08/14/2013 5:00,0.300190008,0.413239069,0.99,13.455
08/14/2013 6:00,13.80873662,0.41507075,0.99,13.311
08/14/2013 7:00,46.22926505,0.7871385,0.99,13.598
08/14/2013 8:00,145.0918145,0.53286428,0.99,14.171
08/14/2013 9:00,254.3610036,1.095391175,0.99,15.197
08/14/2013 10:00,482.6054566,1.146965923,0.948475,16.648
08/14/2013 11:00,325.4059882,1.675039664,0.912263,16.767
08/14/2013 12:00,377.9392225,0.52354595,0.815826,17.98
08/14/2013 13:00,179.9138534,0.031784675,0.785169,18.527
08/14/2013 14:00,226.7435304,0.616421487,0.866206,18.075
08/14/2013 15:00,95.46040963,0.850140511,0.913946,17.576
08/14/2013 16:00,75.74794692,0.449849337,0.928917,17.124
08/14/2013 17:00,65.14123283,0.170541739,0.9317,17.029
08/14/2013 18:00,51.13236178,0.083719432,0.951313,16.934
08/14/2013 19:00,6.404053625,0.565091203,0.957132,16.411
08/14/2013 20:00,0,0.489861568,0.983653,15.459
08/14/2013 21:00,0.100063365,0.102832825,0.99,14.959
08/14/2013 22:00,0,0,0.99,14.004
08/14/2013 23:00,0,0.099093425,0.99,13.861
08/15/2013 0:00,0,0.12713875,0.99,13.909
08/15/2013 1:00,0,0.603909,0.99,13.167
08/15/2013 2:00,0,0.639435983,0.99,12.424
08/15/2013 3:00,0.300190008,1.06572364,0.983224,12.904
08/15/2013 4:00,0,0.929236631,0.99,11.581
08/15/2013 5:00,3.902469937,1.0862885,0.988262,11.34
08/15/2013 6:00,122.2774136,0.826404115,0.936133,12.063
08/15/2013 7:00,300.8904617,0.723569,0.809061,14.291
08/15/2013 8:00,471.3983734,1.516348873,0.580514,17.409
08/15/2013 9:00,624.1950897,1.028343547,0.501754,19.384
08/15/2013 10:00,730.7625667,0.685206751,0.430903,20.004
08/15/2013 11:00,845.1349612,0.473784063,0.435347,20.744
08/15/2013 12:00,819.4186452,0.983427188,0.454311,20.744
08/15/2013 13:00,560.5547881,0.921530344,0.467203,21.079
08/15/2013 14:00,871.2518543,0.658950131,0.442904,22.279
08/15/2013 15:00,207.4313108,0.423479183,0.462099,20.984
08/15/2013 16:00,514.4256502,0.39203304,0.469425,21.151
08/15/2013 17:00,143.8911107,0.95541025,0.48191,20.912
08/15/2013 18:00,137.6871315,0.910908156,0.504152,20.123
08/15/2013 19:00,11.70741067,0.047667877,0.636559,17.576
08/15/2013 20:00,0,0.001869688,0.81609,14.219
08/15/2013 21:00,0.100063365,0.4935975,0.893233,12.448
08/15/2013 22:00,0.200126644,0.190708125,0.94622,11.292
08/15/2013 23:00,0.100063365,0.76096275,0.91806,11.244
08/16/2013 0:00,0.100063365,0.86566525,0.931194,10.711
08/16/2013 1:00,0.100063365,0.75909325,0.954041,10.031
08/16/2013 2:00,0.100063365,0.903059,0.935209,9.983
08/16/2013 3:00,0,1.022719,0.959937,9.3
08/16/2013 4:00,0.100063365,0.7216995,0.970112,8.785
08/16/2013 5:00,3.001900083,0.882494481,0.97757,8.466
08/16/2013 6:00,124.5788911,0.63569375,0.9449,9.324
08/16/2013 7:00,301.7910324,0.35524075,0.888734,12.087
08/16/2013 8:00,480.0038459,0.52164275,0.711513,16.601
08/16/2013 9:00,627.897474,1.331852832,0.560131,18.646
08/16/2013 10:00,733.7644976,0.692847321,0.457611,20.529
08/16/2013 11:00,812.6143998,0.655439598,0.461912,21.702
08/16/2013 12:00,833.5275578,0.420184959,0.426734,22.64
08/16/2013 13:00,808.4116794,0.967763333,0.385792,23.46
08/16/2013 14:00,736.7663428,0.231871404,0.375727,23.654
08/16/2013 15:00,618.691564,0.942237196,0.377421,24.235
08/16/2013 16:00,472.0988268,0.507302535,0.379874,24.478
08/16/2013 17:00,315.4997104,0.6618695,0.427592,23.702
08/16/2013 18:00,145.2919318,0,0.434775,23.654
08/16/2013 19:00,10.70677274,0,0.613305,20.052
08/16/2013 20:00,0.200126644,0,0.780802,15.673
08/16/2013 21:00,0.100063365,0,0.877789,13.837
08/16/2013 22:00,0.100063365,0.532861,0.890087,13.646
08/16/2013 23:00,0,1.005892,0.912428,12.808
08/17/2013 0:00,0.100063365,0.47116125,0.940346,12.207
08/17/2013 1:00,0,0.91614675,0.957154,11.437
08/17/2013 2:00,0.200126644,0.213144375,0.99,10.347
08/17/2013 3:00,0,0,0.99,9.544
08/17/2013 4:00,0,0.67121775,0.999317,9.934
08/17/2013 5:00,3.802407,0,0.99,8.564
08/17/2013 6:00,119.6757173,0.747875,0.98681,10.808
08/17/2013 7:00,311.4971929,0,0.877525,13.98
08/17/2013 8:00,468.9968801,0.46181275,0.720775,17.861
08/17/2013 9:00,613.1881239,0.444851992,0.584089,21.942
08/17/2013 10:00,719.8557023,1.344558787,0.514459,23.315
08/17/2013 11:00,797.4047136,0.749219966,0.474672,24.478
08/17/2013 12:00,814.3154397,0.757613519,0.495495,25.356
08/17/2013 13:00,785.7973958,0.926507094,0.442673,26.068
08/17/2013 14:00,712.0506991,0.977490732,0.443212,26.215
08/17/2013 15:00,588.2723628,1.066610489,0.46354,26.832
08/17/2013 16:00,441.67954,0.834412891,0.423093,27.129
08/17/2013 17:00,284.6801889,0.509039418,0.468622,26.264
08/17/2013 18:00,126.1798296,0.450342481,0.490292,25.21
08/17/2013 19:00,8.805572664,0,0.630014,22.76
08/17/2013 20:00,0,0,0.820611,18.432
08/17/2013 21:00,0,0.009348438,0.865546,17.124
08/17/2013 22:00,0,0.998413,0.868395,17.148
08/17/2013 23:00,0,0.81518375,0.893145,16.173
08/18/2013 0:00,0,0.39263425,0.91322,15.435
08/18/2013 1:00,0,0.98906475,0.950378,14.72
08/18/2013 2:00,0,0.7329175,0.97086,14.076
08/18/2013 3:00,0.100063365,0.2262322,0.958419,13.263
08/18/2013 4:00,0,0.114050925,0.99,12.111
08/18/2013 5:00,3.001900083,0,0.99,11.485
08/18/2013 6:00,107.8682823,0.3197165,0.99,12.64
08/18/2013 7:00,286.3813145,0.65065125,0.864809,16.672
08/18/2013 8:00,452.6865058,0.129008425,0.720819,21.678
08/18/2013 9:00,598.2786564,1.1966,0.682099,23.484
08/18/2013 10:00,694.5396209,1.338688475,0.548196,25.234
08/18/2013 11:00,774.79043,1.386402093,0.45958,26.56
08/18/2013 12:00,794.4028683,1.202009865,0.455521,27.402
08/18/2013 13:00,764.984168,1.168711817,0.431079,28.35
08/18/2013 14:00,705.1463522,1.177233652,0.407286,28.801
08/18/2013 15:00,589.5731681,1.288324647,0.361031,29.003
08/18/2013 16:00,456.488906,1.115570696,0.326337,29.281
08/18/2013 17:00,295.7872562,0.925306575,0.413776,28.325
08/18/2013 18:00,128.9816432,0.302016812,0.469601,27.055
08/18/2013 19:00,5.90373723,0,0.625174,23.146
08/18/2013 20:00,0,0,0.808379,18.789
08/18/2013 21:00,0.200126644,1.06385225,0.82346,18.146
08/18/2013 22:00,0.100063365,1.0862885,0.849013,17.504
08/18/2013 23:00,0,1.0133705,0.857098,16.957
08/19/2013 0:00,0,0,0.948585,15.292
08/19/2013 1:00,0,0.651427137,0.91465,15.768
08/19/2013 2:00,0,0.11966,0.96261,14.41
08/19/2013 3:00,0.100063365,0.508555,0.98043,14.362
08/19/2013 4:00,0.100063365,0.9535405,0.987844,14.076
08/19/2013 5:00,3.602280271,0.5235125,0.985314,14.219
08/19/2013 6:00,63.34009141,0.32532575,0.967362,14.982
08/19/2013 7:00,241.2526776,0.003739375,0.924033,17.599
08/19/2013 8:00,392.1482366,0.69926325,0.756525,20.96
08/19/2013 9:00,541.0424513,0.38332704,0.715583,23.122
08/19/2013 10:00,674.6270495,1.113115818,0.652861,24.99
08/19/2013 11:00,706.8473921,1.604703951,0.544973,26.437
08/19/2013 12:00,726.9601665,0.548784457,0.501721,27.651
08/19/2013 13:00,485.0070356,0.673879097,0.474881,28.099
08/19/2013 14:00,739.2679377,1.494334087,0.475453,28.852
08/19/2013 15:00,592.4749976,1.759082768,0.446875,29.331
08/19/2013 16:00,433.8746224,0.454083814,0.460944,28.877
08/19/2013 17:00,253.7606517,0.698297674,0.485628,28.3
08/19/2013 18:00,58.13680159,0.109020579,0.5555,26.881
08/19/2013 19:00,5.303357042,0,0.723679,23.363
08/19/2013 20:00,0,0,0.788777,20.721
08/19/2013 21:00,0,1.147490034,0.661056,22.255
08/19/2013 22:00,0.100063365,1.699392813,0.636053,21.079
08/19/2013 23:00,0,0.963193972,0.768636,19.241
08/20/2013 0:00,0,1.382553809,0.851279,17.267
08/20/2013 1:00,0,1.087258247,0.857219,16.601
08/20/2013 2:00,0,0.205665625,0.968374,15.483
08/20/2013 3:00,0,0.502946,0.99396,15.364
08/20/2013 4:00,0,0,0.99,14.982
08/20/2013 5:00,0.500316652,1.112503278,0.966878,14.911
08/20/2013 6:00,34.42178716,0.915517006,0.94545,14.887
08/20/2013 7:00,86.25458522,0.467829236,0.853952,16.125
08/20/2013 8:00,118.1747947,0.871196272,0.727397,17.576
08/20/2013 9:00,210.3331403,1.318394811,0.653752,18.432
08/20/2013 10:00,265.0677506,1.782160428,0.650287,18.17
08/20/2013 11:00,232.0468531,0.725065058,0.737011,17.671
08/20/2013 12:00,313.1982329,1.599397099,0.677875,18.884
08/20/2013 13:00,507.4212018,2.497097604,0.590744,19.813
08/20/2013 14:00,329.9088418,2.824692214,0.562661,19.646
08/20/2013 15:00,176.8119067,2.031537429,0.591041,18.694
08/20/2013 16:00,166.805613,2.224580025,0.568986,18.813
08/20/2013 17:00,139.1881398,3.108028028,0.564179,18.361
08/20/2013 18:00,64.440788,1.396481465,0.595969,17.504
08/20/2013 19:00,4.202660459,0.683487891,0.641575,16.791
08/20/2013 20:00,0.100063365,1.186608075,0.683694,16.434
08/20/2013 21:00,0,1.488352395,0.702339,16.411
08/20/2013 22:00,0,1.722672236,0.696641,16.339
08/20/2013 23:00,0,2.020536256,0.694133,16.22
08/21/2013 0:00,0,1.611714951,0.707146,15.84
08/21/2013 1:00,0,1.188399195,0.686433,15.959
08/21/2013 2:00,0,1.205675942,0.674729,16.03
08/21/2013 3:00,0,0.567554126,0.658999,15.911
08/21/2013 4:00,0,0.845365449,0.698665,15.316
08/21/2013 5:00,0.500316652,1.004667935,0.700942,15.316
08/21/2013 6:00,59.13743095,0.810733222,0.714142,15.244
08/21/2013 7:00,206.630756,1.141166598,0.682968,16.22
08/21/2013 8:00,223.1412475,1.833409532,0.666831,16.601
08/21/2013 9:00,460.0911888,2.065448783,0.645326,17.813
08/21/2013 10:00,783.8961529,2.419171176,0.590645,19.527
08/21/2013 11:00,828.9246884,2.842343503,0.564608,20.028
08/21/2013 12:00,805.3097326,2.726021349,0.537933,21.008
08/21/2013 13:00,775.1907502,2.483087124,0.5313,21.75
08/21/2013 14:00,699.5428106,2.713944943,0.494923,22.207
08/21/2013 15:00,579.0665384,2.200491863,0.462506,22.182
08/21/2013 16:00,437.2767879,1.873665577,0.487025,22.134
08/21/2013 17:00,270.5712764,2.881597565,0.511687,21.271
08/21/2013 18:00,106.6674928,2.140229574,0.541233,20.147
08/21/2013 19:00,4.00253373,1.156337733,0.600083,18.598
08/21/2013 20:00,0.100063365,0.0448725,0.673431,16.957
08/21/2013 21:00,0,0,0.847814,13.718
08/21/2013 22:00,0,0.177620325,0.849992,12.928
08/21/2013 23:00,0,0,0.909139,12.087
08/22/2013 0:00,0,0.001869688,0.913088,12.952
08/22/2013 1:00,0,0,0.925265,11.63
08/22/2013 2:00,0,0.78366892,0.913209,12.28
08/22/2013 3:00,0,0,0.937167,11.316
08/22/2013 4:00,0.200126644,0.80022625,0.972598,11.002
08/22/2013 5:00,1.500950042,1.155480364,0.94798,11.292
08/22/2013 6:00,26.71691108,0.818923,0.92928,11.581
08/22/2013 7:00,265.9683213,0.033654375,0.840004,14.219
08/22/2013 8:00,451.7859351,0.589248201,0.672364,17.29
08/22/2013 9:00,608.3851372,1.901740518,0.560307,19.456
08/22/2013 10:00,722.8575476,2.30072239,0.469381,20.267
08/22/2013 11:00,783.0956837,1.248011841,0.500698,21.223
08/22/2013 12:00,808.3116636,1.346394411,0.448932,21.918
08/22/2013 13:00,778.1925955,0.963119654,0.456258,22.64
08/22/2013 14:00,695.6403946,0.971044783,0.474661,23.049
08/22/2013 15:00,602.6814942,0.230389203,0.453816,23.581
08/22/2013 16:00,495.2134465,1.263941815,0.454498,23.557
08/22/2013 17:00,261.4654678,1.293176494,0.472307,22.881
08/22/2013 18:00,108.0683996,1.272852098,0.507331,21.702
08/22/2013 19:00,5.103230313,0.70674175,0.6237,18.741
08/22/2013 20:00,0,0,0.732809,15.53
08/22/2013 21:00,0,0.005609063,0.788898,14.41
08/22/2013 22:00,0,1.13490025,0.803891,14.362
08/22/2013 23:00,0,1.415354735,0.830819,13.574
08/23/2013 0:00,0,0.9965435,0.823405,13.311
08/23/2013 1:00,0,0.89931975,0.841731,12.808
08/23/2013 2:00,0,1.170461583,0.865337,12.304
08/23/2013 3:00,0,1.13490025,0.868758,12.207
08/23/2013 4:00,0,0.873144,0.924385,11.05
08/23/2013 5:00,1.000633647,0.0149575,0.984918,9.69
08/23/2013 6:00,87.05514009,0.79648675,0.971619,10.42
08/23/2013 7:00,258.4636225,0.58708175,0.875292,13.167
08/23/2013 8:00,427.6707289,0.114050925,0.716518,17.171
08/23/2013 9:00,570.8613862,0.573579719,0.654038,18.979
08/23/2013 10:00,685.3337965,0.841635689,0.597498,20.625
08/23/2013 11:00,751.1754742,1.149432157,0.543884,21.99
08/23/2013 12:00,747.4730899,1.060987822,0.517924,23.267
08/23/2013 13:00,732.4636922,1.115062939,0.486321,24.065
08/23/2013 14:00,640.3053467,1.240206247,0.484374,24.503
08/23/2013 15:00,425.6694702,0.568928978,0.522533,24.308
08/23/2013 16:00,258.2635052,0.572872422,0.522401,24.211
08/23/2013 17:00,247.3565552,0.462402802,0.539627,23.92
08/23/2013 18:00,93.95948699,0,0.577786,23.025
08/23/2013 19:00,3.902469937,0,0.702097,20.697
08/23/2013 20:00,0,0,0.743259,19.527
08/23/2013 21:00,0,0,0.798391,17.837
08/23/2013 22:00,0,0,0.889823,15.935
08/23/2013 23:00,0.100063365,0.162662825,0.873884,15.935
08/24/2013 0:00,0,0.51042475,0.85679,16.149
08/24/2013 1:00,0.100063365,0.777792247,0.873466,15.887
08/24/2013 2:00,0,0.8170535,0.806575,16.625
08/24/2013 3:00,0,1.306977031,0.788986,17.148
08/24/2013 4:00,0,0.012542245,0.73975,17.909
08/24/2013 5:00,0.100063365,0,0.809094,16.625
08/24/2013 6:00,6.103863959,0,0.955042,15.602
08/24/2013 7:00,18.81190913,0.001869688,0.99,14.362
08/24/2013 8:00,57.13616366,0.0430028,0.99,14.625
08/24/2013 9:00,75.74794692,0.093559133,0.99,15.364
08/24/2013 10:00,148.5940815,0.03328884,0.99,15.911
08/24/2013 11:00,91.45789217,0.568145025,0.99,16.006
08/24/2013 12:00,146.9930574,0.958945505,0.99,15.673
08/24/2013 13:00,165.1044875,0.05422095,0.99,15.673
08/24/2013 14:00,141.8898519,0.60016975,0.99,15.982
08/24/2013 15:00,256.5623796,0.108441875,0.99,16.791
08/24/2013 16:00,197.6250489,0.28681883,0.966207,17.148
08/24/2013 17:00,100.9639354,0,0.958265,17.076
08/24/2013 18:00,73.14630201,0.4524645,0.960223,16.91
08/24/2013 19:00,1.701076771,0,0.99,16.411
08/24/2013 20:00,0,0,0.99,15.078
08/24/2013 21:00,0.100063365,0.63008475,0.99,14.339
08/24/2013 22:00,0,0,0.99,13.263
08/24/2013 23:00,0,0,0.99,12.207
08/25/2013 0:00,0,0,0.99,11.388
08/25/2013 1:00,0,0,0.99,10.614
08/25/2013 2:00,0,0,0.99,10.372
08/25/2013 3:00,0,0.6543905,0.99,10.226
08/25/2013 4:00,0.100063365,0.65065125,0.99,9.934
08/25/2013 5:00,2.10133023,0.35711025,0.99,9.642
08/25/2013 6:00,56.1355343,0,0.99,10.59
08/25/2013 7:00,78.44965905,0.28045325,0.99,11.847
08/25/2013 8:00,51.33248766,0.181359675,0.99,12.856
08/25/2013 9:00,269.4705883,0,0.99,13.789
08/25/2013 10:00,79.25016254,0,0.99,14.911
08/25/2013 11:00,155.398327,1.464652891,0.99,15.34
08/25/2013 12:00,65.34135871,0.67495725,0.99,15.125
08/25/2013 13:00,74.14693137,0.403856828,0.99,15.149
08/25/2013 14:00,109.3692049,0.065439075,0.99,15.483
08/25/2013 15:00,39.12476659,0.26175625,0.99,15.221
08/25/2013 16:00,84.25332649,0.551430978,0.99,15.554
08/25/2013 17:00,105.8670235,0.675958508,0.99,15.959
08/25/2013 18:00,52.03293249,0.065439075,0.99,15.768
08/25/2013 19:00,1.500950042,0.03739375,0.99,15.054
08/25/2013 20:00,0,0.364589,0.99,14.911
08/25/2013 21:00,0,0.05422095,0.99,14.744
08/25/2013 22:00,0,0.3197165,0.99,15.006
08/25/2013 23:00,0,0.2841925,0.99,14.506
08/26/2013 0:00,0,0,0.99,14.243
08/26/2013 1:00,0,0,0.99,14.195
08/26/2013 2:00,0,0.058560332,0.99,13.861
08/26/2013 3:00,0,0.22997915,0.99,12.88
08/26/2013 4:00,0,0.27297425,0.99,12.256
08/26/2013 5:00,0.500316652,1.11247814,0.99,12.039
08/26/2013 6:00,37.92400279,0.906891015,0.99,11.75
08/26/2013 7:00,60.23812754,0.88062275,0.99,12.544
08/26/2013 8:00,107.9682981,0,0.99,13.622
08/26/2013 9:00,77.34896246,0.001869688,0.99,13.98
08/26/2013 10:00,212.5345163,0.371258983,0.99,14.935
08/26/2013 11:00,437.9772413,0.23833932,0.935088,16.458
08/26/2013 12:00,754.3774368,1.181851108,0.851213,18.337
08/26/2013 13:00,296.4877096,1.11742261,0.849717,18.503
08/26/2013 14:00,387.1450469,0.636147388,0.776963,19.217
08/26/2013 15:00,247.9569928,1.6025361,0.826133,18.646
08/26/2013 16:00,176.3115706,1.897729066,0.82709,18.361
08/26/2013 17:00,110.970229,0.878880289,0.912241,17.504
08/26/2013 18:00,37.92400279,0.02243625,0.925683,17.409
08/26/2013 19:00,1.300823312,0.748904955,0.941578,16.648
08/26/2013 20:00,0,0.001869688,0.980419,15.792
08/26/2013 21:00,0,0,0.99,15.268
08/26/2013 22:00,0,0.4524645,0.99,15.173
08/26/2013 23:00,0,0.31597725,0.99,14.601
08/27/2013 0:00,0,0,0.99,14.362
08/27/2013 1:00,0,0,0.99,14.148
08/27/2013 2:00,0,0,0.99,14.076
08/27/2013 3:00,0,0,0.99,13.98
08/27/2013 4:00,0,0.486927077,0.99,13.741
08/27/2013 5:00,0,0.293541,0.99,13.646
08/27/2013 6:00,2.701710417,0,0.99,13.502
08/27/2013 7:00,15.50981938,0,0.99,13.646
08/27/2013 8:00,64.64091387,0,0.99,14.148
08/27/2013 9:00,138.4876864,0.00747875,0.99,14.863
08/27/2013 10:00,244.6548431,1.365122976,0.99,15.578
08/27/2013 11:00,186.9183018,1.338249582,0.99,15.744
08/27/2013 12:00,392.7485885,1.112055547,0.99,16.411
08/27/2013 13:00,411.8606907,1.29744184,0.969254,17.171
08/27/2013 14:00,597.8784218,0.27707356,0.882453,18.527
08/27/2013 15:00,387.7454845,0.339733137,0.851532,19.027
08/27/2013 16:00,304.7928777,0.772181,0.839025,19.337
08/27/2013 17:00,98.96267663,0.033654375,0.840917,19.194
08/27/2013 18:00,67.24255878,0,0.932778,18.789
08/27/2013 19:00,1.200760376,0.663739,0.988559,17.29
08/27/2013 20:00,0,0.009348438,0.99,16.22
08/27/2013 21:00,0,0,0.99,15.364
08/27/2013 22:00,0.100063365,0.26549575,0.99,15.34
08/27/2013 23:00,0,0.7441355,0.99,14.792
08/28/2013 0:00,0.100063365,0.83763878,0.99,15.435
08/28/2013 1:00,0,1.077462389,0.990154,15.149
08/28/2013 2:00,0,0.992804,0.99,14.076
08/28/2013 3:00,0,0.001869688,0.99,13.909
08/28/2013 4:00,0,0.64504225,0.99,13.98
08/28/2013 5:00,0.200126644,0.38702525,0.99,14.1
08/28/2013 6:00,15.91007113,0,0.99,14.195
08/28/2013 7:00,74.04687272,0.428121695,0.99,14.649
08/28/2013 8:00,85.45409029,0.69456305,0.99,15.125
08/28/2013 9:00,158.900594,1.204615791,0.99,15.935
08/28/2013 10:00,142.99054,1.499280709,0.99,15.53
08/28/2013 11:00,327.6073642,1.514461878,0.984214,16.22
08/28/2013 12:00,113.4718238,0.786745468,0.969573,15.935
08/28/2013 13:00,305.3933153,1.741221332,0.960674,16.625
08/28/2013 14:00,362.0291685,1.815932618,0.905003,17.29
08/28/2013 15:00,55.73528255,1.718424889,0.889427,16.411
08/28/2013 16:00,73.04623479,0.796488944,0.946528,15.887
08/28/2013 17:00,31.31982329,1.247452863,0.921547,15.625
08/28/2013 18:00,27.71754045,0.158350505,0.91652,15.792
08/28/2013 19:00,0.500316652,0.214688657,0.906741,15.506
08/28/2013 20:00,0,1.047191923,0.933988,15.078
08/28/2013 21:00,0,0.256208656,0.892386,15.102
08/28/2013 22:00,0,1.002705106,0.880693,15.316
08/28/2013 23:00,0,1.4829369,0.86306,15.387
08/29/2013 0:00,0.100063365,1.49968648,0.863533,15.459
08/29/2013 1:00,0,1.262793573,0.905355,14.696
08/29/2013 2:00,0,0.987494175,0.875941,14.601
08/29/2013 3:00,0,0.940519808,0.913616,13.646
08/29/2013 4:00,0.100063365,0.148743,0.934945,13.455
08/29/2013 5:00,0.200126644,0.349636499,0.899129,14.004
08/29/2013 6:00,46.02913061,0.693654,0.874731,14.863
08/29/2013 7:00,81.65168158,0.166496678,0.837595,15.625
08/29/2013 8:00,117.8745759,0.34762124,0.800657,16.078
08/29/2013 9:00,267.9696657,0.681125954,0.736219,17.433
08/29/2013 10:00,687.4350711,1.153901776,0.637384,19.456
08/29/2013 11:00,560.5547881,2.066195075,0.606232,19.885
08/29/2013 12:00,621.6934949,1.545780441,0.572539,20.482
08/29/2013 13:00,734.6650683,1.931780767,0.501017,20.936
08/29/2013 14:00,501.9176761,2.241520569,0.488972,21.175
08/29/2013 15:00,599.979782,1.271663845,0.448976,21.654
08/29/2013 16:00,425.1691341,1.041133985,0.458095,21.798
08/29/2013 17:00,193.8226487,1.654373427,0.528396,19.933
08/29/2013 18:00,41.02596666,0.839014746,0.545996,18.17
08/29/2013 19:00,0.500316652,0.518766684,0.576334,17.124
08/29/2013 20:00,0,0.34028325,0.669339,16.149
08/29/2013 21:00,0.100063365,0,0.798655,14.41
08/29/2013 22:00,0,0,0.77539,14.148
08/29/2013 23:00,0,0,0.850685,12.832
08/30/2013 0:00,0.200126644,1.09937625,0.941446,10.808
