DateTime,Cloudiness (0 - 1),Wind Speed (m/s),Relative Humidity (0 - 1),Air Temp (*C)
07/01/2013 0:00,1,0.65999975,0.80423,10.583
07/01/2013 1:00,0.999899937,0.61138775,0.76821,11.335
07/01/2013 2:00,1,0.92923475,0.79572,10.559
07/01/2013 3:00,0.999899937,1.00402225,0.79498,10.218
07/01/2013 4:00,0.998098796,0.459943,0.88824,8.501
07/01/2013 5:00,0.95447118,0.8881015,0.87713,8.969
07/01/2013 6:00,0.752843562,1.217831378,0.75321,12.301
07/01/2013 7:00,0.588039208,0.339650804,0.61971,14.864
07/01/2013 8:00,0.422234267,0.438851091,0.58547,16.698
07/01/2013 9:00,0.240419171,1.04452803,0.57685,17.601
07/01/2013 10:00,0.685901196,0.803056418,0.58828,17.53
07/01/2013 11:00,0.618458495,0.91845823,0.54975,18.743
07/01/2013 12:00,0.545212134,0.751605073,0.51704,19.314
07/01/2013 13:00,0.230813112,0.82585608,0.50692,20.864
07/01/2013 14:00,0.368500243,0.699797851,0.53429,20.721
07/01/2013 15:00,0.433641553,0.567058013,0.4655,22.492
07/01/2013 16:00,0.668290017,0.34028325,0.52343,21.222
07/01/2013 17:00,0.618258377,0.7142205,0.50387,21.414
07/01/2013 18:00,0.749641514,0.871402881,0.49727,21.677
07/01/2013 19:00,0.891631382,0.734808658,0.55858,20.339
07/01/2013 20:00,0.99639772,0.001869688,0.73761,17.815
07/01/2013 21:00,1,0,0.81451,16.508
07/01/2013 22:00,1,0,0.87755,13.741
07/01/2013 23:00,0.999899937,0.3683285,0.91088,12.565
07/02/2013 0:00,1,0.38702525,0.92416,11.843
07/02/2013 1:00,0.999899937,0,0.95068,10.583
07/02/2013 2:00,1,0,0.94793,10.315
07/02/2013 3:00,0.999899937,0,0.96711,9.73
07/02/2013 4:00,0.99819886,0,0.9718,9.24
07/02/2013 5:00,0.959274218,0,0.97952,9.411
07/02/2013 6:00,0.771055094,0.185099075,0.9277,12.011
07/02/2013 7:00,0.603248894,0.0467422,0.78318,15.674
07/02/2013 8:00,0.440846119,0.785647061,0.68418,18.291
07/02/2013 9:00,0.301157643,1.209086645,0.66001,20.339
07/02/2013 10:00,0.195290619,2.285731674,0.58939,21.964
07/02/2013 11:00,0.115039639,1.517754442,0.55749,23.19
07/02/2013 12:00,0.103632867,1.695312749,0.50623,24.132
07/02/2013 13:00,0.115639905,1.471587775,0.50665,24.69
07/02/2013 14:00,0.173276688,1.857597205,0.44565,26.129
07/02/2013 15:00,0.87722225,0.52581772,0.48941,24.69
07/02/2013 16:00,0.870317903,0.378735239,0.66128,22.444
07/02/2013 17:00,0.877922704,0.31784675,0.70834,22.132
07/02/2013 18:00,0.907141201,0,0.78171,21.749
07/02/2013 19:00,0.9459658,0,0.78792,21.294
07/02/2013 20:00,0.9969981,0,0.86742,18.006
07/02/2013 21:00,1,0.001869688,0.92927,16.317
07/02/2013 22:00,1,0,0.95896,15.079
07/02/2013 23:00,0.999899937,0.412976683,0.97685,14.458
07/03/2013 0:00,0.999899937,0,0.94966,13.406
07/03/2013 1:00,1,0.179499738,0.96226,13.022
07/03/2013 2:00,1,0.034475334,0.959,12.373
07/03/2013 3:00,1,0,0.9614,11.649
07/03/2013 4:00,0.998899303,0.001869688,0.95832,10.972
07/03/2013 5:00,0.961375552,0,0.9836,10.802
07/03/2013 6:00,0.773156454,0,0.93576,13.334
07/03/2013 7:00,0.602548441,0.145835625,0.84514,17.245
07/03/2013 8:00,0.452853671,0.73960499,0.71232,20.029
07/03/2013 9:00,0.580934744,0.714230466,0.67998,20.864
07/03/2013 10:00,0.401421125,1.385901288,0.6187,22.492
07/03/2013 11:00,0.270738442,2.59877758,0.5376,24.398
07/03/2013 12:00,0.35178972,1.82389525,0.52361,24.787
07/03/2013 13:00,0.111437185,2.335244997,0.51281,26.203
07/03/2013 14:00,0.197992331,1.919845106,0.49265,25.958
07/03/2013 15:00,0.300857424,1.893805306,0.43915,26.154
07/03/2013 16:00,0.448951169,2.200462361,0.3696,26.522
07/03/2013 17:00,0.763350192,1.742614862,0.40952,25.738
07/03/2013 18:00,0.900136753,0.417677417,0.48603,24.302
07/03/2013 19:00,0.950268519,0.35711025,0.62277,22.372
07/03/2013 20:00,0.997398353,0.0467422,0.70714,19.767
07/03/2013 21:00,1,0,0.8311,17.126
07/03/2013 22:00,1,0,0.87604,15.46
07/03/2013 23:00,0.999899937,0.185099075,0.89653,14.864
07/04/2013 0:00,1,0,0.90096,14.936
07/04/2013 1:00,1,0.59082125,0.88007,15.126
07/04/2013 2:00,1,0.58708175,0.88108,15.436
07/04/2013 3:00,1,0.001869688,0.86722,15.722
07/04/2013 4:00,0.998599113,0,0.89927,15.222
07/04/2013 5:00,0.957573144,0,0.93338,14.84
07/04/2013 6:00,0.782262177,0.170141575,0.86329,17.173
07/04/2013 7:00,0.661785905,1.149299747,0.70889,20.697
07/04/2013 8:00,0.452253319,1.669735682,0.60391,22.805
07/04/2013 9:00,0.307561739,1.57160771,0.55772,23.769
07/04/2013 10:00,0.610653577,0.495308415,0.57693,23.094
07/04/2013 11:00,0.559521164,0.155858386,0.54217,24.957
07/04/2013 12:00,0.641873333,0.4874008,0.52536,24.908
07/04/2013 13:00,0.230412877,1.315304853,0.57855,25.811
07/04/2013 14:00,0.64327424,1.103274187,0.57779,25.103
07/04/2013 15:00,0.829692206,1.288517221,0.57026,24.86
07/04/2013 16:00,0.565324908,1.022575503,0.54272,25.566
07/04/2013 17:00,0.604349582,1.962535188,0.53452,25.347
07/04/2013 18:00,0.795870753,1.931578253,0.55962,24.641
07/04/2013 19:00,0.942363517,0.198583338,0.58486,23.624
07/04/2013 20:00,0.99609753,1.06011275,0.6806,20.386
07/04/2013 21:00,1,0.108441875,0.77221,18.529
07/04/2013 22:00,1,0.27110475,0.82877,17.197
07/04/2013 23:00,1,0,0.84652,16.174
07/05/2013 0:00,1,0.005609063,0.87002,15.651
07/05/2013 1:00,0.999899937,0.7273085,0.89355,14.625
07/05/2013 2:00,1,0.75909325,0.89175,14.649
07/05/2013 3:00,1,0.170141575,0.87454,15.508
07/05/2013 4:00,0.999199493,0.248668425,0.94111,13.597
07/05/2013 5:00,0.972982896,0,0.95155,14.028
07/05/2013 6:00,0.773456587,0.335675362,0.78951,19.481
07/05/2013 7:00,0.862512986,1.284805825,0.66416,21.174
07/05/2013 8:00,0.819685826,2.473195156,0.66757,21.246
07/05/2013 9:00,0.307961974,2.700380665,0.55903,23.6
07/05/2013 10:00,0.202795404,2.64326812,0.52561,24.398
07/05/2013 11:00,0.12974916,2.153576441,0.49654,25.249
07/05/2013 12:00,0.058803849,3.127309261,0.44884,26.08
07/05/2013 13:00,0.319169057,4.054692345,0.44977,25.762
07/05/2013 14:00,0.198192534,2.875766894,0.4662,26.203
07/05/2013 15:00,0.325673169,2.609754302,0.45428,26.817
07/05/2013 16:00,0.553517388,2.752592078,0.49669,25.615
07/05/2013 17:00,0.595543992,1.840514475,0.52825,24.933
07/05/2013 18:00,0.744438207,3.078759709,0.5196,24.398
07/05/2013 19:00,0.93615959,1.520396236,0.55839,22.949
07/05/2013 20:00,0.997398353,1.071396254,0.62796,21.653
07/05/2013 21:00,0.999899937,1.589504828,0.65337,21.342
07/05/2013 22:00,1,2.729773401,0.65203,20.912
07/05/2013 23:00,1,1.251569744,0.69456,20.267
07/06/2013 0:00,1,0.865534061,0.72138,19.886
07/06/2013 1:00,0.999899937,1.47103049,0.72775,19.719
07/06/2013 2:00,0.999899937,0.3514465,0.74729,19.219
07/06/2013 3:00,0.999899937,0.587129562,0.76886,18.838
07/06/2013 4:00,0.999599747,1.5803018,0.76245,19.052
07/06/2013 5:00,0.994496516,0.848222247,0.75868,19.028
07/06/2013 6:00,0.955872069,2.48319077,0.76268,19.028
07/06/2013 7:00,0.927954395,1.423573833,0.86659,17.768
07/06/2013 8:00,0.902538332,0.998017409,0.88174,17.625
07/06/2013 9:00,0.572029052,1.047634259,0.80771,19.933
07/06/2013 10:00,0.121644281,2.753059767,0.70205,22.564
07/06/2013 11:00,0.098729693,2.513870549,0.65053,23.552
07/06/2013 12:00,0.263133556,1.737938562,0.63737,23.479
07/06/2013 13:00,0.57763268,1.856412393,0.65742,23.697
07/06/2013 14:00,0.214602839,2.538502091,0.59459,24.714
07/06/2013 15:00,0.329275452,3.24198066,0.56057,25.079
07/06/2013 16:00,0.471765656,3.444758168,0.56208,25.249
07/06/2013 17:00,0.610653577,2.549980213,0.55346,24.933
07/06/2013 18:00,0.77535783,2.393998156,0.56311,24.253
07/06/2013 19:00,0.919549074,1.107789449,0.62167,23.19
07/06/2013 20:00,0.99609753,0.384996714,0.6926,21.773
07/06/2013 21:00,0.999899937,0.931421507,0.75442,20.625
07/06/2013 22:00,1,0.604866185,0.7595,20.005
07/06/2013 23:00,0.999899937,1.130664897,0.75562,19.933
07/07/2013 0:00,1,0.738242444,0.75763,19.647
07/07/2013 1:00,1,1.706124616,0.74968,19.695
07/07/2013 2:00,1,1.961158703,0.75366,19.528
07/07/2013 3:00,1,1.351482758,0.79912,18.553
07/07/2013 4:00,0.998899303,0.474152895,0.82616,17.887
07/07/2013 5:00,0.970181125,0.169966832,0.82177,17.911
07/07/2013 6:00,0.807077836,0.254421821,0.79122,19.219
07/07/2013 7:00,0.617557924,1.012806336,0.73128,20.792
07/07/2013 8:00,0.457256423,2.096793534,0.68256,22.132
07/07/2013 9:00,0.341483122,2.519030411,0.66525,22.997
07/07/2013 10:00,0.224108882,2.431741773,0.63549,24.18
07/07/2013 11:00,0.141656868,2.453725334,0.59389,24.86
07/07/2013 12:00,0.296554773,2.512262567,0.57471,25.127
07/07/2013 13:00,0.16717281,2.712623099,0.58458,25.469
07/07/2013 14:00,0.212801697,3.76995784,0.56084,25.689
07/07/2013 15:00,0.381208335,3.161097838,0.53457,25.835
07/07/2013 16:00,0.499883465,2.485041915,0.54027,25.615
07/07/2013 17:00,0.792368572,1.56253655,0.58473,24.957
07/07/2013 18:00,0.77705887,2.751447675,0.57849,24.326
07/07/2013 19:00,0.9347587,2.554780343,0.59421,23.479
07/07/2013 20:00,0.995997466,0.694721695,0.63175,22.108
07/07/2013 21:00,1,0.114708033,0.68956,20.434
07/07/2013 22:00,0.999899937,0.187761696,0.68723,20.124
07/07/2013 23:00,1,0.108908282,0.70901,19.362
07/08/2013 0:00,0.999899937,0.080396575,0.70403,18.886
07/08/2013 1:00,0.999899937,0.452920067,0.70836,18.553
07/08/2013 2:00,1,0.460493891,0.70243,18.029
07/08/2013 3:00,0.999899937,0.428611303,0.68943,17.792
07/08/2013 4:00,0.99789867,0.37956492,0.68991,17.578
07/08/2013 5:00,0.955471818,0.701362249,0.6913,17.697
07/08/2013 6:00,0.791167782,0.721227017,0.67453,18.981
07/08/2013 7:00,0.618158276,1.311134828,0.59343,20.816
07/08/2013 8:00,0.46626213,1.423952146,0.52628,22.372
07/08/2013 9:00,0.324072145,2.348339409,0.51154,23.359
07/08/2013 10:00,0.21850534,3.04084624,0.49512,23.914
07/08/2013 11:00,0.142357322,2.891486661,0.47628,24.447
07/08/2013 12:00,0.138754868,2.608251582,0.45609,25.079
07/08/2013 13:00,0.151462873,2.859411186,0.44812,25.469
07/08/2013 14:00,0.221006935,2.722429363,0.43407,25.713
07/08/2013 15:00,0.327274193,2.460398053,0.44383,25.689
07/08/2013 16:00,0.466062013,2.355758765,0.45703,25.591
07/08/2013 17:00,0.623761903,2.565442923,0.47191,24.811
07/08/2013 18:00,0.786965148,2.608703486,0.49441,23.866
07/08/2013 19:00,0.931056358,1.500758346,0.53139,22.661
07/08/2013 20:00,0.996497784,0.158923425,0.59882,20.744
07/08/2013 21:00,1,0,0.70377,18.125
07/08/2013 22:00,1,0,0.84554,15.984
07/08/2013 23:00,1,0,0.85048,14.936
07/09/2013 0:00,1,0.6319545,0.77726,16.198
07/09/2013 1:00,1,1.065722,0.803,15.555
07/09/2013 2:00,1,0.58147275,0.81969,15.222
07/09/2013 3:00,1,0.2112747,0.84221,14.291
07/09/2013 4:00,0.999299557,0.733384773,0.82189,14.482
07/09/2013 5:00,0.972182392,1.03393725,0.81119,14.745
07/09/2013 6:00,0.803075319,0,0.8264,16.008
07/09/2013 7:00,0.623761903,0.25240775,0.69137,18.529
07/09/2013 8:00,0.458357111,0.360389293,0.58815,21.557
07/09/2013 9:00,0.319569292,0.427946167,0.60897,23.094
07/09/2013 10:00,0.214602839,0.761706529,0.53972,23.672
07/09/2013 11:00,0.098429132,0.858103054,0.54001,24.763
07/09/2013 12:00,0.03288793,1.302344351,0.50267,25.542
07/09/2013 13:00,0.096128254,0.773085887,0.48506,26.056
07/09/2013 14:00,0.179680784,1.023539114,0.4621,26.301
07/09/2013 15:00,0.262833337,0.4038914,0.42725,26.621
07/09/2013 16:00,0.445248871,0.843483876,0.44554,26.596
07/09/2013 17:00,0.688903042,0.841668917,0.44209,26.154
07/09/2013 18:00,0.901937894,1.057555871,0.50028,25.176
07/09/2013 19:00,0.968880303,0.550145697,0.56463,23.383
07/09/2013 20:00,0.99729829,0.132747825,0.73822,19.886
07/09/2013 21:00,0.999899937,0.06917845,0.80471,18.933
07/09/2013 22:00,1,0.170141575,0.79664,18.315
07/09/2013 23:00,1,0,0.83212,17.459
07/10/2013 0:00,1,0.071048125,0.83909,17.126
07/10/2013 1:00,1,0,0.88293,16.317
07/10/2013 2:00,0.999899937,0.65626025,0.86321,15.627
07/10/2013 3:00,1,0.413201,0.88617,14.769
07/10/2013 4:00,0.999199493,1.1966,0.87973,14.649
07/10/2013 5:00,0.966979103,0.6973935,0.89022,14.458
07/10/2013 6:00,0.884526917,0.91053775,0.84395,16.246
07/10/2013 7:00,0.612454718,0.6076485,0.7376,19.862
07/10/2013 8:00,0.465461661,0.782097295,0.54446,23.914
07/10/2013 9:00,0.327274193,0.6378266,0.49471,25.322
07/10/2013 10:00,0.237917576,1.007594984,0.42776,25.909
07/10/2013 11:00,0.19999359,0.729398619,0.40684,26.301
07/10/2013 12:00,0.606450857,0.751049012,0.44134,25.786
07/10/2013 13:00,0.354291315,1.829792767,0.41029,26.744
07/10/2013 14:00,0.236416653,1.395404479,0.42422,27.435
07/10/2013 15:00,0.309262779,0.467287238,0.40834,27.385
07/10/2013 16:00,0.436643398,0.433803764,0.37956,27.485
07/10/2013 17:00,0.630065812,1.345007147,0.39373,27.039
07/10/2013 18:00,0.86291322,0.311065658,0.45065,25.958
07/10/2013 19:00,0.974583911,0.133797018,0.52633,24.229
07/10/2013 20:00,0.997798607,0,0.70594,21.007
07/10/2013 21:00,0.99969981,1.238983722,0.62389,21.39
07/10/2013 22:00,1,0.57400618,0.66849,19.243
07/10/2013 23:00,1,0.50107625,0.78331,17.34
07/11/2013 0:00,1,0,0.83612,16.055
07/11/2013 1:00,1,0.7516145,0.85464,15.794
07/11/2013 2:00,0.999899937,0.628217782,0.83019,15.984
07/11/2013 3:00,1,0.0747875,0.73345,17.744
07/11/2013 4:00,0.999799873,0.4281585,0.78222,16.151
07/11/2013 5:00,0.983889803,0.18066445,0.73677,17.387
07/11/2013 6:00,0.96337682,0.297515339,0.76859,17.601
07/11/2013 7:00,0.970581377,0.468978477,0.93722,15.317
07/11/2013 8:00,0.825289368,0.258990527,0.90493,16.983
07/11/2013 9:00,0.892531952,0.199671771,0.88125,17.649
07/11/2013 10:00,0.808078509,0.386120966,0.83199,18.886
07/11/2013 11:00,0.244822008,0.001869688,0.81755,19.933
07/11/2013 12:00,0.627464202,1.336336106,0.72786,21.438
07/11/2013 13:00,0.433241233,1.267256566,0.81311,18.029
07/11/2013 14:00,0.864214026,0.617461459,0.78926,19.362
07/11/2013 15:00,0.705313432,1.858623733,0.62568,21.007
07/11/2013 16:00,0.460158253,1.619776503,0.58314,21.701
07/11/2013 17:00,0.564624369,2.271216957,0.56968,21.773
07/11/2013 18:00,0.807478157,2.529712689,0.56441,19.695
07/11/2013 19:00,0.979987336,1.776931046,0.54605,18.529
07/11/2013 20:00,0.996597846,0.024305938,0.59997,17.269
07/11/2013 21:00,0.999899937,0,0.69642,15.436
07/11/2013 22:00,1,0,0.85067,12.686
07/11/2013 23:00,0.999899937,0.138356875,0.87784,11.432
07/12/2013 0:00,0.999799873,0.92362575,0.785,13.118
07/12/2013 1:00,1,0.36271925,0.7474,13.31
07/12/2013 2:00,0.999799873,0.722244216,0.86935,10.874
07/12/2013 3:00,0.999899937,0.841361327,0.89017,10.023
07/12/2013 4:00,0.999599747,0.34215275,0.91437,9.019
07/12/2013 5:00,0.966879035,0,0.93992,8.723
07/12/2013 6:00,0.794970183,0.39637375,0.89312,11.432
07/12/2013 7:00,0.618258377,0.12713875,0.74573,14.864
07/12/2013 8:00,0.44604934,0.170674932,0.59869,17.601
07/12/2013 9:00,0.310263366,0.115027584,0.56741,19.647
07/12/2013 10:00,0.466762466,0.864687643,0.49497,20.41
07/12/2013 11:00,0.416730827,1.016807506,0.46598,20.553
07/12/2013 12:00,0.044795637,0.243325306,0.43245,22.036
07/12/2013 13:00,0.052700143,0.312774797,0.43547,22.132
07/12/2013 14:00,0.115240013,1.284469807,0.43778,22.18
07/12/2013 15:00,0.442447057,1.739389423,0.42779,22.492
07/12/2013 16:00,0.674594012,0.207947594,0.47974,22.372
07/12/2013 17:00,0.603248894,1.056757184,0.44111,22.54
07/12/2013 18:00,0.905440161,0.778466179,0.49917,21.198
07/12/2013 19:00,0.930556039,0.886232,0.57037,19.981
07/12/2013 20:00,0.997198227,0,0.72303,17.126
07/12/2013 21:00,1,0,0.83486,14.291
07/12/2013 22:00,1,0.09535405,0.86887,14.028
07/12/2013 23:00,1,0.143965925,0.86125,13.645
07/13/2013 0:00,1,0,0.89419,13.477
07/13/2013 1:00,1,0,0.89322,13.621
07/13/2013 2:00,1,0.001869688,0.92193,12.397
07/13/2013 3:00,0.999899937,0.47677025,0.91749,12.493
07/13/2013 4:00,0.99969981,0.7441355,0.90062,12.445
07/13/2013 5:00,0.963076627,0.64691175,0.87849,12.469
07/13/2013 6:00,0.875321093,0.4879885,0.85199,13.717
07/13/2013 7:00,0.595543992,0.9067985,0.74047,16.65
07/13/2013 8:00,0.549714988,0.063569375,0.60051,19.124
07/13/2013 9:00,0.373903753,0.7592406,0.60807,20.243
07/13/2013 10:00,0.290951232,1.1060983,0.53778,21.198
07/13/2013 11:00,0.121243533,1.231817569,0.53497,22.084
07/13/2013 12:00,0.896034219,1.258338441,0.56215,21.079
07/13/2013 13:00,0.750041749,0.977687465,0.58708,20.673
07/13/2013 14:00,0.322070886,1.366219691,0.51417,22.733
07/13/2013 15:00,0.234415394,0.776931126,0.47442,23.479
07/13/2013 16:00,0.466562349,0.914307837,0.49379,22.901
07/13/2013 17:00,0.781061387,0.449196072,0.46437,22.877
07/13/2013 18:00,0.777158971,1.496713691,0.4692,22.637
07/13/2013 19:00,0.942563643,0.033654375,0.58112,20.983
07/13/2013 20:00,0.997098163,0.734689715,0.61232,19.124
07/13/2013 21:00,1,0,0.80055,15.579
07/13/2013 22:00,0.999899937,0.454334,0.83851,14.1
07/13/2013 23:00,1,0.459943,0.86465,13.717
07/14/2013 0:00,1,0.23184125,0.85106,13.549
07/14/2013 1:00,1,0,0.87889,13.741
07/14/2013 2:00,1,0.29541075,0.8456,13.525
07/14/2013 3:00,0.999899937,0.49546725,0.89693,12.228
07/14/2013 4:00,0.999799873,0.7385265,0.90422,11.577
07/14/2013 5:00,0.97088157,0.5590365,0.91587,11.238
07/14/2013 6:00,0.805476898,0.63008475,0.84992,13.406
07/14/2013 7:00,0.628164655,0.7871385,0.73842,16.769
07/14/2013 8:00,0.46746292,1.867796353,0.53917,20.864
07/14/2013 9:00,0.310063334,1.402949793,0.49584,22.036
07/14/2013 10:00,0.153063897,1.491443519,0.4521,22.829
07/14/2013 11:00,0.6871019,1.412257735,0.45663,22.588
07/14/2013 12:00,0.622961348,0.172021411,0.48409,22.781
07/14/2013 13:00,0.572129154,0.209079213,0.41839,23.383
07/14/2013 14:00,0.240219053,0.707130087,0.38592,24.933
07/14/2013 15:00,0.519395802,0.426899105,0.38422,24.884
07/14/2013 16:00,0.561122188,0.799939935,0.38062,25.249
07/14/2013 17:00,0.66348703,0.390805004,0.3847,25.03
07/14/2013 18:00,0.78296263,0.835013858,0.47196,23.817
07/14/2013 19:00,0.932157055,0.25614725,0.53806,22.276
07/14/2013 20:00,0.99759848,0,0.73341,18.315
07/14/2013 21:00,1,0.018696875,0.787,15.627
07/14/2013 22:00,1,0.8170535,0.80591,15.365
07/14/2013 23:00,1,0.041133125,0.80978,14.601
07/15/2013 0:00,1,0.08226625,0.82116,13.908
07/15/2013 1:00,1,0.37206775,0.82238,13.597
07/15/2013 2:00,0.999899937,0.51603375,0.80381,13.765
07/15/2013 3:00,1,0,0.87267,13.597
07/15/2013 4:00,0.999899937,0,0.89331,13.549
07/15/2013 5:00,0.977385682,0.003739375,0.87607,13.789
07/15/2013 6:00,0.953570609,0.26175625,0.83222,15.055
07/15/2013 7:00,0.845202025,0.5291215,0.76997,16.484
07/15/2013 8:00,0.584436925,0.652553022,0.62907,20.315
07/15/2013 9:00,0.301157643,0.434978632,0.54671,21.988
07/15/2013 10:00,0.361395779,1.434459815,0.54195,22.588
07/15/2013 11:00,0.505987257,0.842086219,0.54336,22.925
07/15/2013 12:00,0.426336886,0.638864312,0.53875,23.648
07/15/2013 13:00,0.636269792,0.23221038,0.51989,23.914
07/15/2013 14:00,0.604949934,1.349603468,0.65822,21.893
07/15/2013 15:00,0.688702924,0.504417295,0.5515,23.359
07/15/2013 16:00,0.610153241,1.11529012,0.52053,22.997
07/15/2013 17:00,0.843701102,1.528478316,0.58492,21.653
07/15/2013 18:00,0.781261505,1.604236408,0.54702,21.342
07/15/2013 19:00,0.950868906,1.280769978,0.58836,20.506
07/15/2013 20:00,0.998398987,0.766291332,0.58915,19.838
07/15/2013 21:00,0.999899937,0.702375571,0.60487,19.386
07/15/2013 22:00,0.999899937,2.402967506,0.62213,18.125
07/15/2013 23:00,0.999899937,2.620548594,0.58916,17.316
07/16/2013 0:00,0.999799873,2.593637617,0.61586,16.508
07/16/2013 1:00,0.999899937,1.837000897,0.63268,15.865
07/16/2013 2:00,0.999799873,0.563765691,0.66637,15.079
07/16/2013 3:00,1,0.078526875,0.83288,11.867
07/16/2013 4:00,0.99969981,0.188838425,0.89385,10.242
07/16/2013 5:00,0.97648512,0.437686669,0.84191,11.456
07/16/2013 6:00,0.793169041,0.063953154,0.7318,14.721
07/16/2013 7:00,0.618358393,0.879939713,0.66225,16.888
07/16/2013 8:00,0.450952428,1.112223648,0.5613,19.266
07/16/2013 9:00,0.317568033,1.712716352,0.50512,20.458
07/16/2013 10:00,0.209299516,1.545869851,0.48446,21.581
07/16/2013 11:00,0.106634198,1.160485723,0.494,22.084
07/16/2013 12:00,0.117140999,1.304334432,0.46315,23.19
07/16/2013 13:00,0.127948362,1.31110034,0.41896,23.6
07/16/2013 14:00,0.167873263,1.290060051,0.42827,24.059
07/16/2013 15:00,0.48597467,0.619907917,0.46097,24.035
07/16/2013 16:00,0.480271027,1.497568273,0.4481,24.084
07/16/2013 17:00,0.608852436,1.286726724,0.42151,23.842
07/16/2013 18:00,0.777859425,0.899599577,0.44813,23.286
07/16/2013 19:00,0.933658003,0.28045325,0.51498,21.701
07/16/2013 20:00,0.997398353,0,0.70263,17.982
07/16/2013 21:00,1,0.185099075,0.77554,15.508
07/16/2013 22:00,1,0,0.84693,14.1
07/16/2013 23:00,1,0.79648675,0.8097,14.315
07/17/2013 0:00,1,0.050481575,0.83486,13.334
07/17/2013 1:00,0.999899937,0.484249,0.84857,12.71
07/17/2013 2:00,1,0.71609025,0.86533,12.084
07/17/2013 3:00,1,0.6730875,0.88133,11.456
07/17/2013 4:00,0.999799873,0.6188665,0.88022,11.214
07/17/2013 5:00,0.975184289,0.87501375,0.88896,11.02
07/17/2013 6:00,0.798372348,0.9423225,0.83345,12.95
07/17/2013 7:00,0.627764421,0.228101875,0.72032,16.769
07/17/2013 8:00,0.463460402,0.166402175,0.52602,21.509
07/17/2013 9:00,0.31896894,1.610625894,0.4708,23.407
07/17/2013 10:00,0.210500306,1.537078725,0.41625,24.398
07/17/2013 11:00,0.138154601,1.428995358,0.41632,25.64
07/17/2013 12:00,0.122945001,1.255589363,0.41375,25.396
07/17/2013 13:00,0.135252601,0.144740852,0.38232,26.596
07/17/2013 14:00,0.208098727,1.697121089,0.34234,27.46
07/17/2013 15:00,0.32066998,1.126489434,0.36517,27.46
07/17/2013 16:00,0.463160184,0.583654046,0.38477,27.039
07/17/2013 17:00,0.622961348,0.475003667,0.38357,26.842
07/17/2013 18:00,0.782462294,1.316112532,0.42181,25.566
07/17/2013 19:00,0.932257122,0.35150125,0.46969,24.059
07/17/2013 20:00,0.997698543,0,0.53132,21.94
07/17/2013 21:00,1,0.32719525,0.73522,17.768
07/17/2013 22:00,0.999899937,0,0.79885,16.079
07/17/2013 23:00,1,0.60016975,0.79864,15.984
07/18/2013 0:00,1,0.688045,0.81477,15.365
07/18/2013 1:00,1,0.73104775,0.83873,14.554
07/18/2013 2:00,1,0.69552375,0.85751,13.885
07/18/2013 3:00,1,0,0.8904,12.686
07/18/2013 4:00,0.999799873,0.58521225,0.89571,12.589
07/18/2013 5:00,0.976785305,0.72917825,0.89463,12.686
07/18/2013 6:00,0.802575068,0.58521225,0.82137,14.864
07/18/2013 7:00,0.63406833,0,0.69947,18.791
07/18/2013 8:00,0.526700384,0.4823795,0.60882,22.612
07/18/2013 9:00,0.330176023,0.507412719,0.48445,24.568
07/18/2013 10:00,0.231613666,0.26668455,0.41359,26.154
07/18/2013 11:00,0.229212087,1.341217819,0.37677,26.694
07/18/2013 12:00,0.069210463,1.191238994,0.3978,27.435
07/18/2013 13:00,0.090524626,0.662727045,0.36623,27.857
07/18/2013 14:00,0.148661145,0.540135799,0.33908,28.33
07/18/2013 15:00,0.286448293,1.297999462,0.35347,28.205
07/18/2013 16:00,0.454954946,0.958943745,0.37495,27.882
07/18/2013 17:00,0.846803049,0.415432526,0.43381,26.056
07/18/2013 18:00,0.786064577,1.051264885,0.40613,26.867
07/18/2013 19:00,0.935058893,0.568388075,0.4501,25.493
07/18/2013 20:00,0.998398987,0,0.67743,20.601
07/18/2013 21:00,1,0,0.73686,18.458
07/18/2013 22:00,1,0.8525775,0.75955,17.768
07/18/2013 23:00,1,0.6375635,0.7843,17.007
07/19/2013 0:00,1,0.37580725,0.81974,15.865
07/19/2013 1:00,1,0.448725,0.83095,15.222
07/19/2013 2:00,1,0.60016975,0.84852,14.792
07/19/2013 3:00,1,0.7142205,0.86201,14.195
07/19/2013 4:00,0.999899937,0,0.86873,13.741
07/19/2013 5:00,0.961575678,0.57960325,0.85817,14.052
07/19/2013 6:00,0.867215957,0.5478185,0.81038,15.889
07/19/2013 7:00,0.795370503,0.30101975,0.79772,17.506
07/19/2013 8:00,0.598045587,0.77031125,0.63301,21.414
07/19/2013 9:00,0.344585154,0.226239926,0.45476,25.591
07/19/2013 10:00,0.23451541,0.758339873,0.42465,26.645
07/19/2013 11:00,0.248224174,1.077112081,0.44442,27.311
07/19/2013 12:00,0.06720929,0.578298908,0.40447,28.405
07/19/2013 13:00,0.001934366,1.136956088,0.38758,29.131
07/19/2013 14:00,0.756445845,0.772624585,0.42674,27.336
07/19/2013 15:00,0.767953147,0.500189399,0.4465,26.301
07/19/2013 16:00,0.834795411,0.075716573,0.47245,26.031
07/19/2013 17:00,0.565124705,0.995111204,0.44698,26.99
07/19/2013 18:00,0.844201353,0.536759834,0.43156,27.237
07/19/2013 19:00,0.961775804,0.6786965,0.59835,24.156
07/19/2013 20:00,0.998599113,0,0.64284,22.228
07/19/2013 21:00,1,0.28606225,0.71497,20.816
07/19/2013 22:00,1,0.5833425,0.78779,18.933
07/19/2013 23:00,1,0.77965975,0.81124,18.196
07/20/2013 0:00,1,0.568385,0.83597,16.959
07/20/2013 1:00,0.999899937,0.65065125,0.8161,17.102
07/20/2013 2:00,1,0.878753,0.78772,17.292
07/20/2013 3:00,1,0.34589225,0.78383,16.65
07/20/2013 4:00,1,0.121529675,0.80817,15.889
07/20/2013 5:00,0.974083592,0.802096,0.79375,16.174
07/20/2013 6:00,0.816283746,0.52725175,0.75209,18.315
07/20/2013 7:00,0.637470495,0.679296405,0.60438,22.132
07/20/2013 8:00,0.4519531,1.51077343,0.53045,24.471
07/20/2013 9:00,0.383409711,2.41875574,0.51289,24.835
07/20/2013 10:00,0.23661677,1.750101344,0.49129,26.154
07/20/2013 11:00,0.212901713,0.955598803,0.44751,27.163
07/20/2013 12:00,0.119742439,1.571028216,0.43051,27.757
07/20/2013 13:00,0.590040467,2.090671821,0.45957,26.891
07/20/2013 14:00,0.731229865,2.446535273,0.4757,26.301
07/20/2013 15:00,0.66518807,2.215961294,0.46676,26.399
07/20/2013 16:00,0.848103854,1.674723398,0.45638,25.86
07/20/2013 17:00,0.774957595,1.668315566,0.44778,26.007
07/20/2013 18:00,0.910943601,1.91435009,0.46978,25.176
07/20/2013 19:00,0.966078532,1.471473708,0.50149,23.914
07/20/2013 20:00,0.997998734,1.0675915,0.54428,22.252
07/20/2013 21:00,0.999799873,0.846970564,0.57759,20.888
07/20/2013 22:00,1,0,0.68464,18.862
07/20/2013 23:00,1,0,0.78458,16.603
07/21/2013 0:00,1,0.2243625,0.78794,16.603
07/21/2013 1:00,1,0.0149575,0.84271,14.745
07/21/2013 2:00,1,0.013087813,0.8124,14.792
07/21/2013 3:00,0.999799873,1.451050966,0.65925,17.697
07/21/2013 4:00,1,0,0.76669,15.579
07/21/2013 5:00,0.968279925,0,0.8433,14.649
07/21/2013 6:00,0.804576327,0,0.72024,17.173
07/21/2013 7:00,0.635969573,0.645811394,0.58388,20.386
07/21/2013 8:00,0.467763139,2.063867276,0.53117,21.605
07/21/2013 9:00,0.324972716,1.166628129,0.49469,22.612
07/21/2013 10:00,0.212001228,1.616188849,0.47602,23.479
07/21/2013 11:00,0.140155774,1.415275589,0.44468,24.205
07/21/2013 12:00,0.128848333,1.027916749,0.40728,24.884
07/21/2013 13:00,0.143157962,1.697680368,0.37053,25.786
07/21/2013 14:00,0.21380237,2.886703354,0.37197,26.227
07/21/2013 15:00,0.320770081,2.833032218,0.35212,26.424
07/21/2013 16:00,0.45745654,2.312706764,0.36721,26.129
07/21/2013 17:00,0.614055743,2.576168808,0.36418,25.762
07/21/2013 18:00,0.775457846,2.425619682,0.38541,25.079
07/21/2013 19:00,0.932257122,1.467923809,0.40419,23.842
07/21/2013 20:00,0.998098796,0,0.54987,19.886
07/21/2013 21:00,1,0.001869688,0.67677,16.793
07/21/2013 22:00,1,0.340473185,0.75649,15.007
07/21/2013 23:00,1,0.209405,0.76959,15.079
07/22/2013 0:00,1,0.087875325,0.82861,13.214
07/22/2013 1:00,1,0,0.85553,12.349
07/22/2013 2:00,1,0.29915,0.84522,12.541
07/22/2013 3:00,1,0.121529675,0.88183,11.77
07/22/2013 4:00,0.999799873,0.274844,0.85005,12.301
07/22/2013 5:00,0.982689039,0.2898015,0.87072,11.335
07/22/2013 6:00,0.788666188,0.97410725,0.80811,13.717
07/22/2013 7:00,0.617958159,0.7273085,0.67363,17.982
07/22/2013 8:00,0.454454695,0.390889849,0.52427,22.06
07/22/2013 9:00,0.317067697,0.984750528,0.51842,23.769
07/22/2013 10:00,0.209699751,0.683408628,0.43806,24.933
07/22/2013 11:00,0.134052068,0.675267868,0.41998,25.982
07/22/2013 12:00,0.119643108,0.634135657,0.34775,26.768
07/22/2013 13:00,0.140055587,0.479417064,0.33608,28.006
07/22/2013 14:00,0.215803628,0.591655006,0.32101,27.807
07/22/2013 15:00,0.324272263,0.168084796,0.30732,28.505
07/22/2013 16:00,0.465161442,0.24378459,0.32017,28.405
07/22/2013 17:00,0.619359065,0.63234423,0.34888,27.981
07/22/2013 18:00,0.779760582,0.766900015,0.36758,27.188
07/22/2013 19:00,0.93425839,0,0.43249,25.469
07/22/2013 20:00,0.998398987,0,0.56518,21.246
07/22/2013 21:00,0.999899937,0.226239926,0.63346,18.981
07/22/2013 22:00,1,0.001869688,0.76283,16.174
07/22/2013 23:00,0.999899937,0.0467422,0.78139,15.889
07/23/2013 0:00,0.999899937,1.0021525,0.75777,15.913
07/23/2013 1:00,0.999899937,0.4580735,0.81064,14.745
07/23/2013 2:00,1,0.001869688,0.82,14.124
07/23/2013 3:00,0.999899937,0.1047025,0.83187,13.693
07/23/2013 4:00,0.999899937,0.21501405,0.86003,12.782
07/23/2013 5:00,0.981388217,0.149575,0.86277,12.469
07/23/2013 6:00,0.803075319,0.89745,0.76903,15.079
07/23/2013 7:00,0.632667509,0.529124803,0.65178,19.552
07/23/2013 8:00,0.470564867,0.574042719,0.47049,24.447
07/23/2013 9:00,0.331877063,1.268108495,0.45136,26.007
07/23/2013 10:00,0.224008866,1.185436408,0.35789,27.559
07/23/2013 11:00,0.367299539,0.39943544,0.36899,28.28
07/23/2013 12:00,0.097428973,0.670052861,0.29827,29.559
07/23/2013 13:00,0.198392566,0.790302927,0.27793,30.395
07/23/2013 14:00,0.419732672,0.309013471,0.28157,30.192
07/23/2013 15:00,0.824388883,0.256719747,0.3042,29.685
07/23/2013 16:00,0.463460402,0.619160224,0.29508,30.293
07/23/2013 17:00,0.579433821,1.16317109,0.31499,29.913
07/23/2013 18:00,0.88722863,0.842457494,0.35907,28.081
07/23/2013 19:00,0.979386949,0.134318525,0.40437,26.154
07/23/2013 20:00,0.99939962,0,0.53953,23.311
07/23/2013 21:00,1,0.2262322,0.5656,21.318
07/23/2013 22:00,1,0.0448725,0.6532,20.029
07/23/2013 23:00,1,0.3496315,0.67246,18.981
07/24/2013 0:00,1,0.80957475,0.64279,19.362
07/24/2013 1:00,1,0,0.68611,18.22
07/24/2013 2:00,1,0.7329175,0.70973,17.126
07/24/2013 3:00,1,0,0.8242,15.269
07/24/2013 4:00,0.999899937,0.25053825,0.80155,14.888
07/24/2013 5:00,0.976385053,0.280459482,0.82429,14.697
07/24/2013 6:00,0.82248764,0.891841,0.67132,19.338
07/24/2013 7:00,0.625262826,0.516751319,0.5459,23.166
07/24/2013 8:00,0.485074099,0.530530211,0.55509,24.544
07/24/2013 9:00,0.359994872,0.535073789,0.50488,25.518
07/24/2013 10:00,0.385010735,0.014602726,0.46625,27.039
07/24/2013 11:00,0.451252647,1.476467391,0.46338,26.817
07/24/2013 12:00,0.197091761,1.567685864,0.41455,28.23
07/24/2013 13:00,0.508088618,0.989834944,0.38891,28.805
07/24/2013 14:00,0.221006935,1.337799032,0.33566,29.786
07/24/2013 15:00,0.791868236,0.554175476,0.32147,29.509
07/24/2013 16:00,0.52169728,0.203521291,0.35863,30.446
07/24/2013 17:00,0.78416342,0.74556459,0.37705,28.98
07/24/2013 18:00,0.903839137,0.09722375,0.42228,28.355
07/24/2013 19:00,0.989393286,0.013087813,0.48748,25.933
07/24/2013 20:00,0.999499683,0.039263425,0.53754,24.35
07/24/2013 21:00,1,0.001869688,0.63548,21.988
07/24/2013 22:00,1,0,0.66321,21.485
07/24/2013 23:00,1,0.001869688,0.69977,20.697
07/25/2013 0:00,1,0.28606225,0.69032,20.363
07/25/2013 1:00,1,0.981586,0.6579,20.673
07/25/2013 2:00,1,0.087875325,0.68214,19.433
07/25/2013 3:00,1,0,0.72204,18.41
07/25/2013 4:00,1,0.078526875,0.76708,17.554
07/25/2013 5:00,0.989393286,0.66934825,0.76637,17.625
07/25/2013 6:00,0.954771373,0,0.77401,18.576
07/25/2013 7:00,0.923251424,0,0.75687,19.409
07/25/2013 8:00,0.94176314,0.121529675,0.83328,19.838
07/25/2013 9:00,0.868916997,0.459943,0.80332,20.124
07/25/2013 10:00,0.693606013,0.1047025,0.74731,21.557
07/25/2013 11:00,0.570828348,0.598311685,0.62354,23.963
07/25/2013 12:00,0.158867642,0.722360105,0.50054,26.596
07/25/2013 13:00,0.12974916,0.622212664,0.42376,27.906
07/25/2013 14:00,0.462759949,0.973116278,0.45225,27.857
07/25/2013 15:00,0.615556665,1.021234665,0.45792,27.683
07/25/2013 16:00,0.562523095,1.605548958,0.50045,28.006
07/25/2013 17:00,0.637770714,1.116009385,0.51056,27.385
07/25/2013 18:00,0.846803049,0.8712745,0.55317,26.694
07/25/2013 19:00,0.950168461,0.38141625,0.54303,26.227
07/25/2013 20:00,0.999199493,0.72917825,0.72925,22.925
07/25/2013 21:00,1,0.77965975,0.83408,21.079
07/25/2013 22:00,1,0.46181275,0.84586,20.363
07/25/2013 23:00,1,0,0.84219,19.719
07/26/2013 0:00,1,0,0.88968,18.458
07/26/2013 1:00,1,0.473031,0.90422,18.006
07/26/2013 2:00,1,0.55155775,0.93401,16.936
07/26/2013 3:00,1,0.364589,0.92951,16.722
07/26/2013 4:00,0.999899937,0.74600525,0.92577,16.603
07/26/2013 5:00,0.970381251,0.80583525,0.90283,17.221
07/26/2013 6:00,0.829992424,0.94045275,0.85796,18.767
07/26/2013 7:00,0.685500962,0.5983,0.74886,21.461
07/26/2013 8:00,0.51719434,0.55155775,0.64071,24.933
07/26/2013 9:00,0.371702291,0.609621476,0.56556,26.768
07/26/2013 10:00,0.253927731,1.148085564,0.49958,28.33
07/26/2013 11:00,0.602548441,0.365168622,0.4358,29.231
07/26/2013 12:00,0.13445196,0.579452379,0.56346,27.262
07/26/2013 13:00,0.172776437,0.234837513,0.43108,30.014
07/26/2013 14:00,0.73583282,0.650675427,0.42597,29.888
07/26/2013 15:00,0.646175984,1.35828655,0.49224,29.408
07/26/2013 16:00,0.503385647,0.914619204,0.41564,30.446
07/26/2013 17:00,0.651179173,1.134887973,0.41555,30.065
07/26/2013 18:00,0.924952498,0.6843055,0.46368,28.68
07/26/2013 19:00,0.961775804,0,0.53897,28.081
07/26/2013 20:00,0.999499683,0,0.63691,24.665
07/26/2013 21:00,1,0,0.70612,22.685
07/26/2013 22:00,1,0,0.76773,21.509
07/26/2013 23:00,1,0.47490075,0.78043,21.127
07/27/2013 0:00,1,0,0.84131,19.576
07/27/2013 1:00,1,0,0.88091,18.648
07/27/2013 2:00,1,0.003739375,0.86236,19.243
07/27/2013 3:00,1,0.0280453,0.86444,18.838
07/27/2013 4:00,1,0,0.89882,17.554
07/27/2013 5:00,0.982889165,0.06917845,0.91805,17.649
07/27/2013 6:00,0.88222544,0.76096275,0.86412,19.29
07/27/2013 7:00,0.678696631,0.155184075,0.79416,22.228
07/27/2013 8:00,0.519295701,0.45059475,0.64804,25.664
07/27/2013 9:00,0.378306505,1.20506122,0.60489,26.941
07/27/2013 10:00,0.269737769,1.173015412,0.57406,28.68
07/27/2013 11:00,0.197892316,0.958188789,0.50439,30.04
07/27/2013 12:00,0.177779541,1.324880438,0.47406,31.29
07/27/2013 13:00,0.202595286,0.817652144,0.43274,32.375
07/27/2013 14:00,0.303359019,1.400400793,0.42034,32.923
07/27/2013 15:00,0.766952475,0.889053695,0.4,32
07/27/2013 16:00,0.796070871,0.283804778,0.43194,31.367
07/27/2013 17:00,0.703412275,0.45277729,0.39677,32.193
07/27/2013 18:00,0.795770737,0.171380101,0.42904,31.444
07/27/2013 19:00,0.960174789,0.50107625,0.50405,29.282
07/27/2013 20:00,0.99939962,0,0.63571,26.154
07/27/2013 21:00,1,0,0.7318,23.335
07/27/2013 22:00,0.999899937,0.992804,0.74015,22.805
07/27/2013 23:00,1,0.48050975,0.77675,21.845
07/28/2013 0:00,1,0.50481575,0.78226,21.461
07/28/2013 1:00,1,0,0.84794,19.933
07/28/2013 2:00,1,0.003739375,0.86214,19.266
07/28/2013 3:00,1,0.168271875,0.90044,18.22
07/28/2013 4:00,0.999899937,0.031784675,0.9147,17.697
07/28/2013 5:00,0.986391389,0,0.91769,17.078
07/28/2013 6:00,0.83509563,0.46742175,0.89848,18.743
07/28/2013 7:00,0.681998695,0,0.7505,22.877
07/28/2013 8:00,0.510189978,0.4488262,0.7029,25.127
07/28/2013 9:00,0.368400227,0.828279941,0.64411,26.965
07/28/2013 10:00,0.266035471,1.013532784,0.57757,29.131
07/28/2013 11:00,0.190787766,0.837757705,0.52254,30.573
07/28/2013 12:00,0.176678853,1.557270174,0.45562,32.375
07/28/2013 13:00,0.192588907,1.310576233,0.4321,33.29
07/28/2013 14:00,0.51719434,0.672360131,0.40769,33.632
07/28/2013 15:00,0.737433759,0.74600525,0.46949,32.115
07/28/2013 16:00,0.562923329,0.827443979,0.46068,32.74
07/28/2013 17:00,0.650278603,0.351998156,0.44733,33.5
07/28/2013 18:00,0.825489571,0.603709203,0.45163,32.923
07/28/2013 19:00,0.980887906,0.051066787,0.52665,30.752
07/28/2013 20:00,0.999599747,0.60951825,0.63894,27.733
07/28/2013 21:00,1,0.024305938,0.71192,25.811
07/28/2013 22:00,1,0,0.74956,24.326
07/28/2013 23:00,1,0.001869688,0.80937,22.685
07/29/2013 0:00,1,0,0.86567,20.912
07/29/2013 1:00,1,0,0.89174,20.219
07/29/2013 2:00,1,0.048611875,0.90519,19.505
07/29/2013 3:00,0.999899937,0,0.94498,18.339
07/29/2013 4:00,0.999799873,0.60016975,0.9582,18.362
07/29/2013 5:00,0.982588981,0,0.96121,17.911
07/29/2013 6:00,0.855608639,0.3440225,0.9167,19.91
07/29/2013 7:00,0.688502807,0.26736525,0.80361,23.19
07/29/2013 8:00,0.525399578,1.13315403,0.68513,25.909
07/29/2013 9:00,0.384010063,1.355234573,0.52267,28.529
07/29/2013 10:00,0.266935956,1.448081178,0.51056,29.812
07/29/2013 11:00,0.197091761,1.542765191,0.4725,31.084
07/29/2013 12:00,0.188886608,0.884032069,0.44976,32.167
07/29/2013 13:00,0.202695302,1.628626666,0.40204,33.054
07/29/2013 14:00,0.279844079,1.886125391,0.37581,33.844
07/29/2013 15:00,0.391114612,2.313014278,0.3565,34.669
07/29/2013 16:00,0.564924588,1.536256217,0.293,34.615
07/29/2013 17:00,0.826890392,3.371870765,0.27044,34.295
07/29/2013 18:00,0.829892323,7.059766999,0.3724,29.357
07/29/2013 19:00,0.97508423,4.533388559,0.36938,26.301
07/29/2013 20:00,0.999599747,1.554440249,0.43409,24.593
07/29/2013 21:00,1,0.516199692,0.46773,22.997
07/29/2013 22:00,1,0.211943747,0.51388,22.516
07/29/2013 23:00,1,0.304759,0.55732,22.012
07/30/2013 0:00,0.999899937,0.001869688,0.6559,19.695
07/30/2013 1:00,0.999899937,0.4823795,0.6727,18.125
07/30/2013 2:00,1,1.462917802,0.54526,20.983
07/30/2013 3:00,1,1.891059281,0.6938,18.576
07/30/2013 4:00,1,0.024305938,0.83678,16.103
07/30/2013 5:00,0.99909943,0,0.93937,15.341
07/30/2013 6:00,0.964777709,0,0.93423,16.198
07/30/2013 7:00,0.821486968,0.87501375,0.87658,17.506
07/30/2013 8:00,0.789967079,0.05235125,0.81643,18.91
07/30/2013 9:00,0.576932226,0.918033635,0.68477,21.055
07/30/2013 10:00,0.77585808,0.209079224,0.61086,21.414
07/30/2013 11:00,0.371702291,0.646409049,0.50275,23.431
07/30/2013 12:00,0.4073248,2.306022112,0.44524,24.398
07/30/2013 13:00,0.307061403,2.277197946,0.38061,25.566
07/30/2013 14:00,0.338781495,0.656718146,0.40819,25.42
07/30/2013 15:00,0.508588954,1.390899213,0.33717,26.227
07/30/2013 16:00,0.533204496,1.543546729,0.34555,26.571
07/30/2013 17:00,0.622761231,1.244747114,0.32401,26.596
07/30/2013 18:00,0.788165937,1.33729723,0.33815,25.835
07/30/2013 19:00,0.951769468,0.931421442,0.38077,24.423
07/30/2013 20:00,0.999599747,0.29541075,0.49031,21.198
07/30/2013 21:00,1,0.24679875,0.60828,18.125
07/30/2013 22:00,0.999899937,0.826402,0.62745,17.364
07/30/2013 23:00,1,0.25801675,0.71455,15.412
07/31/2013 0:00,1,0.2243625,0.78396,13.932
07/31/2013 1:00,1,0.162662825,0.79001,13.645
07/31/2013 2:00,1,0.7273085,0.7951,13.31
07/31/2013 3:00,0.999899937,0.566518335,0.78953,13.166
07/31/2013 4:00,1,0.480742495,0.81271,12.445
07/31/2013 5:00,0.987091826,0.33280425,0.84538,12.493
07/31/2013 6:00,0.920049393,0.28232275,0.7672,14.601
07/31/2013 7:00,0.758146885,0,0.71222,17.673
07/31/2013 8:00,0.462759949,0.284935774,0.53132,22.612
07/31/2013 9:00,0.325873287,0.450563606,0.45697,25.274
07/31/2013 10:00,0.844901806,1.659528497,0.4762,24.641
07/31/2013 11:00,0.78296263,0.66224425,0.46162,24.835
07/31/2013 12:00,0.84440147,0.593304021,0.49015,24.52
07/31/2013 13:00,0.759547792,0.532861,0.41921,25.884
07/31/2013 14:00,0.695407154,0.484249,0.42891,26.35
07/31/2013 15:00,0.710416723,0.231456436,0.39966,26.694
07/31/2013 16:00,0.76064848,0.151352335,0.41915,26.129
07/31/2013 17:00,0.673193105,1.119094982,0.37433,27.931
07/31/2013 18:00,0.862212767,0.902857752,0.38957,27.188
07/31/2013 19:00,0.96197593,0.2785835,0.45403,24.714
07/31/2013 20:00,0.999599747,0,0.53353,22.396
07/31/2013 21:00,0.999799873,0.85070775,0.64591,19.266
07/31/2013 22:00,1,0.001869688,0.74504,16.65
07/31/2013 23:00,0.999899937,0,0.82538,14.816
08/01/2013 0:00,1,0.001869688,0.84335,14.315
08/01/2013 1:00,1,0.06730875,0.82014,14.434
08/01/2013 2:00,0.999899937,0.1346175,0.87606,13.118
08/01/2013 3:00,1,0.018696875,0.86701,13.358
08/01/2013 4:00,0.999899937,1.34430525,0.87019,13.454
08/01/2013 5:00,0.987492086,0,0.90337,12.71
08/01/2013 6:00,0.827790963,0.97971625,0.83413,15.174
08/01/2013 7:00,0.654281206,0.8226625,0.73746,18.91
08/01/2013 8:00,0.473266579,0.596477137,0.59868,23.383
08/01/2013 9:00,0.478670003,1.036248954,0.53456,24.253
08/01/2013 10:00,0.205797335,0.827942423,0.47676,25.86
08/01/2013 11:00,0.12684716,0.971584626,0.45534,26.891
08/01/2013 12:00,0.104433507,0.504635549,0.44035,27.188
08/01/2013 13:00,0.458757431,0.484736091,0.42121,27.683
08/01/2013 14:00,0.247023384,0.503626567,0.40596,28.255
08/01/2013 15:00,0.365398296,0.720836672,0.40611,28.705
08/01/2013 16:00,0.496781519,0.918869162,0.42509,28.805
08/01/2013 17:00,0.652680182,0.927432849,0.41702,28.38
08/01/2013 18:00,0.811680791,1.067912344,0.44195,27.435
08/01/2013 19:00,0.962476249,0.47864,0.50229,25.493
08/01/2013 20:00,0.99969981,0,0.59252,22.396
08/01/2013 21:00,1,0.001869688,0.69962,19.505
08/01/2013 22:00,1,0,0.76893,17.768
08/01/2013 23:00,0.999899937,0.28232275,0.80676,17.031
08/02/2013 0:00,0.999899937,0.05422095,0.82844,16.555
08/02/2013 1:00,1,0.64691175,0.81734,16.531
08/02/2013 2:00,0.99969981,0.4580735,0.86749,15.15
08/02/2013 3:00,1,0,0.89766,14.028
08/02/2013 4:00,0.999899937,0,0.90595,13.43
08/02/2013 5:00,0.988392657,0.64691175,0.88168,14.458
08/02/2013 6:00,0.824889133,0.69926325,0.84298,15.817
08/02/2013 7:00,0.65378087,0.065439075,0.71005,19.6
08/02/2013 8:00,0.491378009,0.233710925,0.57712,24.86
08/02/2013 9:00,0.354691549,0.556102457,0.4915,27.064
08/02/2013 10:00,0.248924542,1.522878462,0.44778,28.23
08/02/2013 11:00,0.170474874,1.513523168,0.39847,29.66
08/02/2013 12:00,0.152763679,1.171185682,0.35036,31.008
08/02/2013 13:00,0.17267625,1.303923004,0.33955,31.831
08/02/2013 14:00,0.248224174,1.048639731,0.33062,32.557
08/02/2013 15:00,0.358493949,1.264179808,0.29453,33.054
08/02/2013 16:00,0.497581988,1.34717711,0.29961,33.342
08/02/2013 17:00,0.660284982,1.142195505,0.33544,32.583
08/02/2013 18:00,0.818285005,0.851054887,0.35789,31.444
08/02/2013 19:00,0.961575678,0.360927242,0.45692,29.03
08/02/2013 20:00,0.999799873,0.001869688,0.54969,25.811
08/02/2013 21:00,1,0,0.65914,22.42
08/02/2013 22:00,1,0.29541075,0.71005,21.318
08/02/2013 23:00,1,0.020566563,0.7436,20.267
08/03/2013 0:00,0.999799873,0.05235125,0.83132,18.339
08/03/2013 1:00,1,0,0.80832,18.267
08/03/2013 2:00,0.999899937,0,0.89239,16.674
08/03/2013 3:00,0.999899937,0.573994,0.87086,17.269
08/03/2013 4:00,0.999899937,0.77779,0.8628,17.197
08/03/2013 5:00,0.988692841,0.129008425,0.84756,16.745
08/03/2013 6:00,0.840799187,0,0.85456,18.125
08/03/2013 7:00,0.67399366,0.198186875,0.70407,22.06
08/03/2013 8:00,0.512991706,0.228101875,0.58825,25.225
08/03/2013 9:00,0.373603534,1.026751141,0.5446,26.891
08/03/2013 10:00,0.277842906,1.222737092,0.48179,29.106
08/03/2013 11:00,0.192588907,1.243797639,0.43292,31.059
08/03/2013 12:00,0.174377376,1.537420825,0.38787,32.375
08/03/2013 13:00,0.19949334,2.047376902,0.34844,33.342
08/03/2013 14:00,0.25923114,2.655334177,0.28464,33.712
08/03/2013 15:00,0.386211524,1.666136049,0.26135,34.322
08/03/2013 16:00,0.526500266,1.498743279,0.24247,34.455
08/03/2013 17:00,0.669490806,1.31191463,0.24323,33.5
08/03/2013 18:00,0.834195059,0.85631675,0.27782,32.064
08/03/2013 19:00,0.962976568,0,0.37053,30.192
08/03/2013 20:00,0.999899937,0,0.45762,24.738
08/03/2013 21:00,0.999899937,0.274844,0.59332,21.725
08/03/2013 22:00,1,0.52538225,0.57998,21.845
08/03/2013 23:00,1,0.70487225,0.591,21.222
08/04/2013 0:00,0.999899937,0.77031125,0.64586,19.933
08/04/2013 1:00,1,0.77779,0.65783,19.433
08/04/2013 2:00,1,0.84883825,0.66459,19.052
08/04/2013 3:00,1,0.6487815,0.66599,18.838
08/04/2013 4:00,1,1.06946125,0.66523,18.743
08/04/2013 5:00,0.987692212,0.64130275,0.64938,19.028
08/04/2013 6:00,0.87632168,1.621052613,0.63944,20.219
08/04/2013 7:00,0.708315363,0.5833425,0.60341,23.262
08/04/2013 8:00,0.512691573,0.959370102,0.52824,25.615
08/04/2013 9:00,0.406023994,1.027139399,0.45888,29.03
08/04/2013 10:00,0.300657392,1.2713875,0.42513,30.624
08/04/2013 11:00,0.227110813,1.185874266,0.40332,32.038
08/04/2013 12:00,0.205697233,1.85397784,0.3902,32.349
08/04/2013 13:00,0.227010711,1.158012896,0.37647,32.792
08/04/2013 14:00,0.293652858,1.081560405,0.35341,33.185
08/04/2013 15:00,0.400220335,1.291975646,0.34616,33.474
08/04/2013 16:00,0.535606075,1.151395164,0.30886,33.659
08/04/2013 17:00,0.691004402,1.060350144,0.33595,33.159
08/04/2013 18:00,0.844201353,1.235864914,0.37084,31.882
08/04/2013 19:00,0.989993664,0.158923425,0.45025,28.93
08/04/2013 20:00,1,2.883745533,0.43018,27.757
08/04/2013 21:00,1,2.301177311,0.90212,18.576
08/04/2013 22:00,1,1.311972019,0.89052,18.695
08/04/2013 23:00,1,0.54033975,0.88836,18.695
08/05/2013 0:00,1,0.564722882,0.87573,18.529
08/05/2013 1:00,1,0.880624735,0.90526,17.554
08/05/2013 2:00,1,0.21501405,0.96055,16.27
08/05/2013 3:00,1,0.473031,0.96523,16.079
08/05/2013 4:00,1,0.76657175,0.98045,15.698
08/05/2013 5:00,0.98919316,0,0.98315,16.222
08/05/2013 6:00,0.848404073,0,0.95042,16.579
08/05/2013 7:00,0.70801523,0.4225495,0.8732,18.148
08/05/2013 8:00,0.52259785,0.320333667,0.84161,20.697
08/05/2013 9:00,0.37960731,0.232639033,0.75447,22.973
08/05/2013 10:00,0.276742218,0.018414286,0.67277,24.544
08/05/2013 11:00,0.202695302,0.833008207,0.58816,25.982
08/05/2013 12:00,0.189086726,0.450935906,0.54086,27.608
08/05/2013 13:00,0.216103847,0.586751451,0.47837,28.705
08/05/2013 14:00,0.283346432,0.075369524,0.49444,29.357
08/05/2013 15:00,0.397518623,0.895861245,0.50413,29.837
08/05/2013 16:00,0.528301408,0.27235899,0.4738,30.548
08/05/2013 17:00,0.681098124,0.150518553,0.45941,30.573
08/05/2013 18:00,0.837697241,0.020651373,0.48921,30.09
08/05/2013 19:00,0.969380622,0,0.66334,27.485
08/05/2013 20:00,0.999899937,0.001869688,0.78309,23.528
08/05/2013 21:00,1,0,0.86395,21.605
08/05/2013 22:00,1,0,0.87824,21.222
08/05/2013 23:00,1,0.49546725,0.87272,20.506
08/06/2013 0:00,1,0.130878125,0.91101,19.457
08/06/2013 1:00,0.999899937,0.7086115,0.92902,18.838
08/06/2013 2:00,1,0,0.92649,18.362
08/06/2013 3:00,1,0,0.96491,17.53
08/06/2013 4:00,1,0.73478725,0.93608,17.958
08/06/2013 5:00,0.989093093,0.041133125,0.95088,17.364
08/06/2013 6:00,0.863013322,0.7086115,0.92969,18.576
08/06/2013 7:00,0.715820147,0,0.80819,22.132
08/06/2013 8:00,0.566625714,0.225613275,0.73337,24.763
08/06/2013 9:00,0.419432539,0.114066249,0.61835,27.608
08/06/2013 10:00,0.31396575,1.000883755,0.5745,28.98
08/06/2013 11:00,0.232714354,0.629376904,0.52129,30.599
08/06/2013 12:00,0.197892316,0.817472742,0.43171,31.753
08/06/2013 13:00,0.216904316,1.271080941,0.40945,32.766
08/06/2013 14:00,0.284847269,2.006391619,0.34,33.844
08/06/2013 15:00,0.399720085,0.920093212,0.34992,33.844
08/06/2013 16:00,0.533304597,1.11821848,0.32731,33.474
08/06/2013 17:00,0.688903042,0.896680242,0.37587,32.87
08/06/2013 18:00,0.841099406,0.692423371,0.37526,31.573
08/06/2013 19:00,0.973183022,0,0.41887,29.458
08/06/2013 20:00,0.999899937,0,0.65933,24.981
08/06/2013 21:00,1,0,0.76765,22.18
08/06/2013 22:00,1,0,0.82081,20.912
08/06/2013 23:00,1,0,0.83952,20.386
08/07/2013 0:00,1,1.170425743,0.77454,20.768
08/07/2013 1:00,1,0.91053775,0.79052,20.363
08/07/2013 2:00,1,0.21688375,0.85637,19.028
08/07/2013 3:00,1,0.430032065,0.78423,20.076
08/07/2013 4:00,1,0.16118398,0.58579,23.021
08/07/2013 5:00,0.989493353,0.385523159,0.59921,21.964
08/07/2013 6:00,0.869917669,0.32719525,0.61758,21.988
08/07/2013 7:00,0.699409757,0.73665675,0.55772,23.769
08/07/2013 8:00,0.534705504,0.25053825,0.53712,26.301
08/07/2013 9:00,0.395817583,0.990962471,0.53721,26.817
08/07/2013 10:00,0.287348863,0.925155427,0.49161,28.155
08/07/2013 11:00,0.212301447,0.708355023,0.46233,29.181
08/07/2013 12:00,0.193489564,0.516697322,0.45589,30.65
08/07/2013 13:00,0.217104434,1.318600436,0.43453,31.315
08/07/2013 14:00,0.29045081,1.040818153,0.38354,32.427
08/07/2013 15:00,0.400520554,1.840084247,0.35602,33.421
08/07/2013 16:00,0.54070928,1.50942026,0.34695,33.211
08/07/2013 17:00,0.697308397,1.261811784,0.36922,33.001
08/07/2013 18:00,0.856309007,0.134630483,0.41032,31.702
08/07/2013 19:00,0.975284356,0.115980922,0.45215,29.989
08/07/2013 20:00,1,0,0.59222,26.596
08/07/2013 21:00,1,0,0.7032,23.672
08/07/2013 22:00,1,0,0.7665,22.468
08/07/2013 23:00,1,0.5422095,0.79258,21.342
08/08/2013 0:00,1,0,0.87683,19.457
08/08/2013 1:00,0.999899937,0.454334,0.86252,19.314
08/08/2013 2:00,1,0,0.9195,17.697
08/08/2013 3:00,1,0.005609063,0.89571,17.934
08/08/2013 4:00,0.999899937,0,0.95111,16.745
08/08/2013 5:00,0.990994301,0,0.95972,16.055
08/08/2013 6:00,0.840198835,0,0.95954,17.173
08/08/2013 7:00,0.713418568,0,0.83339,20.267
08/08/2013 8:00,0.50998986,0.41133125,0.64051,25.176
08/08/2013 9:00,0.314365985,0.913280746,0.57996,27.163
08/08/2013 10:00,0.359994872,0.729180647,0.5348,28.98
08/08/2013 11:00,0.345785944,0.500814505,0.42212,30.905
08/08/2013 12:00,0.142357322,0.961281366,0.37093,33.369
08/08/2013 13:00,0.215603511,1.255196806,0.24747,35.584
08/08/2013 14:00,0.283846682,2.029778997,0.23758,36.648
08/08/2013 15:00,0.408325472,0.998569012,0.25686,36.401
08/08/2013 16:00,0.53770735,1.23093767,0.23013,36.1
08/08/2013 17:00,0.696908162,0.947509302,0.23199,35.692
08/08/2013 18:00,0.854407849,0.26549575,0.29343,33.844
08/08/2013 19:00,0.978586446,0.125269075,0.35617,31.418
08/08/2013 20:00,1,0,0.52967,26.424
08/08/2013 21:00,0.999899937,0.44498575,0.61895,23.963
08/08/2013 22:00,0.999899937,1.041416,0.62591,23.359
08/08/2013 23:00,1,0,0.69207,22.132
08/09/2013 0:00,1,0.946062,0.66362,21.893
08/09/2013 1:00,0.999899937,0.151444675,0.73694,20.267
08/09/2013 2:00,1,0.40198275,0.73883,20.196
08/09/2013 3:00,0.999899937,0.97410725,0.76894,19.433
08/09/2013 4:00,1,0,0.84106,18.481
08/09/2013 5:00,0.990894234,0.823885387,0.67018,22.733
08/09/2013 6:00,0.888029099,0.951760991,0.64028,24.132
08/09/2013 7:00,0.834395176,0.585510663,0.61679,24.908
08/09/2013 8:00,0.821987304,1.500403084,0.61953,25.274
08/09/2013 9:00,0.370901736,2.396096993,0.54488,27.757
08/09/2013 10:00,0.308562326,2.456096065,0.50534,29.282
08/09/2013 11:00,0.229812439,2.681119496,0.48225,29.989
08/09/2013 12:00,0.205897351,2.58362499,0.46988,30.548
08/09/2013 13:00,0.253527497,1.87944617,0.39423,31.367
08/09/2013 14:00,0.294953749,1.604628792,0.40347,31.547
08/09/2013 15:00,0.413528779,2.228181925,0.43887,31.341
08/09/2013 16:00,0.888829654,2.287618179,0.45932,30.217
08/09/2013 17:00,0.900336956,1.165977634,0.5415,26.941
08/09/2013 18:00,0.943464214,1.316351762,0.50924,25.201
08/09/2013 19:00,1,5.252518368,0.50797,24.011
08/09/2013 20:00,1,0.001869688,0.91624,16.817
08/09/2013 21:00,1,0.438659802,0.92996,17.316
08/09/2013 22:00,1,1.402006213,0.97008,17.126
08/09/2013 23:00,1,1.331658589,0.95454,16.959
08/10/2013 0:00,1,2.552770806,0.90116,17.411
08/10/2013 1:00,1,1.461609057,0.83501,17.269
08/10/2013 2:00,1,0.84135925,0.85406,16.722
08/10/2013 3:00,1,0.041175586,0.84718,16.46
08/10/2013 4:00,0.999899937,1.092671993,0.81548,16.698
08/10/2013 5:00,0.99759848,1.529337007,0.78931,16.983
08/10/2013 6:00,0.962576308,0.946948158,0.74326,17.625
08/10/2013 7:00,0.830892995,0.341268012,0.7258,18.41
08/10/2013 8:00,0.796271073,1.073215177,0.70045,19.005
08/10/2013 9:00,0.75774665,2.276755941,0.60809,19.695
08/10/2013 10:00,0.325172833,2.849738644,0.50052,21.27
08/10/2013 11:00,0.520996826,1.694383509,0.49349,21.94
08/10/2013 12:00,0.423835291,2.194880297,0.4583,22.372
08/10/2013 13:00,0.643474357,2.583705872,0.50233,21.916
08/10/2013 14:00,0.664887851,2.368920522,0.48874,21.701
08/10/2013 15:00,0.384010063,4.371560691,0.43281,22.348
08/10/2013 16:00,0.519996154,2.736998079,0.3836,22.997
08/10/2013 17:00,0.670791612,2.457223158,0.4105,22.733
08/10/2013 18:00,0.846903065,1.430949884,0.45809,21.94
08/10/2013 19:00,0.974483853,1.817383376,0.52176,20.697
08/10/2013 20:00,0.999899937,0,0.63651,18.481
08/10/2013 21:00,1,0,0.81085,15.341
08/10/2013 22:00,1,0.7983565,0.81368,14.745
08/10/2013 23:00,1,0.60577875,0.80881,14.41
08/11/2013 0:00,1,0.018696875,0.86631,12.95
08/11/2013 1:00,1,0.158923425,0.8842,12.637
08/11/2013 2:00,0.999899937,0.033654375,0.92552,11.262
08/11/2013 3:00,0.999899937,0.837622087,0.89603,11.867
08/11/2013 4:00,1,0,0.93747,10.413
08/11/2013 5:00,0.993495883,0.71609025,0.95784,10.413
08/11/2013 6:00,0.854808084,0.66560875,0.91661,11.939
08/11/2013 7:00,0.682899266,0.951788537,0.83436,14.912
08/11/2013 8:00,0.514492714,0.039263425,0.66849,19.409
08/11/2013 9:00,0.369500915,0.179820796,0.526,22.853
08/11/2013 10:00,0.313365398,0.737605443,0.43138,24.495
08/11/2013 11:00,0.107934918,0.716705056,0.38843,25.444
08/11/2013 12:00,0.182182379,0.333538835,0.39423,25.933
08/11/2013 13:00,0.303859355,0.458454709,0.44311,25.079
08/11/2013 14:00,0.411827739,1.82417966,0.43054,25.762
08/11/2013 15:00,0.712517997,0.41694025,0.50665,24.447
08/11/2013 16:00,0.912144391,0.770456455,0.48517,24.132
08/11/2013 17:00,0.90574038,1.151795749,0.49199,23.721
08/11/2013 18:00,0.924952498,0.669246339,0.51348,23.624
08/11/2013 19:00,0.988692841,0,0.63341,21.653
08/11/2013 20:00,1,0,0.73306,20.363
08/11/2013 21:00,1,0,0.77603,19.552
08/11/2013 22:00,1,0,0.80471,19.195
08/11/2013 23:00,1,0,0.7976,19.028
08/12/2013 0:00,1,0,0.81357,18.624
08/12/2013 1:00,1,0.38515575,0.75495,18.886
08/12/2013 2:00,1,0.519773,0.76993,18.529
08/12/2013 3:00,1,0,0.82178,17.792
08/12/2013 4:00,1,0.237450325,0.84458,17.364
08/12/2013 5:00,0.998999366,0.233710925,0.84012,17.459
08/12/2013 6:00,0.974383786,0.47864,0.8383,17.506
08/12/2013 7:00,0.915246355,0.71796,0.79428,18.529
08/12/2013 8:00,0.769253952,0.28232275,0.73707,19.743
08/12/2013 9:00,0.847503502,0.041133125,0.668,20.816
08/12/2013 10:00,0.663687147,0.18400043,0.6484,21.246
08/12/2013 11:00,0.27824314,0.860107055,0.54708,23.335
08/12/2013 12:00,0.159367892,0.492647474,0.52428,24.811
08/12/2013 13:00,0.203695974,0.743094292,0.4907,25.689
08/12/2013 14:00,0.265935369,1.642784168,0.45815,26.793
08/12/2013 15:00,0.369600931,1.096595197,0.42548,27.385
08/12/2013 16:00,0.525299563,1.289048686,0.39468,26.99
08/12/2013 17:00,0.683899938,1.252507783,0.40193,26.645
08/12/2013 18:00,0.849604777,0.852068945,0.42372,25.811
08/12/2013 19:00,0.983889803,0.282421789,0.4978,23.528
08/12/2013 20:00,0.999899937,0,0.72757,19.624
08/12/2013 21:00,0.99969981,0,0.77922,17.673
08/12/2013 22:00,1,0.0448725,0.82411,16.841
08/12/2013 23:00,0.999899937,1.11433375,0.80328,16.841
08/13/2013 0:00,1,0,0.82515,16.936
08/13/2013 1:00,1,0,0.88034,15.46
08/13/2013 2:00,1,0,0.90643,14.363
08/13/2013 3:00,0.99969981,1.12929125,0.90417,14.41
08/13/2013 4:00,0.999899937,0.5983,0.88069,14.936
08/13/2013 5:00,0.996297657,0,0.91115,14.458
08/13/2013 6:00,0.873920186,0,0.92217,15.174
08/13/2013 7:00,0.932957567,0.47490075,0.8387,17.197
08/13/2013 8:00,0.952469912,0.091614675,0.91127,17.173
08/13/2013 9:00,0.661886006,0.243059375,0.91178,18.029
08/13/2013 10:00,0.316467345,0.228293361,0.7334,21.438
08/13/2013 11:00,0.513492042,0.753484,0.66516,22.949
08/13/2013 12:00,0.248424206,1.179920893,0.60994,24.471
08/13/2013 13:00,0.872319162,1.698444327,0.51579,24.398
08/13/2013 14:00,0.92014946,0.357496767,0.76726,20.291
08/13/2013 15:00,0.956172263,0.731203119,0.86789,18.91
08/13/2013 16:00,0.928554781,0.214289353,0.90915,17.506
08/13/2013 17:00,0.96427739,1.274047709,0.92843,17.34
08/13/2013 18:00,0.943364155,0.865697555,0.92822,16.841
08/13/2013 19:00,0.99489677,0,0.93007,16.841
08/13/2013 20:00,1,0.815320963,0.92471,16.603
08/13/2013 21:00,1,0.454334,0.93783,16.27
08/13/2013 22:00,1,0.093484375,0.94318,16.008
08/13/2013 23:00,1,0.603920577,0.93635,15.794
08/14/2013 0:00,1,0.693654,0.95868,15.365
08/14/2013 1:00,1,0.26549575,0.9671,15.031
08/14/2013 2:00,1,0.001869688,0.96672,14.697
08/14/2013 3:00,1,0.57586375,0.96814,14.554
08/14/2013 4:00,1,0.584312493,0.95579,14.267
08/14/2013 5:00,0.99969981,0.413239069,0.95762,13.885
08/14/2013 6:00,0.986191263,0.41507075,0.96802,13.741
08/14/2013 7:00,0.953770735,0.7871385,0.97109,14.028
08/14/2013 8:00,0.854908185,0.53286428,0.96183,14.601
08/14/2013 9:00,0.745638996,1.095391175,0.93828,15.627
08/14/2013 10:00,0.517394543,1.146965923,0.86225,17.078
08/14/2013 11:00,0.674594012,1.675039664,0.82933,17.197
08/14/2013 12:00,0.622060777,0.52354595,0.74166,18.41
08/14/2013 13:00,0.820086147,0.031784675,0.71379,18.957
08/14/2013 14:00,0.77325647,0.616421487,0.78746,18.505
08/14/2013 15:00,0.90453959,0.850140511,0.83086,18.006
08/14/2013 16:00,0.924252053,0.449849337,0.84447,17.554
08/14/2013 17:00,0.934858767,0.170541739,0.847,17.459
08/14/2013 18:00,0.948867638,0.083719432,0.86483,17.364
08/14/2013 19:00,0.993595946,0.565091203,0.87012,16.841
08/14/2013 20:00,1,0.489861568,0.89423,15.889
08/14/2013 21:00,0.999899937,0.102832825,0.91241,15.389
08/14/2013 22:00,1,0,0.94614,14.434
08/14/2013 23:00,1,0.099093425,0.95379,14.291
08/15/2013 0:00,1,0.12713875,0.96139,14.339
08/15/2013 1:00,1,0.603909,0.96174,13.597
08/15/2013 2:00,1,0.639435983,0.96666,12.854
08/15/2013 3:00,0.99969981,1.06572364,0.89384,13.334
08/15/2013 4:00,1,0.929236631,0.91575,12.011
08/15/2013 5:00,0.99609753,1.0862885,0.89842,11.77
08/15/2013 6:00,0.877722586,0.826404115,0.85103,12.493
08/15/2013 7:00,0.699109538,0.723569,0.73551,14.721
08/15/2013 8:00,0.528601627,1.516348873,0.52774,17.839
08/15/2013 9:00,0.37580491,1.028343547,0.45614,19.814
08/15/2013 10:00,0.269237433,0.685206751,0.39173,20.434
08/15/2013 11:00,0.154865039,0.473784063,0.39577,21.174
08/15/2013 12:00,0.180581355,0.983427188,0.41301,21.174
08/15/2013 13:00,0.439445212,0.921530344,0.42473,21.509
08/15/2013 14:00,0.128748146,0.658950131,0.40264,22.709
08/15/2013 15:00,0.792568689,0.423479183,0.42009,21.414
08/15/2013 16:00,0.48557435,0.39203304,0.42675,21.581
08/15/2013 17:00,0.856108889,0.95541025,0.4381,21.342
08/15/2013 18:00,0.862312868,0.910908156,0.45832,20.553
08/15/2013 19:00,0.988292589,0.047667877,0.57869,18.006
08/15/2013 20:00,1,0.001869688,0.7419,14.649
08/15/2013 21:00,0.999899937,0.4935975,0.81203,12.878
08/15/2013 22:00,0.999799873,0.190708125,0.8602,11.722
08/15/2013 23:00,0.999899937,0.76096275,0.8346,11.674
08/16/2013 0:00,0.999899937,0.86566525,0.84654,11.141
08/16/2013 1:00,0.999899937,0.75909325,0.86731,10.461
08/16/2013 2:00,0.999899937,0.903059,0.85019,10.413
08/16/2013 3:00,1,1.022719,0.87267,9.73
08/16/2013 4:00,0.999899937,0.7216995,0.88192,9.215
08/16/2013 5:00,0.9969981,0.882494481,0.8887,8.896
08/16/2013 6:00,0.875421109,0.63569375,0.859,9.754
08/16/2013 7:00,0.698208968,0.35524075,0.80794,12.517
08/16/2013 8:00,0.519996154,0.52164275,0.64683,17.031
08/16/2013 9:00,0.372102526,1.331852832,0.50921,19.076
08/16/2013 10:00,0.266235502,0.692847321,0.41601,20.959
08/16/2013 11:00,0.1873856,0.655439598,0.41992,22.132
08/16/2013 12:00,0.166472442,0.420184959,0.38794,23.07
08/16/2013 13:00,0.191588321,0.967763333,0.35072,23.89
08/16/2013 14:00,0.263233657,0.231871404,0.34157,24.084
08/16/2013 15:00,0.381308436,0.942237196,0.34311,24.665
08/16/2013 16:00,0.527901173,0.507302535,0.34534,24.908
08/16/2013 17:00,0.68450029,0.6618695,0.38872,24.132
08/16/2013 18:00,0.854708068,0,0.39525,24.084
08/16/2013 19:00,0.989293227,0,0.55755,20.482
08/16/2013 20:00,0.999799873,0,0.70982,16.103
08/16/2013 21:00,0.999899937,0,0.79799,14.267
08/16/2013 22:00,0.999899937,0.532861,0.80917,14.076
08/16/2013 23:00,1,1.005892,0.82948,13.238
08/17/2013 0:00,0.999899937,0.47116125,0.85486,12.637
08/17/2013 1:00,1,0.91614675,0.87014,11.867
08/17/2013 2:00,0.999799873,0.213144375,0.9235,10.777
08/17/2013 3:00,1,0,0.91577,9.974
08/17/2013 4:00,1,0.67121775,0.90847,10.364
08/17/2013 5:00,0.996197593,0,0.95405,8.994
08/17/2013 6:00,0.880324283,0.747875,0.8971,11.238
08/17/2013 7:00,0.688502807,0,0.79775,14.41
08/17/2013 8:00,0.53100312,0.46181275,0.65525,18.291
08/17/2013 9:00,0.386811876,0.444851992,0.53099,22.372
08/17/2013 10:00,0.280144298,1.344558787,0.46769,23.745
08/17/2013 11:00,0.202595286,0.749219966,0.43152,24.908
08/17/2013 12:00,0.18568456,0.757613519,0.45045,25.786
08/17/2013 13:00,0.214202604,0.926507094,0.40243,26.498
08/17/2013 14:00,0.287949301,0.977490732,0.40292,26.645
08/17/2013 15:00,0.411727637,1.066610489,0.4214,27.262
08/17/2013 16:00,0.55832046,0.834412891,0.38463,27.559
08/17/2013 17:00,0.715319811,0.509039418,0.42602,26.694
08/17/2013 18:00,0.87382017,0.450342481,0.44572,25.64
08/17/2013 19:00,0.991194427,0,0.57274,23.19
08/17/2013 20:00,1,0,0.74601,18.862
08/17/2013 21:00,1,0.009348438,0.78686,17.554
08/17/2013 22:00,1,0.998413,0.78945,17.578
08/17/2013 23:00,1,0.81518375,0.81195,16.603
08/18/2013 0:00,1,0.39263425,0.8302,15.865
08/18/2013 1:00,1,0.98906475,0.86398,15.15
08/18/2013 2:00,1,0.7329175,0.8826,14.506
08/18/2013 3:00,0.999899937,0.2262322,0.87129,13.693
08/18/2013 4:00,1,0.114050925,0.93372,12.541
08/18/2013 5:00,0.9969981,0,0.9542,11.915
08/18/2013 6:00,0.892131718,0.3197165,0.96136,13.07
08/18/2013 7:00,0.713618685,0.65065125,0.78619,17.102
08/18/2013 8:00,0.547313494,0.129008425,0.65529,22.108
08/18/2013 9:00,0.401721344,1.1966,0.62009,23.914
08/18/2013 10:00,0.305460379,1.338688475,0.49836,25.664
08/18/2013 11:00,0.22520957,1.386402093,0.4178,26.99
08/18/2013 12:00,0.205597132,1.202009865,0.41411,27.832
08/18/2013 13:00,0.235015832,1.168711817,0.39189,28.78
08/18/2013 14:00,0.294853648,1.177233652,0.37026,29.231
08/18/2013 15:00,0.410426832,1.288324647,0.32821,29.433
08/18/2013 16:00,0.543511094,1.115570696,0.29667,29.711
08/18/2013 17:00,0.704212744,0.925306575,0.37616,28.755
08/18/2013 18:00,0.871018357,0.302016812,0.42691,27.485
08/18/2013 19:00,0.994096263,0,0.56834,23.576
08/18/2013 20:00,1,0,0.73489,19.219
08/18/2013 21:00,0.999799873,1.06385225,0.7486,18.576
08/18/2013 22:00,0.999899937,1.0862885,0.77183,17.934
08/18/2013 23:00,1,1.0133705,0.77918,17.387
08/19/2013 0:00,1,0,0.86235,15.722
08/19/2013 1:00,1,0.651427137,0.8315,16.198
08/19/2013 2:00,1,0.11966,0.8751,14.84
08/19/2013 3:00,0.999899937,0.508555,0.8913,14.792
08/19/2013 4:00,0.999899937,0.9535405,0.89804,14.506
08/19/2013 5:00,0.99639772,0.5235125,0.89574,14.649
08/19/2013 6:00,0.936659909,0.32532575,0.87942,15.412
08/19/2013 7:00,0.758747322,0.003739375,0.84003,18.029
08/19/2013 8:00,0.607851763,0.69926325,0.68775,21.39
08/19/2013 9:00,0.458957549,0.38332704,0.65053,23.552
08/19/2013 10:00,0.325372951,1.113115818,0.59351,25.42
08/19/2013 11:00,0.293152608,1.604703951,0.49543,26.867
08/19/2013 12:00,0.273039834,0.548784457,0.45611,28.081
08/19/2013 13:00,0.514992964,0.673879097,0.43171,28.529
08/19/2013 14:00,0.260732062,1.494334087,0.43223,29.282
08/19/2013 15:00,0.407525002,1.759082768,0.40625,29.761
08/19/2013 16:00,0.566125378,0.454083814,0.41904,29.307
08/19/2013 17:00,0.746239348,0.698297674,0.44148,28.73
08/19/2013 18:00,0.941863198,0.109020579,0.505,27.311
08/19/2013 19:00,0.994696643,0,0.65789,23.793
08/19/2013 20:00,1,0,0.71707,21.151
08/19/2013 21:00,1,1.147490034,0.60096,22.685
08/19/2013 22:00,0.999899937,1.699392813,0.57823,21.509
08/19/2013 23:00,1,0.963193972,0.69876,19.671
08/20/2013 0:00,1,1.382553809,0.77389,17.697
08/20/2013 1:00,1,1.087258247,0.77929,17.031
08/20/2013 2:00,1,0.205665625,0.88034,15.913
08/20/2013 3:00,1,0.502946,0.9036,15.794
08/20/2013 4:00,1,0,0.91644,15.412
08/20/2013 5:00,0.999499683,1.112503278,0.87898,15.341
08/20/2013 6:00,0.965578213,0.915517006,0.8595,15.317
08/20/2013 7:00,0.913745415,0.467829236,0.77632,16.555
08/20/2013 8:00,0.881825205,0.871196272,0.66127,18.006
08/20/2013 9:00,0.78966686,1.318394811,0.59432,18.862
08/20/2013 10:00,0.734932249,1.782160428,0.59117,18.6
08/20/2013 11:00,0.767953147,0.725065058,0.67001,18.101
08/20/2013 12:00,0.686801767,1.599397099,0.61625,19.314
08/20/2013 13:00,0.492578798,2.497097604,0.53704,20.243
08/20/2013 14:00,0.670091158,2.824692214,0.51151,20.076
08/20/2013 15:00,0.823188093,2.031537429,0.53731,19.124
08/20/2013 16:00,0.833194387,2.224580025,0.51726,19.243
08/20/2013 17:00,0.86081186,3.108028028,0.51289,18.791
08/20/2013 18:00,0.935559212,1.396481465,0.54179,17.934
08/20/2013 19:00,0.99579734,0.683487891,0.58325,17.221
08/20/2013 20:00,0.999899937,1.186608075,0.62154,16.864
08/20/2013 21:00,1,1.488352395,0.63849,16.841
08/20/2013 22:00,1,1.722672236,0.63331,16.769
08/20/2013 23:00,1,2.020536256,0.63103,16.65
08/21/2013 0:00,1,1.611714951,0.64286,16.27
08/21/2013 1:00,1,1.188399195,0.62403,16.389
08/21/2013 2:00,1,1.205675942,0.61339,16.46
08/21/2013 3:00,1,0.567554126,0.59909,16.341
08/21/2013 4:00,1,0.845365449,0.63515,15.746
08/21/2013 5:00,0.999499683,1.004667935,0.63722,15.746
08/21/2013 6:00,0.940862569,0.810733222,0.64922,15.674
08/21/2013 7:00,0.793369244,1.141166598,0.62088,16.65
08/21/2013 8:00,0.776858752,1.833409532,0.60621,17.031
08/21/2013 9:00,0.539908811,2.065448783,0.58666,18.243
08/21/2013 10:00,0.216103847,2.419171176,0.53695,19.957
08/21/2013 11:00,0.171075312,2.842343503,0.51328,20.458
08/21/2013 12:00,0.194690267,2.726021349,0.48903,21.438
08/21/2013 13:00,0.22480925,2.483087124,0.483,22.18
08/21/2013 14:00,0.300457189,2.713944943,0.44993,22.637
08/21/2013 15:00,0.420933462,2.200491863,0.42046,22.612
08/21/2013 16:00,0.562723212,1.873665577,0.44275,22.564
08/21/2013 17:00,0.729428724,2.881597565,0.46517,21.701
08/21/2013 18:00,0.893332507,2.140229574,0.49203,20.577
08/21/2013 19:00,0.995997466,1.156337733,0.54553,19.028
08/21/2013 20:00,0.999899937,0.0448725,0.61221,17.387
08/21/2013 21:00,1,0,0.77074,14.148
08/21/2013 22:00,1,0.177620325,0.77272,13.358
08/21/2013 23:00,1,0,0.82649,12.517
08/22/2013 0:00,1,0.001869688,0.83008,13.382
08/22/2013 1:00,1,0,0.84115,12.06
08/22/2013 2:00,1,0.78366892,0.83019,12.71
08/22/2013 3:00,1,0,0.85197,11.746
08/22/2013 4:00,0.999799873,0.80022625,0.88418,11.432
08/22/2013 5:00,0.99849905,1.155480364,0.8618,11.722
08/22/2013 6:00,0.973283089,0.818923,0.8448,12.011
08/22/2013 7:00,0.734031679,0.033654375,0.76364,14.649
08/22/2013 8:00,0.548214065,0.589248201,0.61124,17.72
08/22/2013 9:00,0.391614863,1.901740518,0.50937,19.886
08/22/2013 10:00,0.277142452,2.30072239,0.42671,20.697
08/22/2013 11:00,0.216904316,1.248011841,0.45518,21.653
08/22/2013 12:00,0.191688336,1.346394411,0.40812,22.348
08/22/2013 13:00,0.221807405,0.963119654,0.41478,23.07
08/22/2013 14:00,0.304359605,0.971044783,0.43151,23.479
08/22/2013 15:00,0.397318506,0.230389203,0.41256,24.011
08/22/2013 16:00,0.504786553,1.263941815,0.41318,23.987
08/22/2013 17:00,0.738534532,1.293176494,0.42937,23.311
08/22/2013 18:00,0.8919316,1.272852098,0.46121,22.132
08/22/2013 19:00,0.99489677,0.70674175,0.567,19.171
08/22/2013 20:00,1,0,0.66619,15.96
08/22/2013 21:00,1,0.005609063,0.71718,14.84
08/22/2013 22:00,1,1.13490025,0.73081,14.792
08/22/2013 23:00,1,1.415354735,0.75529,14.004
08/23/2013 0:00,1,0.9965435,0.74855,13.741
08/23/2013 1:00,1,0.89931975,0.76521,13.238
08/23/2013 2:00,1,1.170461583,0.78667,12.734
08/23/2013 3:00,1,1.13490025,0.78978,12.637
08/23/2013 4:00,1,0.873144,0.84035,11.48
08/23/2013 5:00,0.998999366,0.0149575,0.89538,10.12
08/23/2013 6:00,0.91294486,0.79648675,0.88329,10.85
08/23/2013 7:00,0.741536377,0.58708175,0.79572,13.597
08/23/2013 8:00,0.572329271,0.114050925,0.65138,17.601
08/23/2013 9:00,0.429138614,0.573579719,0.59458,19.409
08/23/2013 10:00,0.314666203,0.841635689,0.54318,21.055
08/23/2013 11:00,0.248824526,1.149432157,0.49444,22.42
08/23/2013 12:00,0.25252691,1.060987822,0.47084,23.697
08/23/2013 13:00,0.267536308,1.115062939,0.44211,24.495
08/23/2013 14:00,0.359694653,1.240206247,0.44034,24.933
08/23/2013 15:00,0.57433053,0.568928978,0.47503,24.738
08/23/2013 16:00,0.741736495,0.572872422,0.47491,24.641
08/23/2013 17:00,0.752643445,0.462402802,0.49057,24.35
08/23/2013 18:00,0.906040513,0,0.52526,23.455
08/23/2013 19:00,0.99609753,0,0.63827,21.127
08/23/2013 20:00,1,0,0.67569,19.957
08/23/2013 21:00,1,0,0.72581,18.267
08/23/2013 22:00,1,0,0.80893,16.365
08/23/2013 23:00,0.999899937,0.162662825,0.79444,16.365
08/24/2013 0:00,1,0.51042475,0.7789,16.579
08/24/2013 1:00,0.999899937,0.777792247,0.79406,16.317
08/24/2013 2:00,1,0.8170535,0.73325,17.055
08/24/2013 3:00,1,1.306977031,0.71726,17.578
08/24/2013 4:00,1,0.012542245,0.6725,18.339
08/24/2013 5:00,0.999899937,0,0.73554,17.055
08/24/2013 6:00,0.993896136,0,0.86822,16.032
08/24/2013 7:00,0.981188091,0.001869688,0.95562,14.792
08/24/2013 8:00,0.942863836,0.0430028,0.97333,15.055
08/24/2013 9:00,0.924252053,0.093559133,0.94211,15.794
08/24/2013 10:00,0.851405918,0.03328884,0.91505,16.341
08/24/2013 11:00,0.908542108,0.568145025,0.92006,16.436
08/24/2013 12:00,0.853006943,0.958945505,0.95283,16.103
08/24/2013 13:00,0.834895513,0.05422095,0.95517,16.103
08/24/2013 14:00,0.858110148,0.60016975,0.93504,16.412
08/24/2013 15:00,0.74343762,0.108441875,0.91032,17.221
08/24/2013 16:00,0.802374951,0.28681883,0.87837,17.578
08/24/2013 17:00,0.899036065,0,0.87115,17.506
08/24/2013 18:00,0.926853698,0.4524645,0.87293,17.34
08/24/2013 19:00,0.998298923,0,0.93482,16.841
08/24/2013 20:00,1,0,0.95854,15.508
08/24/2013 21:00,0.999899937,0.63008475,0.98101,14.769
08/24/2013 22:00,1,0,0.98522,13.693
08/24/2013 23:00,1,0,0.97778,12.637
08/25/2013 0:00,1,0,0.9874,11.818
08/25/2013 1:00,1,0,0.98852,11.044
08/25/2013 2:00,1,0,0.99758,10.802
08/25/2013 3:00,1,0.6543905,1,10.656
08/25/2013 4:00,0.999899937,0.65065125,1,10.364
08/25/2013 5:00,0.99789867,0.35711025,1,10.072
08/25/2013 6:00,0.943864466,0,1,11.02
08/25/2013 7:00,0.921550341,0.28045325,0.9967,12.277
08/25/2013 8:00,0.948667512,0.181359675,0.97088,13.286
08/25/2013 9:00,0.730529412,0,0.98385,14.219
08/25/2013 10:00,0.920749837,0,0.94694,15.341
08/25/2013 11:00,0.844601673,1.464652891,0.92894,15.77
08/25/2013 12:00,0.934658641,0.67495725,0.9168,15.555
08/25/2013 13:00,0.925853069,0.403856828,0.95302,15.579
08/25/2013 14:00,0.890630795,0.065439075,0.94764,15.913
08/25/2013 15:00,0.960875233,0.26175625,0.96435,15.651
08/25/2013 16:00,0.915746674,0.551430978,0.97299,15.984
08/25/2013 17:00,0.894132976,0.675958508,0.94992,16.389
08/25/2013 18:00,0.947967068,0.065439075,0.94158,16.198
08/25/2013 19:00,0.99849905,0.03739375,0.97294,15.484
08/25/2013 20:00,1,0.364589,0.98665,15.341
08/25/2013 21:00,1,0.05422095,0.97852,15.174
08/25/2013 22:00,1,0.3197165,0.95576,15.436
08/25/2013 23:00,1,0.2841925,0.95936,14.936
08/26/2013 0:00,1,0,0.97487,14.673
08/26/2013 1:00,1,0,0.9732,14.625
08/26/2013 2:00,1,0.058560332,0.95224,14.291
08/26/2013 3:00,1,0.22997915,0.95867,13.31
08/26/2013 4:00,1,0.27297425,0.98575,12.686
08/26/2013 5:00,0.999499683,1.11247814,0.9725,12.469
08/26/2013 6:00,0.962075997,0.906891015,0.98436,12.18
08/26/2013 7:00,0.939761872,0.88062275,0.96724,12.974
08/26/2013 8:00,0.892031702,0,0.95626,14.052
08/26/2013 9:00,0.922651038,0.001869688,0.95462,14.41
08/26/2013 10:00,0.787465484,0.371258983,0.91843,15.365
08/26/2013 11:00,0.562022759,0.23833932,0.85008,16.888
08/26/2013 12:00,0.245622563,1.181851108,0.77383,18.767
08/26/2013 13:00,0.70351229,1.11742261,0.77247,18.933
08/26/2013 14:00,0.612854953,0.636147388,0.70633,19.647
08/26/2013 15:00,0.752043007,1.6025361,0.75103,19.076
08/26/2013 16:00,0.823688429,1.897729066,0.7519,18.791
08/26/2013 17:00,0.889029771,0.878880289,0.82931,17.934
08/26/2013 18:00,0.962075997,0.02243625,0.84153,17.839
08/26/2013 19:00,0.998699177,0.748904955,0.85598,17.078
08/26/2013 20:00,1,0.001869688,0.89129,16.222
08/26/2013 21:00,1,0,0.92032,15.698
08/26/2013 22:00,1,0.4524645,0.91427,15.603
08/26/2013 23:00,1,0.31597725,0.95832,15.031
08/27/2013 0:00,1,0,0.97109,14.792
08/27/2013 1:00,1,0,0.97998,14.578
08/27/2013 2:00,1,0,0.98769,14.506
08/27/2013 3:00,1,0,0.99276,14.41
08/27/2013 4:00,1,0.486927077,0.9916,14.171
08/27/2013 5:00,1,0.293541,0.99412,14.076
08/27/2013 6:00,0.99729829,0,0.99726,13.932
08/27/2013 7:00,0.984490181,0,0.99892,14.076
08/27/2013 8:00,0.935359086,0,0.99854,14.578
08/27/2013 9:00,0.861512314,0.00747875,0.96985,15.293
08/27/2013 10:00,0.755345157,1.365122976,0.95154,16.008
08/27/2013 11:00,0.813081698,1.338249582,0.94361,16.174
08/27/2013 12:00,0.607251411,1.112055547,0.91311,16.841
08/27/2013 13:00,0.588139309,1.29744184,0.88114,17.601
08/27/2013 14:00,0.402121578,0.27707356,0.80223,18.957
08/27/2013 15:00,0.612254516,0.339733137,0.77412,19.457
08/27/2013 16:00,0.695207122,0.772181,0.76275,19.767
08/27/2013 17:00,0.901037323,0.033654375,0.76447,19.624
08/27/2013 18:00,0.932757441,0,0.84798,19.219
08/27/2013 19:00,0.99879924,0.663739,0.89869,17.72
08/27/2013 20:00,1,0.009348438,0.93117,16.65
08/27/2013 21:00,1,0,0.95929,15.794
08/27/2013 22:00,0.999899937,0.26549575,0.97267,15.77
08/27/2013 23:00,1,0.7441355,0.96606,15.222
08/28/2013 0:00,0.999899937,0.83763878,0.95455,15.865
08/28/2013 1:00,1,1.077462389,0.90014,15.579
08/28/2013 2:00,1,0.992804,0.97851,14.506
08/28/2013 3:00,1,0.001869688,0.98672,14.339
08/28/2013 4:00,1,0.64504225,0.99149,14.41
08/28/2013 5:00,0.999799873,0.38702525,0.9903,14.53
08/28/2013 6:00,0.984089929,0,0.99107,14.625
08/28/2013 7:00,0.925953127,0.428121695,0.98262,15.079
08/28/2013 8:00,0.91454591,0.69456305,0.95348,15.555
08/28/2013 9:00,0.841099406,1.204615791,0.91139,16.365
08/28/2013 10:00,0.85700946,1.499280709,0.92072,15.96
08/28/2013 11:00,0.672392636,1.514461878,0.89474,16.65
08/28/2013 12:00,0.886528176,0.786745468,0.88143,16.365
08/28/2013 13:00,0.694606685,1.741221332,0.87334,17.055
08/28/2013 14:00,0.637970831,1.815932618,0.82273,17.72
08/28/2013 15:00,0.944264717,1.718424889,0.80857,16.841
08/28/2013 16:00,0.926953765,0.796488944,0.86048,16.317
08/28/2013 17:00,0.968680177,1.247452863,0.83777,16.055
08/28/2013 18:00,0.97228246,0.158350505,0.8332,16.222
08/28/2013 19:00,0.999499683,0.214688657,0.82431,15.936
08/28/2013 20:00,1,1.047191923,0.84908,15.508
08/28/2013 21:00,1,0.256208656,0.81126,15.532
08/28/2013 22:00,1,1.002705106,0.80063,15.746
08/28/2013 23:00,1,1.4829369,0.7846,15.817
08/29/2013 0:00,0.999899937,1.49968648,0.78503,15.889
08/29/2013 1:00,1,1.262793573,0.82305,15.126
08/29/2013 2:00,1,0.987494175,0.79631,15.031
08/29/2013 3:00,1,0.940519808,0.83056,14.076
08/29/2013 4:00,0.999899937,0.148743,0.84995,13.885
08/29/2013 5:00,0.999799873,0.349636499,0.81739,14.434
08/29/2013 6:00,0.953970869,0.693654,0.79521,15.293
08/29/2013 7:00,0.918348318,0.166496678,0.76145,16.055
08/29/2013 8:00,0.882125424,0.34762124,0.72787,16.508
08/29/2013 9:00,0.732030334,0.681125954,0.66929,17.863
08/29/2013 10:00,0.312564929,1.153901776,0.57944,19.886
08/29/2013 11:00,0.439445212,2.066195075,0.55112,20.315
08/29/2013 12:00,0.378306505,1.545780441,0.52049,20.912
08/29/2013 13:00,0.265334932,1.931780767,0.45547,21.366
08/29/2013 14:00,0.498082324,2.241520569,0.44452,21.605
08/29/2013 15:00,0.400020218,1.271663845,0.40816,22.084
08/29/2013 16:00,0.574830866,1.041133985,0.41645,22.228
08/29/2013 17:00,0.806177351,1.654373427,0.48036,20.363
08/29/2013 18:00,0.958974033,0.839014746,0.49636,18.6
08/29/2013 19:00,0.999499683,0.518766684,0.52394,17.554
08/29/2013 20:00,1,0.34028325,0.60849,16.579
08/29/2013 21:00,0.999899937,0,0.72605,14.84
08/29/2013 22:00,1,0,0.7049,14.578
08/29/2013 23:00,1,0,0.77335,13.262
08/30/2013 0:00,0.999799873,1.09937625,0.85586,11.238